"gs_name","gene_symbol","category"
"H_Apoptosis","ADD1","Cell_Cycle_and_Apoptosis"
"H_Apoptosis","AIFM3","Cell_Cycle_and_Apoptosis"
"H_Apoptosis","ANKH","Cell_Cycle_and_Apoptosis"
"H_Apoptosis","ANXA1","Cell_Cycle_and_Apoptosis"
"H_Apoptosis","APP","Cell_Cycle_and_Apoptosis"
"H_Apoptosis","ATF3","Cell_Cycle_and_Apoptosis"
"H_Apoptosis","AVPR1A","Cell_Cycle_and_Apoptosis"
"H_Apoptosis","BAX","Cell_Cycle_and_Apoptosis"
"H_Apoptosis","BCAP31","Cell_Cycle_and_Apoptosis"
"H_Apoptosis","BCL10","Cell_Cycle_and_Apoptosis"
"H_Apoptosis","BCL2L1","Cell_Cycle_and_Apoptosis"
"H_Apoptosis","BCL2L10","Cell_Cycle_and_Apoptosis"
"H_Apoptosis","BCL2L11","Cell_Cycle_and_Apoptosis"
"H_Apoptosis","BCL2L2","Cell_Cycle_and_Apoptosis"
"H_Apoptosis","BGN","Cell_Cycle_and_Apoptosis"
"H_Apoptosis","BID","Cell_Cycle_and_Apoptosis"
"H_Apoptosis","BIK","Cell_Cycle_and_Apoptosis"
"H_Apoptosis","BIRC3","Cell_Cycle_and_Apoptosis"
"H_Apoptosis","BMF","Cell_Cycle_and_Apoptosis"
"H_Apoptosis","BMP2","Cell_Cycle_and_Apoptosis"
"H_Apoptosis","BNIP3L","Cell_Cycle_and_Apoptosis"
"H_Apoptosis","BRCA1","Cell_Cycle_and_Apoptosis"
"H_Apoptosis","BTG2","Cell_Cycle_and_Apoptosis"
"H_Apoptosis","BTG3","Cell_Cycle_and_Apoptosis"
"H_Apoptosis","CASP1","Cell_Cycle_and_Apoptosis"
"H_Apoptosis","CASP2","Cell_Cycle_and_Apoptosis"
"H_Apoptosis","CASP3","Cell_Cycle_and_Apoptosis"
"H_Apoptosis","CASP4","Cell_Cycle_and_Apoptosis"
"H_Apoptosis","CASP6","Cell_Cycle_and_Apoptosis"
"H_Apoptosis","CASP7","Cell_Cycle_and_Apoptosis"
"H_Apoptosis","CASP8","Cell_Cycle_and_Apoptosis"
"H_Apoptosis","CASP9","Cell_Cycle_and_Apoptosis"
"H_Apoptosis","CAV1","Cell_Cycle_and_Apoptosis"
"H_Apoptosis","CCNA1","Cell_Cycle_and_Apoptosis"
"H_Apoptosis","CCND1","Cell_Cycle_and_Apoptosis"
"H_Apoptosis","CCND2","Cell_Cycle_and_Apoptosis"
"H_Apoptosis","CD14","Cell_Cycle_and_Apoptosis"
"H_Apoptosis","CD2","Cell_Cycle_and_Apoptosis"
"H_Apoptosis","CD38","Cell_Cycle_and_Apoptosis"
"H_Apoptosis","CD44","Cell_Cycle_and_Apoptosis"
"H_Apoptosis","CD69","Cell_Cycle_and_Apoptosis"
"H_Apoptosis","CDC25B","Cell_Cycle_and_Apoptosis"
"H_Apoptosis","CDK2","Cell_Cycle_and_Apoptosis"
"H_Apoptosis","CDKN1A","Cell_Cycle_and_Apoptosis"
"H_Apoptosis","CDKN1B","Cell_Cycle_and_Apoptosis"
"H_Apoptosis","CFLAR","Cell_Cycle_and_Apoptosis"
"H_Apoptosis","CLU","Cell_Cycle_and_Apoptosis"
"H_Apoptosis","CREBBP","Cell_Cycle_and_Apoptosis"
"H_Apoptosis","CTH","Cell_Cycle_and_Apoptosis"
"H_Apoptosis","CTNNB1","Cell_Cycle_and_Apoptosis"
"H_Apoptosis","CYLD","Cell_Cycle_and_Apoptosis"
"H_Apoptosis","DAP","Cell_Cycle_and_Apoptosis"
"H_Apoptosis","DAP3","Cell_Cycle_and_Apoptosis"
"H_Apoptosis","DCN","Cell_Cycle_and_Apoptosis"
"H_Apoptosis","DDIT3","Cell_Cycle_and_Apoptosis"
"H_Apoptosis","DFFA","Cell_Cycle_and_Apoptosis"
"H_Apoptosis","DIABLO","Cell_Cycle_and_Apoptosis"
"H_Apoptosis","DNAJA1","Cell_Cycle_and_Apoptosis"
"H_Apoptosis","DNAJC3","Cell_Cycle_and_Apoptosis"
"H_Apoptosis","DNM1L","Cell_Cycle_and_Apoptosis"
"H_Apoptosis","DPYD","Cell_Cycle_and_Apoptosis"
"H_Apoptosis","EBP","Cell_Cycle_and_Apoptosis"
"H_Apoptosis","EGR3","Cell_Cycle_and_Apoptosis"
"H_Apoptosis","EMP1","Cell_Cycle_and_Apoptosis"
"H_Apoptosis","ENO2","Cell_Cycle_and_Apoptosis"
"H_Apoptosis","ERBB2","Cell_Cycle_and_Apoptosis"
"H_Apoptosis","ERBB3","Cell_Cycle_and_Apoptosis"
"H_Apoptosis","EREG","Cell_Cycle_and_Apoptosis"
"H_Apoptosis","ETF1","Cell_Cycle_and_Apoptosis"
"H_Apoptosis","F2","Cell_Cycle_and_Apoptosis"
"H_Apoptosis","F2R","Cell_Cycle_and_Apoptosis"
"H_Apoptosis","FAS","Cell_Cycle_and_Apoptosis"
"H_Apoptosis","FASLG","Cell_Cycle_and_Apoptosis"
"H_Apoptosis","FDXR","Cell_Cycle_and_Apoptosis"
"H_Apoptosis","FEZ1","Cell_Cycle_and_Apoptosis"
"H_Apoptosis","GADD45A","Cell_Cycle_and_Apoptosis"
"H_Apoptosis","GADD45B","Cell_Cycle_and_Apoptosis"
"H_Apoptosis","GCH1","Cell_Cycle_and_Apoptosis"
"H_Apoptosis","GNA15","Cell_Cycle_and_Apoptosis"
"H_Apoptosis","GPX1","Cell_Cycle_and_Apoptosis"
"H_Apoptosis","GPX3","Cell_Cycle_and_Apoptosis"
"H_Apoptosis","GPX4","Cell_Cycle_and_Apoptosis"
"H_Apoptosis","GSN","Cell_Cycle_and_Apoptosis"
"H_Apoptosis","GSR","Cell_Cycle_and_Apoptosis"
"H_Apoptosis","GSTM1","Cell_Cycle_and_Apoptosis"
"H_Apoptosis","GUCY2D","Cell_Cycle_and_Apoptosis"
"H_Apoptosis","H1-0","Cell_Cycle_and_Apoptosis"
"H_Apoptosis","HGF","Cell_Cycle_and_Apoptosis"
"H_Apoptosis","HMGB2","Cell_Cycle_and_Apoptosis"
"H_Apoptosis","HMOX1","Cell_Cycle_and_Apoptosis"
"H_Apoptosis","HSPB1","Cell_Cycle_and_Apoptosis"
"H_Apoptosis","IER3","Cell_Cycle_and_Apoptosis"
"H_Apoptosis","IFITM3","Cell_Cycle_and_Apoptosis"
"H_Apoptosis","IFNB1","Cell_Cycle_and_Apoptosis"
"H_Apoptosis","IFNGR1","Cell_Cycle_and_Apoptosis"
"H_Apoptosis","IGF2R","Cell_Cycle_and_Apoptosis"
"H_Apoptosis","IGFBP6","Cell_Cycle_and_Apoptosis"
"H_Apoptosis","IL18","Cell_Cycle_and_Apoptosis"
"H_Apoptosis","IL1A","Cell_Cycle_and_Apoptosis"
"H_Apoptosis","IL1B","Cell_Cycle_and_Apoptosis"
"H_Apoptosis","IL6","Cell_Cycle_and_Apoptosis"
"H_Apoptosis","IRF1","Cell_Cycle_and_Apoptosis"
"H_Apoptosis","ISG20","Cell_Cycle_and_Apoptosis"
"H_Apoptosis","JUN","Cell_Cycle_and_Apoptosis"
"H_Apoptosis","KRT18","Cell_Cycle_and_Apoptosis"
"H_Apoptosis","LEF1","Cell_Cycle_and_Apoptosis"
"H_Apoptosis","LGALS3","Cell_Cycle_and_Apoptosis"
"H_Apoptosis","LMNA","Cell_Cycle_and_Apoptosis"
"H_Apoptosis","LUM","Cell_Cycle_and_Apoptosis"
"H_Apoptosis","MADD","Cell_Cycle_and_Apoptosis"
"H_Apoptosis","MCL1","Cell_Cycle_and_Apoptosis"
"H_Apoptosis","MGMT","Cell_Cycle_and_Apoptosis"
"H_Apoptosis","MMP2","Cell_Cycle_and_Apoptosis"
"H_Apoptosis","NEDD9","Cell_Cycle_and_Apoptosis"
"H_Apoptosis","NEFH","Cell_Cycle_and_Apoptosis"
"H_Apoptosis","PAK1","Cell_Cycle_and_Apoptosis"
"H_Apoptosis","PDCD4","Cell_Cycle_and_Apoptosis"
"H_Apoptosis","PDGFRB","Cell_Cycle_and_Apoptosis"
"H_Apoptosis","PEA15","Cell_Cycle_and_Apoptosis"
"H_Apoptosis","PLAT","Cell_Cycle_and_Apoptosis"
"H_Apoptosis","PLCB2","Cell_Cycle_and_Apoptosis"
"H_Apoptosis","PLPPR4","Cell_Cycle_and_Apoptosis"
"H_Apoptosis","PMAIP1","Cell_Cycle_and_Apoptosis"
"H_Apoptosis","PPP2R5B","Cell_Cycle_and_Apoptosis"
"H_Apoptosis","PPP3R1","Cell_Cycle_and_Apoptosis"
"H_Apoptosis","PPT1","Cell_Cycle_and_Apoptosis"
"H_Apoptosis","PRF1","Cell_Cycle_and_Apoptosis"
"H_Apoptosis","PSEN1","Cell_Cycle_and_Apoptosis"
"H_Apoptosis","PSEN2","Cell_Cycle_and_Apoptosis"
"H_Apoptosis","PTK2","Cell_Cycle_and_Apoptosis"
"H_Apoptosis","RARA","Cell_Cycle_and_Apoptosis"
"H_Apoptosis","RELA","Cell_Cycle_and_Apoptosis"
"H_Apoptosis","RETSAT","Cell_Cycle_and_Apoptosis"
"H_Apoptosis","RHOB","Cell_Cycle_and_Apoptosis"
"H_Apoptosis","RHOT2","Cell_Cycle_and_Apoptosis"
"H_Apoptosis","RNASEL","Cell_Cycle_and_Apoptosis"
"H_Apoptosis","ROCK1","Cell_Cycle_and_Apoptosis"
"H_Apoptosis","SAT1","Cell_Cycle_and_Apoptosis"
"H_Apoptosis","SATB1","Cell_Cycle_and_Apoptosis"
"H_Apoptosis","SC5D","Cell_Cycle_and_Apoptosis"
"H_Apoptosis","SLC20A1","Cell_Cycle_and_Apoptosis"
"H_Apoptosis","SMAD7","Cell_Cycle_and_Apoptosis"
"H_Apoptosis","SOD1","Cell_Cycle_and_Apoptosis"
"H_Apoptosis","SOD2","Cell_Cycle_and_Apoptosis"
"H_Apoptosis","SPTAN1","Cell_Cycle_and_Apoptosis"
"H_Apoptosis","SQSTM1","Cell_Cycle_and_Apoptosis"
"H_Apoptosis","TAP1","Cell_Cycle_and_Apoptosis"
"H_Apoptosis","TGFB2","Cell_Cycle_and_Apoptosis"
"H_Apoptosis","TGFBR3","Cell_Cycle_and_Apoptosis"
"H_Apoptosis","TIMP1","Cell_Cycle_and_Apoptosis"
"H_Apoptosis","TIMP2","Cell_Cycle_and_Apoptosis"
"H_Apoptosis","TIMP3","Cell_Cycle_and_Apoptosis"
"H_Apoptosis","TNF","Cell_Cycle_and_Apoptosis"
"H_Apoptosis","TNFRSF12A","Cell_Cycle_and_Apoptosis"
"H_Apoptosis","TNFSF10","Cell_Cycle_and_Apoptosis"
"H_Apoptosis","TOP2A","Cell_Cycle_and_Apoptosis"
"H_Apoptosis","TSPO","Cell_Cycle_and_Apoptosis"
"H_Apoptosis","TXNIP","Cell_Cycle_and_Apoptosis"
"H_Apoptosis","VDAC2","Cell_Cycle_and_Apoptosis"
"H_Apoptosis","WEE1","Cell_Cycle_and_Apoptosis"
"H_Apoptosis","XIAP","Cell_Cycle_and_Apoptosis"
"H_Coagulation","A2M","Cell_differentiation"
"H_Coagulation","ACOX2","Cell_differentiation"
"H_Coagulation","ADAM9","Cell_differentiation"
"H_Coagulation","ANG","Cell_differentiation"
"H_Coagulation","ANXA1","Cell_differentiation"
"H_Coagulation","APOA1","Cell_differentiation"
"H_Coagulation","APOC1","Cell_differentiation"
"H_Coagulation","APOC2","Cell_differentiation"
"H_Coagulation","APOC3","Cell_differentiation"
"H_Coagulation","ARF4","Cell_differentiation"
"H_Coagulation","BMP1","Cell_differentiation"
"H_Coagulation","C1QA","Cell_differentiation"
"H_Coagulation","C1R","Cell_differentiation"
"H_Coagulation","C1S","Cell_differentiation"
"H_Coagulation","C2","Cell_differentiation"
"H_Coagulation","C3","Cell_differentiation"
"H_Coagulation","C8A","Cell_differentiation"
"H_Coagulation","C8B","Cell_differentiation"
"H_Coagulation","C8G","Cell_differentiation"
"H_Coagulation","C9","Cell_differentiation"
"H_Coagulation","CAPN2","Cell_differentiation"
"H_Coagulation","CAPN5","Cell_differentiation"
"H_Coagulation","CASP9","Cell_differentiation"
"H_Coagulation","CD9","Cell_differentiation"
"H_Coagulation","CFB","Cell_differentiation"
"H_Coagulation","CFD","Cell_differentiation"
"H_Coagulation","CFH","Cell_differentiation"
"H_Coagulation","CFI","Cell_differentiation"
"H_Coagulation","CLU","Cell_differentiation"
"H_Coagulation","COMP","Cell_differentiation"
"H_Coagulation","CPB2","Cell_differentiation"
"H_Coagulation","CPN1","Cell_differentiation"
"H_Coagulation","CPQ","Cell_differentiation"
"H_Coagulation","CRIP2","Cell_differentiation"
"H_Coagulation","CSRP1","Cell_differentiation"
"H_Coagulation","CTSB","Cell_differentiation"
"H_Coagulation","CTSE","Cell_differentiation"
"H_Coagulation","CTSH","Cell_differentiation"
"H_Coagulation","CTSK","Cell_differentiation"
"H_Coagulation","CTSO","Cell_differentiation"
"H_Coagulation","CTSV","Cell_differentiation"
"H_Coagulation","DCT","Cell_differentiation"
"H_Coagulation","DPP4","Cell_differentiation"
"H_Coagulation","DUSP14","Cell_differentiation"
"H_Coagulation","DUSP6","Cell_differentiation"
"H_Coagulation","F10","Cell_differentiation"
"H_Coagulation","F11","Cell_differentiation"
"H_Coagulation","F12","Cell_differentiation"
"H_Coagulation","F13B","Cell_differentiation"
"H_Coagulation","F2","Cell_differentiation"
"H_Coagulation","F2RL2","Cell_differentiation"
"H_Coagulation","F3","Cell_differentiation"
"H_Coagulation","F8","Cell_differentiation"
"H_Coagulation","F9","Cell_differentiation"
"H_Coagulation","FBN1","Cell_differentiation"
"H_Coagulation","FGA","Cell_differentiation"
"H_Coagulation","FGG","Cell_differentiation"
"H_Coagulation","FN1","Cell_differentiation"
"H_Coagulation","FURIN","Cell_differentiation"
"H_Coagulation","FYN","Cell_differentiation"
"H_Coagulation","GDA","Cell_differentiation"
"H_Coagulation","GNB2","Cell_differentiation"
"H_Coagulation","GNG12","Cell_differentiation"
"H_Coagulation","GP1BA","Cell_differentiation"
"H_Coagulation","GP9","Cell_differentiation"
"H_Coagulation","GSN","Cell_differentiation"
"H_Coagulation","HMGCS2","Cell_differentiation"
"H_Coagulation","HNF4A","Cell_differentiation"
"H_Coagulation","HPN","Cell_differentiation"
"H_Coagulation","HRG","Cell_differentiation"
"H_Coagulation","HTRA1","Cell_differentiation"
"H_Coagulation","ISCU","Cell_differentiation"
"H_Coagulation","ITGA2","Cell_differentiation"
"H_Coagulation","ITGB3","Cell_differentiation"
"H_Coagulation","ITIH1","Cell_differentiation"
"H_Coagulation","KLF7","Cell_differentiation"
"H_Coagulation","KLK8","Cell_differentiation"
"H_Coagulation","KLKB1","Cell_differentiation"
"H_Coagulation","LAMP2","Cell_differentiation"
"H_Coagulation","LEFTY2","Cell_differentiation"
"H_Coagulation","LGMN","Cell_differentiation"
"H_Coagulation","LRP1","Cell_differentiation"
"H_Coagulation","LTA4H","Cell_differentiation"
"H_Coagulation","MAFF","Cell_differentiation"
"H_Coagulation","MASP2","Cell_differentiation"
"H_Coagulation","MBL2","Cell_differentiation"
"H_Coagulation","MEP1A","Cell_differentiation"
"H_Coagulation","MMP1","Cell_differentiation"
"H_Coagulation","MMP10","Cell_differentiation"
"H_Coagulation","MMP11","Cell_differentiation"
"H_Coagulation","MMP14","Cell_differentiation"
"H_Coagulation","MMP15","Cell_differentiation"
"H_Coagulation","MMP2","Cell_differentiation"
"H_Coagulation","MMP3","Cell_differentiation"
"H_Coagulation","MMP7","Cell_differentiation"
"H_Coagulation","MMP8","Cell_differentiation"
"H_Coagulation","MMP9","Cell_differentiation"
"H_Coagulation","MSRB2","Cell_differentiation"
"H_Coagulation","MST1","Cell_differentiation"
"H_Coagulation","OLR1","Cell_differentiation"
"H_Coagulation","P2RY1","Cell_differentiation"
"H_Coagulation","PDGFB","Cell_differentiation"
"H_Coagulation","PECAM1","Cell_differentiation"
"H_Coagulation","PEF1","Cell_differentiation"
"H_Coagulation","PF4","Cell_differentiation"
"H_Coagulation","PLAT","Cell_differentiation"
"H_Coagulation","PLAU","Cell_differentiation"
"H_Coagulation","PLEK","Cell_differentiation"
"H_Coagulation","PLG","Cell_differentiation"
"H_Coagulation","PREP","Cell_differentiation"
"H_Coagulation","PROC","Cell_differentiation"
"H_Coagulation","PROS1","Cell_differentiation"
"H_Coagulation","PROZ","Cell_differentiation"
"H_Coagulation","PRSS23","Cell_differentiation"
"H_Coagulation","RABIF","Cell_differentiation"
"H_Coagulation","RAC1","Cell_differentiation"
"H_Coagulation","RAPGEF3","Cell_differentiation"
"H_Coagulation","RGN","Cell_differentiation"
"H_Coagulation","S100A1","Cell_differentiation"
"H_Coagulation","S100A13","Cell_differentiation"
"H_Coagulation","SERPINA1","Cell_differentiation"
"H_Coagulation","SERPINB2","Cell_differentiation"
"H_Coagulation","SERPINC1","Cell_differentiation"
"H_Coagulation","SERPINE1","Cell_differentiation"
"H_Coagulation","SERPING1","Cell_differentiation"
"H_Coagulation","SH2B2","Cell_differentiation"
"H_Coagulation","SIRT2","Cell_differentiation"
"H_Coagulation","SPARC","Cell_differentiation"
"H_Coagulation","TF","Cell_differentiation"
"H_Coagulation","TFPI2","Cell_differentiation"
"H_Coagulation","THBD","Cell_differentiation"
"H_Coagulation","THBS1","Cell_differentiation"
"H_Coagulation","TIMP1","Cell_differentiation"
"H_Coagulation","TIMP3","Cell_differentiation"
"H_Coagulation","TMPRSS6","Cell_differentiation"
"H_Coagulation","USP11","Cell_differentiation"
"H_Coagulation","VWF","Cell_differentiation"
"H_Coagulation","WDR1","Cell_differentiation"
"H_Complement_cascade","ACTN2","Immune_Regulation_Pathways"
"H_Complement_cascade","ADAM9","Immune_Regulation_Pathways"
"H_Complement_cascade","ADRA2B","Immune_Regulation_Pathways"
"H_Complement_cascade","AKAP10","Immune_Regulation_Pathways"
"H_Complement_cascade","ANG","Immune_Regulation_Pathways"
"H_Complement_cascade","ANXA5","Immune_Regulation_Pathways"
"H_Complement_cascade","APOA4","Immune_Regulation_Pathways"
"H_Complement_cascade","APOBEC3F","Immune_Regulation_Pathways"
"H_Complement_cascade","APOBEC3G","Immune_Regulation_Pathways"
"H_Complement_cascade","APOC1","Immune_Regulation_Pathways"
"H_Complement_cascade","ATOX1","Immune_Regulation_Pathways"
"H_Complement_cascade","BRPF3","Immune_Regulation_Pathways"
"H_Complement_cascade","C1QA","Immune_Regulation_Pathways"
"H_Complement_cascade","C1QC","Immune_Regulation_Pathways"
"H_Complement_cascade","C1R","Immune_Regulation_Pathways"
"H_Complement_cascade","C1S","Immune_Regulation_Pathways"
"H_Complement_cascade","C2","Immune_Regulation_Pathways"
"H_Complement_cascade","C3","Immune_Regulation_Pathways"
"H_Complement_cascade","C4BPB","Immune_Regulation_Pathways"
"H_Complement_cascade","C9","Immune_Regulation_Pathways"
"H_Complement_cascade","CA2","Immune_Regulation_Pathways"
"H_Complement_cascade","CALM1","Immune_Regulation_Pathways"
"H_Complement_cascade","CALM3","Immune_Regulation_Pathways"
"H_Complement_cascade","CASP1","Immune_Regulation_Pathways"
"H_Complement_cascade","CASP10","Immune_Regulation_Pathways"
"H_Complement_cascade","CASP3","Immune_Regulation_Pathways"
"H_Complement_cascade","CASP4","Immune_Regulation_Pathways"
"H_Complement_cascade","CASP5","Immune_Regulation_Pathways"
"H_Complement_cascade","CASP7","Immune_Regulation_Pathways"
"H_Complement_cascade","CASP9","Immune_Regulation_Pathways"
"H_Complement_cascade","CBLB","Immune_Regulation_Pathways"
"H_Complement_cascade","CCL5","Immune_Regulation_Pathways"
"H_Complement_cascade","CD36","Immune_Regulation_Pathways"
"H_Complement_cascade","CD40LG","Immune_Regulation_Pathways"
"H_Complement_cascade","CD46","Immune_Regulation_Pathways"
"H_Complement_cascade","CD55","Immune_Regulation_Pathways"
"H_Complement_cascade","CD59","Immune_Regulation_Pathways"
"H_Complement_cascade","CDA","Immune_Regulation_Pathways"
"H_Complement_cascade","CDH13","Immune_Regulation_Pathways"
"H_Complement_cascade","CDK5R1","Immune_Regulation_Pathways"
"H_Complement_cascade","CEBPB","Immune_Regulation_Pathways"
"H_Complement_cascade","CFB","Immune_Regulation_Pathways"
"H_Complement_cascade","CFH","Immune_Regulation_Pathways"
"H_Complement_cascade","CLU","Immune_Regulation_Pathways"
"H_Complement_cascade","COL4A2","Immune_Regulation_Pathways"
"H_Complement_cascade","CP","Immune_Regulation_Pathways"
"H_Complement_cascade","CPM","Immune_Regulation_Pathways"
"H_Complement_cascade","CPQ","Immune_Regulation_Pathways"
"H_Complement_cascade","CR1","Immune_Regulation_Pathways"
"H_Complement_cascade","CR2","Immune_Regulation_Pathways"
"H_Complement_cascade","CSRP1","Immune_Regulation_Pathways"
"H_Complement_cascade","CTSB","Immune_Regulation_Pathways"
"H_Complement_cascade","CTSC","Immune_Regulation_Pathways"
"H_Complement_cascade","CTSD","Immune_Regulation_Pathways"
"H_Complement_cascade","CTSH","Immune_Regulation_Pathways"
"H_Complement_cascade","CTSL","Immune_Regulation_Pathways"
"H_Complement_cascade","CTSO","Immune_Regulation_Pathways"
"H_Complement_cascade","CTSS","Immune_Regulation_Pathways"
"H_Complement_cascade","CTSV","Immune_Regulation_Pathways"
"H_Complement_cascade","CXCL1","Immune_Regulation_Pathways"
"H_Complement_cascade","DGKG","Immune_Regulation_Pathways"
"H_Complement_cascade","DGKH","Immune_Regulation_Pathways"
"H_Complement_cascade","DOCK10","Immune_Regulation_Pathways"
"H_Complement_cascade","DOCK4","Immune_Regulation_Pathways"
"H_Complement_cascade","DOCK9","Immune_Regulation_Pathways"
"H_Complement_cascade","DPP4","Immune_Regulation_Pathways"
"H_Complement_cascade","DUSP5","Immune_Regulation_Pathways"
"H_Complement_cascade","DUSP6","Immune_Regulation_Pathways"
"H_Complement_cascade","DYRK2","Immune_Regulation_Pathways"
"H_Complement_cascade","EHD1","Immune_Regulation_Pathways"
"H_Complement_cascade","ERAP2","Immune_Regulation_Pathways"
"H_Complement_cascade","F10","Immune_Regulation_Pathways"
"H_Complement_cascade","F2","Immune_Regulation_Pathways"
"H_Complement_cascade","F3","Immune_Regulation_Pathways"
"H_Complement_cascade","F5","Immune_Regulation_Pathways"
"H_Complement_cascade","F7","Immune_Regulation_Pathways"
"H_Complement_cascade","F8","Immune_Regulation_Pathways"
"H_Complement_cascade","FCER1G","Immune_Regulation_Pathways"
"H_Complement_cascade","FCN1","Immune_Regulation_Pathways"
"H_Complement_cascade","FDX1","Immune_Regulation_Pathways"
"H_Complement_cascade","FN1","Immune_Regulation_Pathways"
"H_Complement_cascade","FYN","Immune_Regulation_Pathways"
"H_Complement_cascade","GATA3","Immune_Regulation_Pathways"
"H_Complement_cascade","GCA","Immune_Regulation_Pathways"
"H_Complement_cascade","GMFB","Immune_Regulation_Pathways"
"H_Complement_cascade","GNAI2","Immune_Regulation_Pathways"
"H_Complement_cascade","GNAI3","Immune_Regulation_Pathways"
"H_Complement_cascade","GNB2","Immune_Regulation_Pathways"
"H_Complement_cascade","GNB4","Immune_Regulation_Pathways"
"H_Complement_cascade","GNG2","Immune_Regulation_Pathways"
"H_Complement_cascade","GNGT2","Immune_Regulation_Pathways"
"H_Complement_cascade","GP1BA","Immune_Regulation_Pathways"
"H_Complement_cascade","GP9","Immune_Regulation_Pathways"
"H_Complement_cascade","GPD2","Immune_Regulation_Pathways"
"H_Complement_cascade","GRB2","Immune_Regulation_Pathways"
"H_Complement_cascade","GZMA","Immune_Regulation_Pathways"
"H_Complement_cascade","GZMB","Immune_Regulation_Pathways"
"H_Complement_cascade","GZMK","Immune_Regulation_Pathways"
"H_Complement_cascade","HNF4A","Immune_Regulation_Pathways"
"H_Complement_cascade","HPCAL4","Immune_Regulation_Pathways"
"H_Complement_cascade","HSPA1A","Immune_Regulation_Pathways"
"H_Complement_cascade","HSPA5","Immune_Regulation_Pathways"
"H_Complement_cascade","IL6","Immune_Regulation_Pathways"
"H_Complement_cascade","IRF1","Immune_Regulation_Pathways"
"H_Complement_cascade","IRF2","Immune_Regulation_Pathways"
"H_Complement_cascade","IRF7","Immune_Regulation_Pathways"
"H_Complement_cascade","ITGAM","Immune_Regulation_Pathways"
"H_Complement_cascade","ITIH1","Immune_Regulation_Pathways"
"H_Complement_cascade","JAK2","Immune_Regulation_Pathways"
"H_Complement_cascade","KCNIP2","Immune_Regulation_Pathways"
"H_Complement_cascade","KCNIP3","Immune_Regulation_Pathways"
"H_Complement_cascade","KIF2A","Immune_Regulation_Pathways"
"H_Complement_cascade","KLK1","Immune_Regulation_Pathways"
"H_Complement_cascade","KLKB1","Immune_Regulation_Pathways"
"H_Complement_cascade","KYNU","Immune_Regulation_Pathways"
"H_Complement_cascade","L3MBTL4","Immune_Regulation_Pathways"
"H_Complement_cascade","LAMP2","Immune_Regulation_Pathways"
"H_Complement_cascade","LAP3","Immune_Regulation_Pathways"
"H_Complement_cascade","LCK","Immune_Regulation_Pathways"
"H_Complement_cascade","LCP2","Immune_Regulation_Pathways"
"H_Complement_cascade","LGALS3","Immune_Regulation_Pathways"
"H_Complement_cascade","LGMN","Immune_Regulation_Pathways"
"H_Complement_cascade","LIPA","Immune_Regulation_Pathways"
"H_Complement_cascade","LRP1","Immune_Regulation_Pathways"
"H_Complement_cascade","LTA4H","Immune_Regulation_Pathways"
"H_Complement_cascade","LTF","Immune_Regulation_Pathways"
"H_Complement_cascade","LYN","Immune_Regulation_Pathways"
"H_Complement_cascade","MAFF","Immune_Regulation_Pathways"
"H_Complement_cascade","ME1","Immune_Regulation_Pathways"
"H_Complement_cascade","MMP12","Immune_Regulation_Pathways"
"H_Complement_cascade","MMP13","Immune_Regulation_Pathways"
"H_Complement_cascade","MMP14","Immune_Regulation_Pathways"
"H_Complement_cascade","MMP15","Immune_Regulation_Pathways"
"H_Complement_cascade","MMP8","Immune_Regulation_Pathways"
"H_Complement_cascade","MSRB1","Immune_Regulation_Pathways"
"H_Complement_cascade","MT3","Immune_Regulation_Pathways"
"H_Complement_cascade","NOTCH4","Immune_Regulation_Pathways"
"H_Complement_cascade","OLR1","Immune_Regulation_Pathways"
"H_Complement_cascade","PCLO","Immune_Regulation_Pathways"
"H_Complement_cascade","PCSK9","Immune_Regulation_Pathways"
"H_Complement_cascade","PDGFB","Immune_Regulation_Pathways"
"H_Complement_cascade","PDP1","Immune_Regulation_Pathways"
"H_Complement_cascade","PFN1","Immune_Regulation_Pathways"
"H_Complement_cascade","PHEX","Immune_Regulation_Pathways"
"H_Complement_cascade","PIK3CA","Immune_Regulation_Pathways"
"H_Complement_cascade","PIK3CG","Immune_Regulation_Pathways"
"H_Complement_cascade","PIK3R5","Immune_Regulation_Pathways"
"H_Complement_cascade","PIM1","Immune_Regulation_Pathways"
"H_Complement_cascade","PLA2G4A","Immune_Regulation_Pathways"
"H_Complement_cascade","PLA2G7","Immune_Regulation_Pathways"
"H_Complement_cascade","PLAT","Immune_Regulation_Pathways"
"H_Complement_cascade","PLAUR","Immune_Regulation_Pathways"
"H_Complement_cascade","PLEK","Immune_Regulation_Pathways"
"H_Complement_cascade","PLG","Immune_Regulation_Pathways"
"H_Complement_cascade","PLSCR1","Immune_Regulation_Pathways"
"H_Complement_cascade","PPP2CB","Immune_Regulation_Pathways"
"H_Complement_cascade","PPP4C","Immune_Regulation_Pathways"
"H_Complement_cascade","PRCP","Immune_Regulation_Pathways"
"H_Complement_cascade","PRDM4","Immune_Regulation_Pathways"
"H_Complement_cascade","PREP","Immune_Regulation_Pathways"
"H_Complement_cascade","PRKCD","Immune_Regulation_Pathways"
"H_Complement_cascade","PRSS3","Immune_Regulation_Pathways"
"H_Complement_cascade","PRSS36","Immune_Regulation_Pathways"
"H_Complement_cascade","PSEN1","Immune_Regulation_Pathways"
"H_Complement_cascade","PSMB9","Immune_Regulation_Pathways"
"H_Complement_cascade","RABIF","Immune_Regulation_Pathways"
"H_Complement_cascade","RAF1","Immune_Regulation_Pathways"
"H_Complement_cascade","RASGRP1","Immune_Regulation_Pathways"
"H_Complement_cascade","RBSN","Immune_Regulation_Pathways"
"H_Complement_cascade","RCE1","Immune_Regulation_Pathways"
"H_Complement_cascade","RHOG","Immune_Regulation_Pathways"
"H_Complement_cascade","RNF4","Immune_Regulation_Pathways"
"H_Complement_cascade","S100A12","Immune_Regulation_Pathways"
"H_Complement_cascade","S100A13","Immune_Regulation_Pathways"
"H_Complement_cascade","S100A9","Immune_Regulation_Pathways"
"H_Complement_cascade","SCG3","Immune_Regulation_Pathways"
"H_Complement_cascade","SERPINA1","Immune_Regulation_Pathways"
"H_Complement_cascade","SERPINB2","Immune_Regulation_Pathways"
"H_Complement_cascade","SERPINC1","Immune_Regulation_Pathways"
"H_Complement_cascade","SERPINE1","Immune_Regulation_Pathways"
"H_Complement_cascade","SERPING1","Immune_Regulation_Pathways"
"H_Complement_cascade","SH2B3","Immune_Regulation_Pathways"
"H_Complement_cascade","SIRT6","Immune_Regulation_Pathways"
"H_Complement_cascade","SPOCK2","Immune_Regulation_Pathways"
"H_Complement_cascade","SRC","Immune_Regulation_Pathways"
"H_Complement_cascade","STX4","Immune_Regulation_Pathways"
"H_Complement_cascade","TFPI2","Immune_Regulation_Pathways"
"H_Complement_cascade","TIMP1","Immune_Regulation_Pathways"
"H_Complement_cascade","TIMP2","Immune_Regulation_Pathways"
"H_Complement_cascade","TMPRSS6","Immune_Regulation_Pathways"
"H_Complement_cascade","TNFAIP3","Immune_Regulation_Pathways"
"H_Complement_cascade","USP14","Immune_Regulation_Pathways"
"H_Complement_cascade","USP15","Immune_Regulation_Pathways"
"H_Complement_cascade","USP16","Immune_Regulation_Pathways"
"H_Complement_cascade","USP8","Immune_Regulation_Pathways"
"H_Complement_cascade","VCPIP1","Immune_Regulation_Pathways"
"H_Complement_cascade","WAS","Immune_Regulation_Pathways"
"H_Complement_cascade","XPNPEP1","Immune_Regulation_Pathways"
"H_Complement_cascade","ZEB1","Immune_Regulation_Pathways"
"H_Complement_cascade","ZFPM2","Immune_Regulation_Pathways"
"H_DNA_repair","AAAS","Cell_Cycle_and_Apoptosis"
"H_DNA_repair","ADA","Cell_Cycle_and_Apoptosis"
"H_DNA_repair","ADCY6","Cell_Cycle_and_Apoptosis"
"H_DNA_repair","ADRM1","Cell_Cycle_and_Apoptosis"
"H_DNA_repair","AGO4","Cell_Cycle_and_Apoptosis"
"H_DNA_repair","AK1","Cell_Cycle_and_Apoptosis"
"H_DNA_repair","AK3","Cell_Cycle_and_Apoptosis"
"H_DNA_repair","ALYREF","Cell_Cycle_and_Apoptosis"
"H_DNA_repair","APRT","Cell_Cycle_and_Apoptosis"
"H_DNA_repair","ARL6IP1","Cell_Cycle_and_Apoptosis"
"H_DNA_repair","BCAM","Cell_Cycle_and_Apoptosis"
"H_DNA_repair","BCAP31","Cell_Cycle_and_Apoptosis"
"H_DNA_repair","BOLA2","Cell_Cycle_and_Apoptosis"
"H_DNA_repair","BRF2","Cell_Cycle_and_Apoptosis"
"H_DNA_repair","CANT1","Cell_Cycle_and_Apoptosis"
"H_DNA_repair","CCNO","Cell_Cycle_and_Apoptosis"
"H_DNA_repair","CDA","Cell_Cycle_and_Apoptosis"
"H_DNA_repair","CETN2","Cell_Cycle_and_Apoptosis"
"H_DNA_repair","CLP1","Cell_Cycle_and_Apoptosis"
"H_DNA_repair","CMPK2","Cell_Cycle_and_Apoptosis"
"H_DNA_repair","COX17","Cell_Cycle_and_Apoptosis"
"H_DNA_repair","CSTF3","Cell_Cycle_and_Apoptosis"
"H_DNA_repair","DAD1","Cell_Cycle_and_Apoptosis"
"H_DNA_repair","DCTN4","Cell_Cycle_and_Apoptosis"
"H_DNA_repair","DDB1","Cell_Cycle_and_Apoptosis"
"H_DNA_repair","DDB2","Cell_Cycle_and_Apoptosis"
"H_DNA_repair","DGCR8","Cell_Cycle_and_Apoptosis"
"H_DNA_repair","DGUOK","Cell_Cycle_and_Apoptosis"
"H_DNA_repair","DUT","Cell_Cycle_and_Apoptosis"
"H_DNA_repair","EDF1","Cell_Cycle_and_Apoptosis"
"H_DNA_repair","EIF1B","Cell_Cycle_and_Apoptosis"
"H_DNA_repair","ELL","Cell_Cycle_and_Apoptosis"
"H_DNA_repair","ELOA","Cell_Cycle_and_Apoptosis"
"H_DNA_repair","ERCC1","Cell_Cycle_and_Apoptosis"
"H_DNA_repair","ERCC2","Cell_Cycle_and_Apoptosis"
"H_DNA_repair","ERCC3","Cell_Cycle_and_Apoptosis"
"H_DNA_repair","ERCC4","Cell_Cycle_and_Apoptosis"
"H_DNA_repair","ERCC5","Cell_Cycle_and_Apoptosis"
"H_DNA_repair","ERCC8","Cell_Cycle_and_Apoptosis"
"H_DNA_repair","FEN1","Cell_Cycle_and_Apoptosis"
"H_DNA_repair","GMPR2","Cell_Cycle_and_Apoptosis"
"H_DNA_repair","GPX4","Cell_Cycle_and_Apoptosis"
"H_DNA_repair","GSDME","Cell_Cycle_and_Apoptosis"
"H_DNA_repair","GTF2A2","Cell_Cycle_and_Apoptosis"
"H_DNA_repair","GTF2B","Cell_Cycle_and_Apoptosis"
"H_DNA_repair","GTF2F1","Cell_Cycle_and_Apoptosis"
"H_DNA_repair","GTF2H1","Cell_Cycle_and_Apoptosis"
"H_DNA_repair","GTF2H3","Cell_Cycle_and_Apoptosis"
"H_DNA_repair","GTF2H5","Cell_Cycle_and_Apoptosis"
"H_DNA_repair","GTF3C5","Cell_Cycle_and_Apoptosis"
"H_DNA_repair","GUK1","Cell_Cycle_and_Apoptosis"
"H_DNA_repair","HCLS1","Cell_Cycle_and_Apoptosis"
"H_DNA_repair","HPRT1","Cell_Cycle_and_Apoptosis"
"H_DNA_repair","IMPDH2","Cell_Cycle_and_Apoptosis"
"H_DNA_repair","ITPA","Cell_Cycle_and_Apoptosis"
"H_DNA_repair","LIG1","Cell_Cycle_and_Apoptosis"
"H_DNA_repair","MPC2","Cell_Cycle_and_Apoptosis"
"H_DNA_repair","MPG","Cell_Cycle_and_Apoptosis"
"H_DNA_repair","MRPL40","Cell_Cycle_and_Apoptosis"
"H_DNA_repair","NCBP2","Cell_Cycle_and_Apoptosis"
"H_DNA_repair","NELFB","Cell_Cycle_and_Apoptosis"
"H_DNA_repair","NELFCD","Cell_Cycle_and_Apoptosis"
"H_DNA_repair","NELFE","Cell_Cycle_and_Apoptosis"
"H_DNA_repair","NFX1","Cell_Cycle_and_Apoptosis"
"H_DNA_repair","NME1","Cell_Cycle_and_Apoptosis"
"H_DNA_repair","NME3","Cell_Cycle_and_Apoptosis"
"H_DNA_repair","NME4","Cell_Cycle_and_Apoptosis"
"H_DNA_repair","NPR2","Cell_Cycle_and_Apoptosis"
"H_DNA_repair","NT5C","Cell_Cycle_and_Apoptosis"
"H_DNA_repair","NT5C3A","Cell_Cycle_and_Apoptosis"
"H_DNA_repair","NUDT21","Cell_Cycle_and_Apoptosis"
"H_DNA_repair","NUDT9","Cell_Cycle_and_Apoptosis"
"H_DNA_repair","PCNA","Cell_Cycle_and_Apoptosis"
"H_DNA_repair","PDE4B","Cell_Cycle_and_Apoptosis"
"H_DNA_repair","PDE6G","Cell_Cycle_and_Apoptosis"
"H_DNA_repair","PNP","Cell_Cycle_and_Apoptosis"
"H_DNA_repair","POLA1","Cell_Cycle_and_Apoptosis"
"H_DNA_repair","POLA2","Cell_Cycle_and_Apoptosis"
"H_DNA_repair","POLB","Cell_Cycle_and_Apoptosis"
"H_DNA_repair","POLD1","Cell_Cycle_and_Apoptosis"
"H_DNA_repair","POLD3","Cell_Cycle_and_Apoptosis"
"H_DNA_repair","POLD4","Cell_Cycle_and_Apoptosis"
"H_DNA_repair","POLE4","Cell_Cycle_and_Apoptosis"
"H_DNA_repair","POLH","Cell_Cycle_and_Apoptosis"
"H_DNA_repair","POLL","Cell_Cycle_and_Apoptosis"
"H_DNA_repair","POLR1C","Cell_Cycle_and_Apoptosis"
"H_DNA_repair","POLR1D","Cell_Cycle_and_Apoptosis"
"H_DNA_repair","POLR1H","Cell_Cycle_and_Apoptosis"
"H_DNA_repair","POLR2A","Cell_Cycle_and_Apoptosis"
"H_DNA_repair","POLR2C","Cell_Cycle_and_Apoptosis"
"H_DNA_repair","POLR2D","Cell_Cycle_and_Apoptosis"
"H_DNA_repair","POLR2E","Cell_Cycle_and_Apoptosis"
"H_DNA_repair","POLR2F","Cell_Cycle_and_Apoptosis"
"H_DNA_repair","POLR2G","Cell_Cycle_and_Apoptosis"
"H_DNA_repair","POLR2H","Cell_Cycle_and_Apoptosis"
"H_DNA_repair","POLR2I","Cell_Cycle_and_Apoptosis"
"H_DNA_repair","POLR2J","Cell_Cycle_and_Apoptosis"
"H_DNA_repair","POLR2K","Cell_Cycle_and_Apoptosis"
"H_DNA_repair","POLR3C","Cell_Cycle_and_Apoptosis"
"H_DNA_repair","POLR3GL","Cell_Cycle_and_Apoptosis"
"H_DNA_repair","POM121","Cell_Cycle_and_Apoptosis"
"H_DNA_repair","PRIM1","Cell_Cycle_and_Apoptosis"
"H_DNA_repair","RAD51","Cell_Cycle_and_Apoptosis"
"H_DNA_repair","RAD52","Cell_Cycle_and_Apoptosis"
"H_DNA_repair","RAE1","Cell_Cycle_and_Apoptosis"
"H_DNA_repair","RALA","Cell_Cycle_and_Apoptosis"
"H_DNA_repair","RBX1","Cell_Cycle_and_Apoptosis"
"H_DNA_repair","REV3L","Cell_Cycle_and_Apoptosis"
"H_DNA_repair","RFC2","Cell_Cycle_and_Apoptosis"
"H_DNA_repair","RFC3","Cell_Cycle_and_Apoptosis"
"H_DNA_repair","RFC4","Cell_Cycle_and_Apoptosis"
"H_DNA_repair","RFC5","Cell_Cycle_and_Apoptosis"
"H_DNA_repair","RNMT","Cell_Cycle_and_Apoptosis"
"H_DNA_repair","RPA2","Cell_Cycle_and_Apoptosis"
"H_DNA_repair","RPA3","Cell_Cycle_and_Apoptosis"
"H_DNA_repair","RRM2B","Cell_Cycle_and_Apoptosis"
"H_DNA_repair","SAC3D1","Cell_Cycle_and_Apoptosis"
"H_DNA_repair","SDCBP","Cell_Cycle_and_Apoptosis"
"H_DNA_repair","SEC61A1","Cell_Cycle_and_Apoptosis"
"H_DNA_repair","SF3A3","Cell_Cycle_and_Apoptosis"
"H_DNA_repair","SMAD5","Cell_Cycle_and_Apoptosis"
"H_DNA_repair","SNAPC4","Cell_Cycle_and_Apoptosis"
"H_DNA_repair","SNAPC5","Cell_Cycle_and_Apoptosis"
"H_DNA_repair","SRSF6","Cell_Cycle_and_Apoptosis"
"H_DNA_repair","SSRP1","Cell_Cycle_and_Apoptosis"
"H_DNA_repair","STX3","Cell_Cycle_and_Apoptosis"
"H_DNA_repair","SUPT4H1","Cell_Cycle_and_Apoptosis"
"H_DNA_repair","SUPT5H","Cell_Cycle_and_Apoptosis"
"H_DNA_repair","SURF1","Cell_Cycle_and_Apoptosis"
"H_DNA_repair","TAF10","Cell_Cycle_and_Apoptosis"
"H_DNA_repair","TAF12","Cell_Cycle_and_Apoptosis"
"H_DNA_repair","TAF13","Cell_Cycle_and_Apoptosis"
"H_DNA_repair","TAF1C","Cell_Cycle_and_Apoptosis"
"H_DNA_repair","TAF6","Cell_Cycle_and_Apoptosis"
"H_DNA_repair","TAF9","Cell_Cycle_and_Apoptosis"
"H_DNA_repair","TARBP2","Cell_Cycle_and_Apoptosis"
"H_DNA_repair","TK2","Cell_Cycle_and_Apoptosis"
"H_DNA_repair","TMED2","Cell_Cycle_and_Apoptosis"
"H_DNA_repair","TP53","Cell_Cycle_and_Apoptosis"
"H_DNA_repair","TSG101","Cell_Cycle_and_Apoptosis"
"H_DNA_repair","TYMS","Cell_Cycle_and_Apoptosis"
"H_DNA_repair","UMPS","Cell_Cycle_and_Apoptosis"
"H_DNA_repair","UPF3B","Cell_Cycle_and_Apoptosis"
"H_DNA_repair","USP11","Cell_Cycle_and_Apoptosis"
"H_DNA_repair","VPS28","Cell_Cycle_and_Apoptosis"
"H_DNA_repair","VPS37B","Cell_Cycle_and_Apoptosis"
"H_DNA_repair","VPS37D","Cell_Cycle_and_Apoptosis"
"H_DNA_repair","XPC","Cell_Cycle_and_Apoptosis"
"H_DNA_repair","ZNF707","Cell_Cycle_and_Apoptosis"
"H_DNA_repair","ZWINT","Cell_Cycle_and_Apoptosis"
"H_EMT","ABI3BP","Cell_differentiation"
"H_EMT","ACTA2","Cell_differentiation"
"H_EMT","ADAM12","Cell_differentiation"
"H_EMT","ANPEP","Cell_differentiation"
"H_EMT","APLP1","Cell_differentiation"
"H_EMT","AREG","Cell_differentiation"
"H_EMT","BASP1","Cell_differentiation"
"H_EMT","BDNF","Cell_differentiation"
"H_EMT","BGN","Cell_differentiation"
"H_EMT","BMP1","Cell_differentiation"
"H_EMT","CADM1","Cell_differentiation"
"H_EMT","CALD1","Cell_differentiation"
"H_EMT","CALU","Cell_differentiation"
"H_EMT","CAP2","Cell_differentiation"
"H_EMT","CAPG","Cell_differentiation"
"H_EMT","CCN1","Cell_differentiation"
"H_EMT","CCN2","Cell_differentiation"
"H_EMT","CD44","Cell_differentiation"
"H_EMT","CD59","Cell_differentiation"
"H_EMT","CDH11","Cell_differentiation"
"H_EMT","CDH2","Cell_differentiation"
"H_EMT","CDH6","Cell_differentiation"
"H_EMT","COL11A1","Cell_differentiation"
"H_EMT","COL12A1","Cell_differentiation"
"H_EMT","COL16A1","Cell_differentiation"
"H_EMT","COL1A1","Cell_differentiation"
"H_EMT","COL1A2","Cell_differentiation"
"H_EMT","COL3A1","Cell_differentiation"
"H_EMT","COL4A1","Cell_differentiation"
"H_EMT","COL4A2","Cell_differentiation"
"H_EMT","COL5A1","Cell_differentiation"
"H_EMT","COL5A2","Cell_differentiation"
"H_EMT","COL5A3","Cell_differentiation"
"H_EMT","COL6A2","Cell_differentiation"
"H_EMT","COL6A3","Cell_differentiation"
"H_EMT","COL7A1","Cell_differentiation"
"H_EMT","COL8A2","Cell_differentiation"
"H_EMT","COLGALT1","Cell_differentiation"
"H_EMT","COMP","Cell_differentiation"
"H_EMT","COPA","Cell_differentiation"
"H_EMT","CRLF1","Cell_differentiation"
"H_EMT","CTHRC1","Cell_differentiation"
"H_EMT","CXCL1","Cell_differentiation"
"H_EMT","CXCL12","Cell_differentiation"
"H_EMT","CXCL6","Cell_differentiation"
"H_EMT","CXCL8","Cell_differentiation"
"H_EMT","DAB2","Cell_differentiation"
"H_EMT","DCN","Cell_differentiation"
"H_EMT","DKK1","Cell_differentiation"
"H_EMT","DPYSL3","Cell_differentiation"
"H_EMT","DST","Cell_differentiation"
"H_EMT","ECM1","Cell_differentiation"
"H_EMT","ECM2","Cell_differentiation"
"H_EMT","EDIL3","Cell_differentiation"
"H_EMT","EFEMP2","Cell_differentiation"
"H_EMT","ELN","Cell_differentiation"
"H_EMT","EMP3","Cell_differentiation"
"H_EMT","ENO2","Cell_differentiation"
"H_EMT","FAP","Cell_differentiation"
"H_EMT","FAS","Cell_differentiation"
"H_EMT","FBLN1","Cell_differentiation"
"H_EMT","FBLN2","Cell_differentiation"
"H_EMT","FBLN5","Cell_differentiation"
"H_EMT","FBN1","Cell_differentiation"
"H_EMT","FBN2","Cell_differentiation"
"H_EMT","FERMT2","Cell_differentiation"
"H_EMT","FGF2","Cell_differentiation"
"H_EMT","FLNA","Cell_differentiation"
"H_EMT","FMOD","Cell_differentiation"
"H_EMT","FN1","Cell_differentiation"
"H_EMT","FOXC2","Cell_differentiation"
"H_EMT","FSTL1","Cell_differentiation"
"H_EMT","FSTL3","Cell_differentiation"
"H_EMT","FUCA1","Cell_differentiation"
"H_EMT","FZD8","Cell_differentiation"
"H_EMT","GADD45A","Cell_differentiation"
"H_EMT","GADD45B","Cell_differentiation"
"H_EMT","GAS1","Cell_differentiation"
"H_EMT","GEM","Cell_differentiation"
"H_EMT","GJA1","Cell_differentiation"
"H_EMT","GLIPR1","Cell_differentiation"
"H_EMT","GPC1","Cell_differentiation"
"H_EMT","GPX7","Cell_differentiation"
"H_EMT","GREM1","Cell_differentiation"
"H_EMT","HTRA1","Cell_differentiation"
"H_EMT","ID2","Cell_differentiation"
"H_EMT","IGFBP2","Cell_differentiation"
"H_EMT","IGFBP3","Cell_differentiation"
"H_EMT","IGFBP4","Cell_differentiation"
"H_EMT","IL15","Cell_differentiation"
"H_EMT","IL32","Cell_differentiation"
"H_EMT","IL6","Cell_differentiation"
"H_EMT","INHBA","Cell_differentiation"
"H_EMT","ITGA2","Cell_differentiation"
"H_EMT","ITGA5","Cell_differentiation"
"H_EMT","ITGAV","Cell_differentiation"
"H_EMT","ITGB1","Cell_differentiation"
"H_EMT","ITGB3","Cell_differentiation"
"H_EMT","ITGB5","Cell_differentiation"
"H_EMT","JUN","Cell_differentiation"
"H_EMT","LAMA1","Cell_differentiation"
"H_EMT","LAMA2","Cell_differentiation"
"H_EMT","LAMA3","Cell_differentiation"
"H_EMT","LAMC1","Cell_differentiation"
"H_EMT","LAMC2","Cell_differentiation"
"H_EMT","LGALS1","Cell_differentiation"
"H_EMT","LOX","Cell_differentiation"
"H_EMT","LOXL1","Cell_differentiation"
"H_EMT","LOXL2","Cell_differentiation"
"H_EMT","LRP1","Cell_differentiation"
"H_EMT","LRRC15","Cell_differentiation"
"H_EMT","LUM","Cell_differentiation"
"H_EMT","MAGEE1","Cell_differentiation"
"H_EMT","MATN2","Cell_differentiation"
"H_EMT","MATN3","Cell_differentiation"
"H_EMT","MCM7","Cell_differentiation"
"H_EMT","MEST","Cell_differentiation"
"H_EMT","MFAP5","Cell_differentiation"
"H_EMT","MGP","Cell_differentiation"
"H_EMT","MMP1","Cell_differentiation"
"H_EMT","MMP14","Cell_differentiation"
"H_EMT","MMP2","Cell_differentiation"
"H_EMT","MMP3","Cell_differentiation"
"H_EMT","MSX1","Cell_differentiation"
"H_EMT","MXRA5","Cell_differentiation"
"H_EMT","MYL9","Cell_differentiation"
"H_EMT","MYLK","Cell_differentiation"
"H_EMT","NID2","Cell_differentiation"
"H_EMT","NNMT","Cell_differentiation"
"H_EMT","NOTCH2","Cell_differentiation"
"H_EMT","NT5E","Cell_differentiation"
"H_EMT","NTM","Cell_differentiation"
"H_EMT","OXTR","Cell_differentiation"
"H_EMT","P3H1","Cell_differentiation"
"H_EMT","PCOLCE","Cell_differentiation"
"H_EMT","PCOLCE2","Cell_differentiation"
"H_EMT","PDGFRB","Cell_differentiation"
"H_EMT","PDLIM4","Cell_differentiation"
"H_EMT","PFN2","Cell_differentiation"
"H_EMT","PLAUR","Cell_differentiation"
"H_EMT","PLOD1","Cell_differentiation"
"H_EMT","PLOD2","Cell_differentiation"
"H_EMT","PLOD3","Cell_differentiation"
"H_EMT","PMEPA1","Cell_differentiation"
"H_EMT","PMP22","Cell_differentiation"
"H_EMT","POSTN","Cell_differentiation"
"H_EMT","PPIB","Cell_differentiation"
"H_EMT","PRRX1","Cell_differentiation"
"H_EMT","PRSS2","Cell_differentiation"
"H_EMT","PTHLH","Cell_differentiation"
"H_EMT","PTX3","Cell_differentiation"
"H_EMT","PVR","Cell_differentiation"
"H_EMT","QSOX1","Cell_differentiation"
"H_EMT","RGS4","Cell_differentiation"
"H_EMT","RHOB","Cell_differentiation"
"H_EMT","SAT1","Cell_differentiation"
"H_EMT","SCG2","Cell_differentiation"
"H_EMT","SDC1","Cell_differentiation"
"H_EMT","SDC4","Cell_differentiation"
"H_EMT","SERPINE1","Cell_differentiation"
"H_EMT","SERPINE2","Cell_differentiation"
"H_EMT","SERPINH1","Cell_differentiation"
"H_EMT","SFRP1","Cell_differentiation"
"H_EMT","SFRP4","Cell_differentiation"
"H_EMT","SGCB","Cell_differentiation"
"H_EMT","SGCD","Cell_differentiation"
"H_EMT","SGCG","Cell_differentiation"
"H_EMT","SLC6A8","Cell_differentiation"
"H_EMT","SLIT2","Cell_differentiation"
"H_EMT","SLIT3","Cell_differentiation"
"H_EMT","SNAI2","Cell_differentiation"
"H_EMT","SNTB1","Cell_differentiation"
"H_EMT","SPARC","Cell_differentiation"
"H_EMT","SPOCK1","Cell_differentiation"
"H_EMT","SPP1","Cell_differentiation"
"H_EMT","TAGLN","Cell_differentiation"
"H_EMT","TFPI2","Cell_differentiation"
"H_EMT","TGFB1","Cell_differentiation"
"H_EMT","TGFBI","Cell_differentiation"
"H_EMT","TGFBR3","Cell_differentiation"
"H_EMT","TGM2","Cell_differentiation"
"H_EMT","THBS1","Cell_differentiation"
"H_EMT","THBS2","Cell_differentiation"
"H_EMT","THY1","Cell_differentiation"
"H_EMT","TIMP1","Cell_differentiation"
"H_EMT","TIMP3","Cell_differentiation"
"H_EMT","TNC","Cell_differentiation"
"H_EMT","TNFAIP3","Cell_differentiation"
"H_EMT","TNFRSF11B","Cell_differentiation"
"H_EMT","TNFRSF12A","Cell_differentiation"
"H_EMT","TPM1","Cell_differentiation"
"H_EMT","TPM2","Cell_differentiation"
"H_EMT","TPM4","Cell_differentiation"
"H_EMT","VCAM1","Cell_differentiation"
"H_EMT","VCAN","Cell_differentiation"
"H_EMT","VEGFA","Cell_differentiation"
"H_EMT","VEGFC","Cell_differentiation"
"H_EMT","VIM","Cell_differentiation"
"H_EMT","WIPF1","Cell_differentiation"
"H_EMT","WNT5A","Cell_differentiation"
"H_FA_metabolism","AADAT","Metabolic_Pathways"
"H_FA_metabolism","ACAA1","Metabolic_Pathways"
"H_FA_metabolism","ACAA2","Metabolic_Pathways"
"H_FA_metabolism","ACADL","Metabolic_Pathways"
"H_FA_metabolism","ACADM","Metabolic_Pathways"
"H_FA_metabolism","ACADS","Metabolic_Pathways"
"H_FA_metabolism","ACADVL","Metabolic_Pathways"
"H_FA_metabolism","ACAT2","Metabolic_Pathways"
"H_FA_metabolism","ACO2","Metabolic_Pathways"
"H_FA_metabolism","ACOT2","Metabolic_Pathways"
"H_FA_metabolism","ACOT8","Metabolic_Pathways"
"H_FA_metabolism","ACOX1","Metabolic_Pathways"
"H_FA_metabolism","ACSL1","Metabolic_Pathways"
"H_FA_metabolism","ACSL4","Metabolic_Pathways"
"H_FA_metabolism","ACSL5","Metabolic_Pathways"
"H_FA_metabolism","ACSM3","Metabolic_Pathways"
"H_FA_metabolism","ACSS1","Metabolic_Pathways"
"H_FA_metabolism","ADH1C","Metabolic_Pathways"
"H_FA_metabolism","ADH7","Metabolic_Pathways"
"H_FA_metabolism","ADIPOR2","Metabolic_Pathways"
"H_FA_metabolism","ADSL","Metabolic_Pathways"
"H_FA_metabolism","ALAD","Metabolic_Pathways"
"H_FA_metabolism","ALDH1A1","Metabolic_Pathways"
"H_FA_metabolism","ALDH3A1","Metabolic_Pathways"
"H_FA_metabolism","ALDH3A2","Metabolic_Pathways"
"H_FA_metabolism","ALDH9A1","Metabolic_Pathways"
"H_FA_metabolism","ALDOA","Metabolic_Pathways"
"H_FA_metabolism","AOC3","Metabolic_Pathways"
"H_FA_metabolism","APEX1","Metabolic_Pathways"
"H_FA_metabolism","AQP7","Metabolic_Pathways"
"H_FA_metabolism","AUH","Metabolic_Pathways"
"H_FA_metabolism","BCKDHB","Metabolic_Pathways"
"H_FA_metabolism","BLVRA","Metabolic_Pathways"
"H_FA_metabolism","BMPR1B","Metabolic_Pathways"
"H_FA_metabolism","BPHL","Metabolic_Pathways"
"H_FA_metabolism","CA2","Metabolic_Pathways"
"H_FA_metabolism","CA4","Metabolic_Pathways"
"H_FA_metabolism","CA6","Metabolic_Pathways"
"H_FA_metabolism","CBR1","Metabolic_Pathways"
"H_FA_metabolism","CBR3","Metabolic_Pathways"
"H_FA_metabolism","CD1D","Metabolic_Pathways"
"H_FA_metabolism","CD36","Metabolic_Pathways"
"H_FA_metabolism","CEL","Metabolic_Pathways"
"H_FA_metabolism","CIDEA","Metabolic_Pathways"
"H_FA_metabolism","CPOX","Metabolic_Pathways"
"H_FA_metabolism","CPT1A","Metabolic_Pathways"
"H_FA_metabolism","CPT2","Metabolic_Pathways"
"H_FA_metabolism","CRAT","Metabolic_Pathways"
"H_FA_metabolism","CRYZ","Metabolic_Pathways"
"H_FA_metabolism","CYP1A1","Metabolic_Pathways"
"H_FA_metabolism","CYP4A11","Metabolic_Pathways"
"H_FA_metabolism","CYP4A22","Metabolic_Pathways"
"H_FA_metabolism","D2HGDH","Metabolic_Pathways"
"H_FA_metabolism","DECR1","Metabolic_Pathways"
"H_FA_metabolism","DHCR24","Metabolic_Pathways"
"H_FA_metabolism","DLD","Metabolic_Pathways"
"H_FA_metabolism","DLST","Metabolic_Pathways"
"H_FA_metabolism","ECH1","Metabolic_Pathways"
"H_FA_metabolism","ECHS1","Metabolic_Pathways"
"H_FA_metabolism","ECI1","Metabolic_Pathways"
"H_FA_metabolism","ECI2","Metabolic_Pathways"
"H_FA_metabolism","EHHADH","Metabolic_Pathways"
"H_FA_metabolism","ELOVL5","Metabolic_Pathways"
"H_FA_metabolism","ENO2","Metabolic_Pathways"
"H_FA_metabolism","ENO3","Metabolic_Pathways"
"H_FA_metabolism","EPHX1","Metabolic_Pathways"
"H_FA_metabolism","ERP29","Metabolic_Pathways"
"H_FA_metabolism","ETFDH","Metabolic_Pathways"
"H_FA_metabolism","FABP1","Metabolic_Pathways"
"H_FA_metabolism","FABP2","Metabolic_Pathways"
"H_FA_metabolism","FASN","Metabolic_Pathways"
"H_FA_metabolism","FH","Metabolic_Pathways"
"H_FA_metabolism","FMO1","Metabolic_Pathways"
"H_FA_metabolism","G0S2","Metabolic_Pathways"
"H_FA_metabolism","GABARAPL1","Metabolic_Pathways"
"H_FA_metabolism","GAD2","Metabolic_Pathways"
"H_FA_metabolism","GAPDHS","Metabolic_Pathways"
"H_FA_metabolism","GCDH","Metabolic_Pathways"
"H_FA_metabolism","GLUL","Metabolic_Pathways"
"H_FA_metabolism","GPD1","Metabolic_Pathways"
"H_FA_metabolism","GPD2","Metabolic_Pathways"
"H_FA_metabolism","GRHPR","Metabolic_Pathways"
"H_FA_metabolism","GSTZ1","Metabolic_Pathways"
"H_FA_metabolism","H2AZ1","Metabolic_Pathways"
"H_FA_metabolism","HADH","Metabolic_Pathways"
"H_FA_metabolism","HADHB","Metabolic_Pathways"
"H_FA_metabolism","HAO2","Metabolic_Pathways"
"H_FA_metabolism","HCCS","Metabolic_Pathways"
"H_FA_metabolism","HIBCH","Metabolic_Pathways"
"H_FA_metabolism","HMGCL","Metabolic_Pathways"
"H_FA_metabolism","HMGCS1","Metabolic_Pathways"
"H_FA_metabolism","HMGCS2","Metabolic_Pathways"
"H_FA_metabolism","HPGD","Metabolic_Pathways"
"H_FA_metabolism","HSD17B10","Metabolic_Pathways"
"H_FA_metabolism","HSD17B11","Metabolic_Pathways"
"H_FA_metabolism","HSD17B4","Metabolic_Pathways"
"H_FA_metabolism","HSD17B7","Metabolic_Pathways"
"H_FA_metabolism","HSDL2","Metabolic_Pathways"
"H_FA_metabolism","HSP90AA1","Metabolic_Pathways"
"H_FA_metabolism","HSPH1","Metabolic_Pathways"
"H_FA_metabolism","IDH1","Metabolic_Pathways"
"H_FA_metabolism","IDH3B","Metabolic_Pathways"
"H_FA_metabolism","IDH3G","Metabolic_Pathways"
"H_FA_metabolism","IDI1","Metabolic_Pathways"
"H_FA_metabolism","IL4I1","Metabolic_Pathways"
"H_FA_metabolism","INMT","Metabolic_Pathways"
"H_FA_metabolism","KMT5A","Metabolic_Pathways"
"H_FA_metabolism","LDHA","Metabolic_Pathways"
"H_FA_metabolism","LGALS1","Metabolic_Pathways"
"H_FA_metabolism","LTC4S","Metabolic_Pathways"
"H_FA_metabolism","MAOA","Metabolic_Pathways"
"H_FA_metabolism","MCEE","Metabolic_Pathways"
"H_FA_metabolism","MDH1","Metabolic_Pathways"
"H_FA_metabolism","MDH2","Metabolic_Pathways"
"H_FA_metabolism","ME1","Metabolic_Pathways"
"H_FA_metabolism","METAP1","Metabolic_Pathways"
"H_FA_metabolism","MGLL","Metabolic_Pathways"
"H_FA_metabolism","MIF","Metabolic_Pathways"
"H_FA_metabolism","MIX23","Metabolic_Pathways"
"H_FA_metabolism","MLYCD","Metabolic_Pathways"
"H_FA_metabolism","NBN","Metabolic_Pathways"
"H_FA_metabolism","NCAPH2","Metabolic_Pathways"
"H_FA_metabolism","NSDHL","Metabolic_Pathways"
"H_FA_metabolism","NTHL1","Metabolic_Pathways"
"H_FA_metabolism","ODC1","Metabolic_Pathways"
"H_FA_metabolism","OSTC","Metabolic_Pathways"
"H_FA_metabolism","PCBD1","Metabolic_Pathways"
"H_FA_metabolism","PDHA1","Metabolic_Pathways"
"H_FA_metabolism","PDHB","Metabolic_Pathways"
"H_FA_metabolism","PPARA","Metabolic_Pathways"
"H_FA_metabolism","PRDX6","Metabolic_Pathways"
"H_FA_metabolism","PSME1","Metabolic_Pathways"
"H_FA_metabolism","PTPRG","Metabolic_Pathways"
"H_FA_metabolism","PTS","Metabolic_Pathways"
"H_FA_metabolism","RAP1GDS1","Metabolic_Pathways"
"H_FA_metabolism","RDH11","Metabolic_Pathways"
"H_FA_metabolism","RDH16","Metabolic_Pathways"
"H_FA_metabolism","REEP6","Metabolic_Pathways"
"H_FA_metabolism","RETSAT","Metabolic_Pathways"
"H_FA_metabolism","S100A10","Metabolic_Pathways"
"H_FA_metabolism","SDHA","Metabolic_Pathways"
"H_FA_metabolism","SDHC","Metabolic_Pathways"
"H_FA_metabolism","SDHD","Metabolic_Pathways"
"H_FA_metabolism","SERINC1","Metabolic_Pathways"
"H_FA_metabolism","SLC22A5","Metabolic_Pathways"
"H_FA_metabolism","SMS","Metabolic_Pathways"
"H_FA_metabolism","SUCLA2","Metabolic_Pathways"
"H_FA_metabolism","SUCLG1","Metabolic_Pathways"
"H_FA_metabolism","SUCLG2","Metabolic_Pathways"
"H_FA_metabolism","TDO2","Metabolic_Pathways"
"H_FA_metabolism","TP53INP2","Metabolic_Pathways"
"H_FA_metabolism","UBE2L6","Metabolic_Pathways"
"H_FA_metabolism","UGDH","Metabolic_Pathways"
"H_FA_metabolism","UROD","Metabolic_Pathways"
"H_FA_metabolism","UROS","Metabolic_Pathways"
"H_FA_metabolism","VNN1","Metabolic_Pathways"
"H_FA_metabolism","XIST","Metabolic_Pathways"
"H_FA_metabolism","YWHAH","Metabolic_Pathways"
"Hypoxia","ACKR3","Cell_differentiation"
"Hypoxia","ADM","Cell_differentiation"
"Hypoxia","ADORA2B","Cell_differentiation"
"Hypoxia","AK4","Cell_differentiation"
"Hypoxia","AKAP12","Cell_differentiation"
"Hypoxia","ALDOA","Cell_differentiation"
"Hypoxia","ALDOB","Cell_differentiation"
"Hypoxia","ALDOC","Cell_differentiation"
"Hypoxia","AMPD3","Cell_differentiation"
"Hypoxia","ANGPTL4","Cell_differentiation"
"Hypoxia","ANKZF1","Cell_differentiation"
"Hypoxia","ANXA2","Cell_differentiation"
"Hypoxia","ATF3","Cell_differentiation"
"Hypoxia","ATP7A","Cell_differentiation"
"Hypoxia","B3GALT6","Cell_differentiation"
"Hypoxia","B4GALNT2","Cell_differentiation"
"Hypoxia","BCAN","Cell_differentiation"
"Hypoxia","BCL2","Cell_differentiation"
"Hypoxia","BGN","Cell_differentiation"
"Hypoxia","BHLHE40","Cell_differentiation"
"Hypoxia","BNIP3L","Cell_differentiation"
"Hypoxia","BRS3","Cell_differentiation"
"Hypoxia","BTG1","Cell_differentiation"
"Hypoxia","CA12","Cell_differentiation"
"Hypoxia","CASP6","Cell_differentiation"
"Hypoxia","CAV1","Cell_differentiation"
"Hypoxia","CAVIN1","Cell_differentiation"
"Hypoxia","CAVIN3","Cell_differentiation"
"Hypoxia","CCN1","Cell_differentiation"
"Hypoxia","CCN2","Cell_differentiation"
"Hypoxia","CCN5","Cell_differentiation"
"Hypoxia","CCNG2","Cell_differentiation"
"Hypoxia","CDKN1A","Cell_differentiation"
"Hypoxia","CDKN1B","Cell_differentiation"
"Hypoxia","CDKN1C","Cell_differentiation"
"Hypoxia","CHST2","Cell_differentiation"
"Hypoxia","CHST3","Cell_differentiation"
"Hypoxia","CITED2","Cell_differentiation"
"Hypoxia","COL5A1","Cell_differentiation"
"Hypoxia","CP","Cell_differentiation"
"Hypoxia","CSRP2","Cell_differentiation"
"Hypoxia","CXCR4","Cell_differentiation"
"Hypoxia","DCN","Cell_differentiation"
"Hypoxia","DDIT3","Cell_differentiation"
"Hypoxia","DDIT4","Cell_differentiation"
"Hypoxia","DPYSL4","Cell_differentiation"
"Hypoxia","DTNA","Cell_differentiation"
"Hypoxia","DUSP1","Cell_differentiation"
"Hypoxia","EDN2","Cell_differentiation"
"Hypoxia","EFNA1","Cell_differentiation"
"Hypoxia","EFNA3","Cell_differentiation"
"Hypoxia","EGFR","Cell_differentiation"
"Hypoxia","ENO1","Cell_differentiation"
"Hypoxia","ENO2","Cell_differentiation"
"Hypoxia","ENO3","Cell_differentiation"
"Hypoxia","ERO1A","Cell_differentiation"
"Hypoxia","ERRFI1","Cell_differentiation"
"Hypoxia","ETS1","Cell_differentiation"
"Hypoxia","EXT1","Cell_differentiation"
"Hypoxia","F3","Cell_differentiation"
"Hypoxia","FAM162A","Cell_differentiation"
"Hypoxia","FBP1","Cell_differentiation"
"Hypoxia","FOS","Cell_differentiation"
"Hypoxia","FOSL2","Cell_differentiation"
"Hypoxia","FOXO3","Cell_differentiation"
"Hypoxia","GAA","Cell_differentiation"
"Hypoxia","GALK1","Cell_differentiation"
"Hypoxia","GAPDH","Cell_differentiation"
"Hypoxia","GAPDHS","Cell_differentiation"
"Hypoxia","GBE1","Cell_differentiation"
"Hypoxia","GCK","Cell_differentiation"
"Hypoxia","GCNT2","Cell_differentiation"
"Hypoxia","GLRX","Cell_differentiation"
"Hypoxia","GPC1","Cell_differentiation"
"Hypoxia","GPC3","Cell_differentiation"
"Hypoxia","GPC4","Cell_differentiation"
"Hypoxia","GPI","Cell_differentiation"
"Hypoxia","GRHPR","Cell_differentiation"
"Hypoxia","GYS1","Cell_differentiation"
"Hypoxia","HAS1","Cell_differentiation"
"Hypoxia","HDLBP","Cell_differentiation"
"Hypoxia","HEXA","Cell_differentiation"
"Hypoxia","HK1","Cell_differentiation"
"Hypoxia","HK2","Cell_differentiation"
"Hypoxia","HMOX1","Cell_differentiation"
"Hypoxia","HOXB9","Cell_differentiation"
"Hypoxia","HS3ST1","Cell_differentiation"
"Hypoxia","HSPA5","Cell_differentiation"
"Hypoxia","IDS","Cell_differentiation"
"Hypoxia","IER3","Cell_differentiation"
"Hypoxia","IGFBP1","Cell_differentiation"
"Hypoxia","IGFBP3","Cell_differentiation"
"Hypoxia","IL6","Cell_differentiation"
"Hypoxia","ILVBL","Cell_differentiation"
"Hypoxia","INHA","Cell_differentiation"
"Hypoxia","IRS2","Cell_differentiation"
"Hypoxia","ISG20","Cell_differentiation"
"Hypoxia","JMJD6","Cell_differentiation"
"Hypoxia","JUN","Cell_differentiation"
"Hypoxia","KDELR3","Cell_differentiation"
"Hypoxia","KDM3A","Cell_differentiation"
"Hypoxia","KIF5A","Cell_differentiation"
"Hypoxia","KLF6","Cell_differentiation"
"Hypoxia","KLF7","Cell_differentiation"
"Hypoxia","KLHL24","Cell_differentiation"
"Hypoxia","LALBA","Cell_differentiation"
"Hypoxia","LARGE1","Cell_differentiation"
"Hypoxia","LDHA","Cell_differentiation"
"Hypoxia","LDHC","Cell_differentiation"
"Hypoxia","LOX","Cell_differentiation"
"Hypoxia","LXN","Cell_differentiation"
"Hypoxia","MAFF","Cell_differentiation"
"Hypoxia","MAP3K1","Cell_differentiation"
"Hypoxia","MIF","Cell_differentiation"
"Hypoxia","MT1E","Cell_differentiation"
"Hypoxia","MT2A","Cell_differentiation"
"Hypoxia","MXI1","Cell_differentiation"
"Hypoxia","MYH9","Cell_differentiation"
"Hypoxia","NAGK","Cell_differentiation"
"Hypoxia","NCAN","Cell_differentiation"
"Hypoxia","NDRG1","Cell_differentiation"
"Hypoxia","NDST1","Cell_differentiation"
"Hypoxia","NDST2","Cell_differentiation"
"Hypoxia","NEDD4L","Cell_differentiation"
"Hypoxia","NFIL3","Cell_differentiation"
"Hypoxia","NOCT","Cell_differentiation"
"Hypoxia","NR3C1","Cell_differentiation"
"Hypoxia","P4HA1","Cell_differentiation"
"Hypoxia","P4HA2","Cell_differentiation"
"Hypoxia","PAM","Cell_differentiation"
"Hypoxia","PCK1","Cell_differentiation"
"Hypoxia","PDGFB","Cell_differentiation"
"Hypoxia","PDK1","Cell_differentiation"
"Hypoxia","PDK3","Cell_differentiation"
"Hypoxia","PFKFB3","Cell_differentiation"
"Hypoxia","PFKL","Cell_differentiation"
"Hypoxia","PFKP","Cell_differentiation"
"Hypoxia","PGAM2","Cell_differentiation"
"Hypoxia","PGF","Cell_differentiation"
"Hypoxia","PGK1","Cell_differentiation"
"Hypoxia","PGM1","Cell_differentiation"
"Hypoxia","PGM2","Cell_differentiation"
"Hypoxia","PHKG1","Cell_differentiation"
"Hypoxia","PIM1","Cell_differentiation"
"Hypoxia","PKLR","Cell_differentiation"
"Hypoxia","PKP1","Cell_differentiation"
"Hypoxia","PLAC8","Cell_differentiation"
"Hypoxia","PLAUR","Cell_differentiation"
"Hypoxia","PLIN2","Cell_differentiation"
"Hypoxia","PNRC1","Cell_differentiation"
"Hypoxia","PPARGC1A","Cell_differentiation"
"Hypoxia","PPFIA4","Cell_differentiation"
"Hypoxia","PPP1R15A","Cell_differentiation"
"Hypoxia","PPP1R3C","Cell_differentiation"
"Hypoxia","PRDX5","Cell_differentiation"
"Hypoxia","PRKCA","Cell_differentiation"
"Hypoxia","PYGM","Cell_differentiation"
"Hypoxia","RBPJ","Cell_differentiation"
"Hypoxia","RORA","Cell_differentiation"
"Hypoxia","RRAGD","Cell_differentiation"
"Hypoxia","S100A4","Cell_differentiation"
"Hypoxia","SAP30","Cell_differentiation"
"Hypoxia","SCARB1","Cell_differentiation"
"Hypoxia","SDC2","Cell_differentiation"
"Hypoxia","SDC3","Cell_differentiation"
"Hypoxia","SDC4","Cell_differentiation"
"Hypoxia","SELENBP1","Cell_differentiation"
"Hypoxia","SERPINE1","Cell_differentiation"
"Hypoxia","SIAH2","Cell_differentiation"
"Hypoxia","SLC25A1","Cell_differentiation"
"Hypoxia","SLC2A1","Cell_differentiation"
"Hypoxia","SLC2A3","Cell_differentiation"
"Hypoxia","SLC2A5","Cell_differentiation"
"Hypoxia","SLC37A4","Cell_differentiation"
"Hypoxia","SLC6A6","Cell_differentiation"
"Hypoxia","SRPX","Cell_differentiation"
"Hypoxia","STBD1","Cell_differentiation"
"Hypoxia","STC1","Cell_differentiation"
"Hypoxia","STC2","Cell_differentiation"
"Hypoxia","SULT2B1","Cell_differentiation"
"Hypoxia","TES","Cell_differentiation"
"Hypoxia","TGFB3","Cell_differentiation"
"Hypoxia","TGFBI","Cell_differentiation"
"Hypoxia","TGM2","Cell_differentiation"
"Hypoxia","TIPARP","Cell_differentiation"
"Hypoxia","TKTL1","Cell_differentiation"
"Hypoxia","TMEM45A","Cell_differentiation"
"Hypoxia","TNFAIP3","Cell_differentiation"
"Hypoxia","TPBG","Cell_differentiation"
"Hypoxia","TPD52","Cell_differentiation"
"Hypoxia","TPI1","Cell_differentiation"
"Hypoxia","TPST2","Cell_differentiation"
"Hypoxia","UGP2","Cell_differentiation"
"Hypoxia","VEGFA","Cell_differentiation"
"Hypoxia","VHL","Cell_differentiation"
"Hypoxia","VLDLR","Cell_differentiation"
"Hypoxia","WSB1","Cell_differentiation"
"Hypoxia","XPNPEP1","Cell_differentiation"
"Hypoxia","ZFP36","Cell_differentiation"
"Hypoxia","ZNF292","Cell_differentiation"
"H_Inflammatory_response","ABCA1","Immune_Regulation_Pathways"
"H_Inflammatory_response","ABI1","Immune_Regulation_Pathways"
"H_Inflammatory_response","ACVR1B","Immune_Regulation_Pathways"
"H_Inflammatory_response","ACVR2A","Immune_Regulation_Pathways"
"H_Inflammatory_response","ADGRE1","Immune_Regulation_Pathways"
"H_Inflammatory_response","ADM","Immune_Regulation_Pathways"
"H_Inflammatory_response","ADORA2B","Immune_Regulation_Pathways"
"H_Inflammatory_response","ADRM1","Immune_Regulation_Pathways"
"H_Inflammatory_response","AHR","Immune_Regulation_Pathways"
"H_Inflammatory_response","APLNR","Immune_Regulation_Pathways"
"H_Inflammatory_response","AQP9","Immune_Regulation_Pathways"
"H_Inflammatory_response","ATP2A2","Immune_Regulation_Pathways"
"H_Inflammatory_response","ATP2B1","Immune_Regulation_Pathways"
"H_Inflammatory_response","ATP2C1","Immune_Regulation_Pathways"
"H_Inflammatory_response","AXL","Immune_Regulation_Pathways"
"H_Inflammatory_response","BDKRB1","Immune_Regulation_Pathways"
"H_Inflammatory_response","BEST1","Immune_Regulation_Pathways"
"H_Inflammatory_response","BST2","Immune_Regulation_Pathways"
"H_Inflammatory_response","BTG2","Immune_Regulation_Pathways"
"H_Inflammatory_response","C3AR1","Immune_Regulation_Pathways"
"H_Inflammatory_response","C5AR1","Immune_Regulation_Pathways"
"H_Inflammatory_response","CALCRL","Immune_Regulation_Pathways"
"H_Inflammatory_response","CCL17","Immune_Regulation_Pathways"
"H_Inflammatory_response","CCL2","Immune_Regulation_Pathways"
"H_Inflammatory_response","CCL20","Immune_Regulation_Pathways"
"H_Inflammatory_response","CCL22","Immune_Regulation_Pathways"
"H_Inflammatory_response","CCL24","Immune_Regulation_Pathways"
"H_Inflammatory_response","CCL5","Immune_Regulation_Pathways"
"H_Inflammatory_response","CCL7","Immune_Regulation_Pathways"
"H_Inflammatory_response","CCR7","Immune_Regulation_Pathways"
"H_Inflammatory_response","CCRL2","Immune_Regulation_Pathways"
"H_Inflammatory_response","CD14","Immune_Regulation_Pathways"
"H_Inflammatory_response","CD40","Immune_Regulation_Pathways"
"H_Inflammatory_response","CD48","Immune_Regulation_Pathways"
"H_Inflammatory_response","CD55","Immune_Regulation_Pathways"
"H_Inflammatory_response","CD69","Immune_Regulation_Pathways"
"H_Inflammatory_response","CD70","Immune_Regulation_Pathways"
"H_Inflammatory_response","CD82","Immune_Regulation_Pathways"
"H_Inflammatory_response","CDKN1A","Immune_Regulation_Pathways"
"H_Inflammatory_response","CHST2","Immune_Regulation_Pathways"
"H_Inflammatory_response","CLEC5A","Immune_Regulation_Pathways"
"H_Inflammatory_response","CMKLR1","Immune_Regulation_Pathways"
"H_Inflammatory_response","CSF1","Immune_Regulation_Pathways"
"H_Inflammatory_response","CSF3","Immune_Regulation_Pathways"
"H_Inflammatory_response","CSF3R","Immune_Regulation_Pathways"
"H_Inflammatory_response","CX3CL1","Immune_Regulation_Pathways"
"H_Inflammatory_response","CXCL10","Immune_Regulation_Pathways"
"H_Inflammatory_response","CXCL11","Immune_Regulation_Pathways"
"H_Inflammatory_response","CXCL6","Immune_Regulation_Pathways"
"H_Inflammatory_response","CXCL8","Immune_Regulation_Pathways"
"H_Inflammatory_response","CXCL9","Immune_Regulation_Pathways"
"H_Inflammatory_response","CXCR6","Immune_Regulation_Pathways"
"H_Inflammatory_response","CYBB","Immune_Regulation_Pathways"
"H_Inflammatory_response","DCBLD2","Immune_Regulation_Pathways"
"H_Inflammatory_response","EBI3","Immune_Regulation_Pathways"
"H_Inflammatory_response","EDN1","Immune_Regulation_Pathways"
"H_Inflammatory_response","EIF2AK2","Immune_Regulation_Pathways"
"H_Inflammatory_response","EMP3","Immune_Regulation_Pathways"
"H_Inflammatory_response","EREG","Immune_Regulation_Pathways"
"H_Inflammatory_response","F3","Immune_Regulation_Pathways"
"H_Inflammatory_response","FFAR2","Immune_Regulation_Pathways"
"H_Inflammatory_response","FPR1","Immune_Regulation_Pathways"
"H_Inflammatory_response","FZD5","Immune_Regulation_Pathways"
"H_Inflammatory_response","GABBR1","Immune_Regulation_Pathways"
"H_Inflammatory_response","GCH1","Immune_Regulation_Pathways"
"H_Inflammatory_response","GNA15","Immune_Regulation_Pathways"
"H_Inflammatory_response","GNAI3","Immune_Regulation_Pathways"
"H_Inflammatory_response","GP1BA","Immune_Regulation_Pathways"
"H_Inflammatory_response","GPC3","Immune_Regulation_Pathways"
"H_Inflammatory_response","GPR132","Immune_Regulation_Pathways"
"H_Inflammatory_response","GPR183","Immune_Regulation_Pathways"
"H_Inflammatory_response","HAS2","Immune_Regulation_Pathways"
"H_Inflammatory_response","HBEGF","Immune_Regulation_Pathways"
"H_Inflammatory_response","HIF1A","Immune_Regulation_Pathways"
"H_Inflammatory_response","HPN","Immune_Regulation_Pathways"
"H_Inflammatory_response","HRH1","Immune_Regulation_Pathways"
"H_Inflammatory_response","ICAM1","Immune_Regulation_Pathways"
"H_Inflammatory_response","ICAM4","Immune_Regulation_Pathways"
"H_Inflammatory_response","ICOSLG","Immune_Regulation_Pathways"
"H_Inflammatory_response","IFITM1","Immune_Regulation_Pathways"
"H_Inflammatory_response","IFNAR1","Immune_Regulation_Pathways"
"H_Inflammatory_response","IFNGR2","Immune_Regulation_Pathways"
"H_Inflammatory_response","IL10","Immune_Regulation_Pathways"
"H_Inflammatory_response","IL10RA","Immune_Regulation_Pathways"
"H_Inflammatory_response","IL12B","Immune_Regulation_Pathways"
"H_Inflammatory_response","IL15","Immune_Regulation_Pathways"
"H_Inflammatory_response","IL15RA","Immune_Regulation_Pathways"
"H_Inflammatory_response","IL18","Immune_Regulation_Pathways"
"H_Inflammatory_response","IL18R1","Immune_Regulation_Pathways"
"H_Inflammatory_response","IL18RAP","Immune_Regulation_Pathways"
"H_Inflammatory_response","IL1A","Immune_Regulation_Pathways"
"H_Inflammatory_response","IL1B","Immune_Regulation_Pathways"
"H_Inflammatory_response","IL1R1","Immune_Regulation_Pathways"
"H_Inflammatory_response","IL2RB","Immune_Regulation_Pathways"
"H_Inflammatory_response","IL4R","Immune_Regulation_Pathways"
"H_Inflammatory_response","IL6","Immune_Regulation_Pathways"
"H_Inflammatory_response","IL7R","Immune_Regulation_Pathways"
"H_Inflammatory_response","INHBA","Immune_Regulation_Pathways"
"H_Inflammatory_response","IRAK2","Immune_Regulation_Pathways"
"H_Inflammatory_response","IRF1","Immune_Regulation_Pathways"
"H_Inflammatory_response","IRF7","Immune_Regulation_Pathways"
"H_Inflammatory_response","ITGA5","Immune_Regulation_Pathways"
"H_Inflammatory_response","ITGB3","Immune_Regulation_Pathways"
"H_Inflammatory_response","ITGB8","Immune_Regulation_Pathways"
"H_Inflammatory_response","KCNA3","Immune_Regulation_Pathways"
"H_Inflammatory_response","KCNJ2","Immune_Regulation_Pathways"
"H_Inflammatory_response","KCNMB2","Immune_Regulation_Pathways"
"H_Inflammatory_response","KIF1B","Immune_Regulation_Pathways"
"H_Inflammatory_response","KLF6","Immune_Regulation_Pathways"
"H_Inflammatory_response","LAMP3","Immune_Regulation_Pathways"
"H_Inflammatory_response","LCK","Immune_Regulation_Pathways"
"H_Inflammatory_response","LCP2","Immune_Regulation_Pathways"
"H_Inflammatory_response","LDLR","Immune_Regulation_Pathways"
"H_Inflammatory_response","LIF","Immune_Regulation_Pathways"
"H_Inflammatory_response","LPAR1","Immune_Regulation_Pathways"
"H_Inflammatory_response","LTA","Immune_Regulation_Pathways"
"H_Inflammatory_response","LY6E","Immune_Regulation_Pathways"
"H_Inflammatory_response","LYN","Immune_Regulation_Pathways"
"H_Inflammatory_response","MARCO","Immune_Regulation_Pathways"
"H_Inflammatory_response","MEFV","Immune_Regulation_Pathways"
"H_Inflammatory_response","MEP1A","Immune_Regulation_Pathways"
"H_Inflammatory_response","MET","Immune_Regulation_Pathways"
"H_Inflammatory_response","MMP14","Immune_Regulation_Pathways"
"H_Inflammatory_response","MSR1","Immune_Regulation_Pathways"
"H_Inflammatory_response","MXD1","Immune_Regulation_Pathways"
"H_Inflammatory_response","MYC","Immune_Regulation_Pathways"
"H_Inflammatory_response","NAMPT","Immune_Regulation_Pathways"
"H_Inflammatory_response","NDP","Immune_Regulation_Pathways"
"H_Inflammatory_response","NFKB1","Immune_Regulation_Pathways"
"H_Inflammatory_response","NFKBIA","Immune_Regulation_Pathways"
"H_Inflammatory_response","NLRP3","Immune_Regulation_Pathways"
"H_Inflammatory_response","NMI","Immune_Regulation_Pathways"
"H_Inflammatory_response","NMUR1","Immune_Regulation_Pathways"
"H_Inflammatory_response","NOD2","Immune_Regulation_Pathways"
"H_Inflammatory_response","NPFFR2","Immune_Regulation_Pathways"
"H_Inflammatory_response","OLR1","Immune_Regulation_Pathways"
"H_Inflammatory_response","OPRK1","Immune_Regulation_Pathways"
"H_Inflammatory_response","OSM","Immune_Regulation_Pathways"
"H_Inflammatory_response","OSMR","Immune_Regulation_Pathways"
"H_Inflammatory_response","P2RX4","Immune_Regulation_Pathways"
"H_Inflammatory_response","P2RX7","Immune_Regulation_Pathways"
"H_Inflammatory_response","P2RY2","Immune_Regulation_Pathways"
"H_Inflammatory_response","PCDH7","Immune_Regulation_Pathways"
"H_Inflammatory_response","PDE4B","Immune_Regulation_Pathways"
"H_Inflammatory_response","PDPN","Immune_Regulation_Pathways"
"H_Inflammatory_response","PIK3R5","Immune_Regulation_Pathways"
"H_Inflammatory_response","PLAUR","Immune_Regulation_Pathways"
"H_Inflammatory_response","PROK2","Immune_Regulation_Pathways"
"H_Inflammatory_response","PSEN1","Immune_Regulation_Pathways"
"H_Inflammatory_response","PTAFR","Immune_Regulation_Pathways"
"H_Inflammatory_response","PTGER2","Immune_Regulation_Pathways"
"H_Inflammatory_response","PTGER4","Immune_Regulation_Pathways"
"H_Inflammatory_response","PTGIR","Immune_Regulation_Pathways"
"H_Inflammatory_response","PTPRE","Immune_Regulation_Pathways"
"H_Inflammatory_response","PVR","Immune_Regulation_Pathways"
"H_Inflammatory_response","RAF1","Immune_Regulation_Pathways"
"H_Inflammatory_response","RASGRP1","Immune_Regulation_Pathways"
"H_Inflammatory_response","RELA","Immune_Regulation_Pathways"
"H_Inflammatory_response","RGS1","Immune_Regulation_Pathways"
"H_Inflammatory_response","RGS16","Immune_Regulation_Pathways"
"H_Inflammatory_response","RHOG","Immune_Regulation_Pathways"
"H_Inflammatory_response","RIPK2","Immune_Regulation_Pathways"
"H_Inflammatory_response","RNF144B","Immune_Regulation_Pathways"
"H_Inflammatory_response","ROS1","Immune_Regulation_Pathways"
"H_Inflammatory_response","RTP4","Immune_Regulation_Pathways"
"H_Inflammatory_response","SCARF1","Immune_Regulation_Pathways"
"H_Inflammatory_response","SCN1B","Immune_Regulation_Pathways"
"H_Inflammatory_response","SELE","Immune_Regulation_Pathways"
"H_Inflammatory_response","SELENOS","Immune_Regulation_Pathways"
"H_Inflammatory_response","SELL","Immune_Regulation_Pathways"
"H_Inflammatory_response","SEMA4D","Immune_Regulation_Pathways"
"H_Inflammatory_response","SERPINE1","Immune_Regulation_Pathways"
"H_Inflammatory_response","SGMS2","Immune_Regulation_Pathways"
"H_Inflammatory_response","SLAMF1","Immune_Regulation_Pathways"
"H_Inflammatory_response","SLC11A2","Immune_Regulation_Pathways"
"H_Inflammatory_response","SLC1A2","Immune_Regulation_Pathways"
"H_Inflammatory_response","SLC28A2","Immune_Regulation_Pathways"
"H_Inflammatory_response","SLC31A1","Immune_Regulation_Pathways"
"H_Inflammatory_response","SLC31A2","Immune_Regulation_Pathways"
"H_Inflammatory_response","SLC4A4","Immune_Regulation_Pathways"
"H_Inflammatory_response","SLC7A1","Immune_Regulation_Pathways"
"H_Inflammatory_response","SLC7A2","Immune_Regulation_Pathways"
"H_Inflammatory_response","SPHK1","Immune_Regulation_Pathways"
"H_Inflammatory_response","SRI","Immune_Regulation_Pathways"
"H_Inflammatory_response","STAB1","Immune_Regulation_Pathways"
"H_Inflammatory_response","TACR1","Immune_Regulation_Pathways"
"H_Inflammatory_response","TACR3","Immune_Regulation_Pathways"
"H_Inflammatory_response","TAPBP","Immune_Regulation_Pathways"
"H_Inflammatory_response","TIMP1","Immune_Regulation_Pathways"
"H_Inflammatory_response","TLR1","Immune_Regulation_Pathways"
"H_Inflammatory_response","TLR2","Immune_Regulation_Pathways"
"H_Inflammatory_response","TLR3","Immune_Regulation_Pathways"
"H_Inflammatory_response","TNFAIP6","Immune_Regulation_Pathways"
"H_Inflammatory_response","TNFRSF1B","Immune_Regulation_Pathways"
"H_Inflammatory_response","TNFRSF9","Immune_Regulation_Pathways"
"H_Inflammatory_response","TNFSF10","Immune_Regulation_Pathways"
"H_Inflammatory_response","TNFSF15","Immune_Regulation_Pathways"
"H_Inflammatory_response","TNFSF9","Immune_Regulation_Pathways"
"H_Inflammatory_response","TPBG","Immune_Regulation_Pathways"
"H_Inflammatory_response","VIP","Immune_Regulation_Pathways"
"H_INFA_response","ADAR","Immune_Regulation_Pathways"
"H_INFA_response","B2M","Immune_Regulation_Pathways"
"H_INFA_response","BATF2","Immune_Regulation_Pathways"
"H_INFA_response","BST2","Immune_Regulation_Pathways"
"H_INFA_response","C1S","Immune_Regulation_Pathways"
"H_INFA_response","CASP1","Immune_Regulation_Pathways"
"H_INFA_response","CASP8","Immune_Regulation_Pathways"
"H_INFA_response","CCRL2","Immune_Regulation_Pathways"
"H_INFA_response","CD47","Immune_Regulation_Pathways"
"H_INFA_response","CD74","Immune_Regulation_Pathways"
"H_INFA_response","CMPK2","Immune_Regulation_Pathways"
"H_INFA_response","CMTR1","Immune_Regulation_Pathways"
"H_INFA_response","CNP","Immune_Regulation_Pathways"
"H_INFA_response","CSF1","Immune_Regulation_Pathways"
"H_INFA_response","CXCL10","Immune_Regulation_Pathways"
"H_INFA_response","CXCL11","Immune_Regulation_Pathways"
"H_INFA_response","DDX60","Immune_Regulation_Pathways"
"H_INFA_response","DHX58","Immune_Regulation_Pathways"
"H_INFA_response","EIF2AK2","Immune_Regulation_Pathways"
"H_INFA_response","ELF1","Immune_Regulation_Pathways"
"H_INFA_response","EPSTI1","Immune_Regulation_Pathways"
"H_INFA_response","GBP2","Immune_Regulation_Pathways"
"H_INFA_response","GBP4","Immune_Regulation_Pathways"
"H_INFA_response","GMPR","Immune_Regulation_Pathways"
"H_INFA_response","HELZ2","Immune_Regulation_Pathways"
"H_INFA_response","HERC6","Immune_Regulation_Pathways"
"H_INFA_response","HLA-C","Immune_Regulation_Pathways"
"H_INFA_response","IFI27","Immune_Regulation_Pathways"
"H_INFA_response","IFI30","Immune_Regulation_Pathways"
"H_INFA_response","IFI35","Immune_Regulation_Pathways"
"H_INFA_response","IFI44","Immune_Regulation_Pathways"
"H_INFA_response","IFI44L","Immune_Regulation_Pathways"
"H_INFA_response","IFIH1","Immune_Regulation_Pathways"
"H_INFA_response","IFIT2","Immune_Regulation_Pathways"
"H_INFA_response","IFIT3","Immune_Regulation_Pathways"
"H_INFA_response","IFITM1","Immune_Regulation_Pathways"
"H_INFA_response","IFITM2","Immune_Regulation_Pathways"
"H_INFA_response","IFITM3","Immune_Regulation_Pathways"
"H_INFA_response","IL15","Immune_Regulation_Pathways"
"H_INFA_response","IL4R","Immune_Regulation_Pathways"
"H_INFA_response","IL7","Immune_Regulation_Pathways"
"H_INFA_response","IRF1","Immune_Regulation_Pathways"
"H_INFA_response","IRF2","Immune_Regulation_Pathways"
"H_INFA_response","IRF7","Immune_Regulation_Pathways"
"H_INFA_response","IRF9","Immune_Regulation_Pathways"
"H_INFA_response","ISG15","Immune_Regulation_Pathways"
"H_INFA_response","ISG20","Immune_Regulation_Pathways"
"H_INFA_response","LAMP3","Immune_Regulation_Pathways"
"H_INFA_response","LAP3","Immune_Regulation_Pathways"
"H_INFA_response","LGALS3BP","Immune_Regulation_Pathways"
"H_INFA_response","LPAR6","Immune_Regulation_Pathways"
"H_INFA_response","LY6E","Immune_Regulation_Pathways"
"H_INFA_response","MOV10","Immune_Regulation_Pathways"
"H_INFA_response","MVB12A","Immune_Regulation_Pathways"
"H_INFA_response","MX1","Immune_Regulation_Pathways"
"H_INFA_response","NCOA7","Immune_Regulation_Pathways"
"H_INFA_response","NMI","Immune_Regulation_Pathways"
"H_INFA_response","NUB1","Immune_Regulation_Pathways"
"H_INFA_response","OAS1","Immune_Regulation_Pathways"
"H_INFA_response","OASL","Immune_Regulation_Pathways"
"H_INFA_response","OGFR","Immune_Regulation_Pathways"
"H_INFA_response","PARP12","Immune_Regulation_Pathways"
"H_INFA_response","PARP14","Immune_Regulation_Pathways"
"H_INFA_response","PARP9","Immune_Regulation_Pathways"
"H_INFA_response","PLSCR1","Immune_Regulation_Pathways"
"H_INFA_response","PNPT1","Immune_Regulation_Pathways"
"H_INFA_response","PROCR","Immune_Regulation_Pathways"
"H_INFA_response","PSMA3","Immune_Regulation_Pathways"
"H_INFA_response","PSMB8","Immune_Regulation_Pathways"
"H_INFA_response","PSMB9","Immune_Regulation_Pathways"
"H_INFA_response","PSME1","Immune_Regulation_Pathways"
"H_INFA_response","PSME2","Immune_Regulation_Pathways"
"H_INFA_response","RIPK2","Immune_Regulation_Pathways"
"H_INFA_response","RNF31","Immune_Regulation_Pathways"
"H_INFA_response","RSAD2","Immune_Regulation_Pathways"
"H_INFA_response","RTP4","Immune_Regulation_Pathways"
"H_INFA_response","SAMD9","Immune_Regulation_Pathways"
"H_INFA_response","SAMD9L","Immune_Regulation_Pathways"
"H_INFA_response","SELL","Immune_Regulation_Pathways"
"H_INFA_response","SLC25A28","Immune_Regulation_Pathways"
"H_INFA_response","SP110","Immune_Regulation_Pathways"
"H_INFA_response","STAT2","Immune_Regulation_Pathways"
"H_INFA_response","TAP1","Immune_Regulation_Pathways"
"H_INFA_response","TDRD7","Immune_Regulation_Pathways"
"H_INFA_response","TENT5A","Immune_Regulation_Pathways"
"H_INFA_response","TMEM140","Immune_Regulation_Pathways"
"H_INFA_response","TRAFD1","Immune_Regulation_Pathways"
"H_INFA_response","TRIM14","Immune_Regulation_Pathways"
"H_INFA_response","TRIM21","Immune_Regulation_Pathways"
"H_INFA_response","TRIM25","Immune_Regulation_Pathways"
"H_INFA_response","TRIM26","Immune_Regulation_Pathways"
"H_INFA_response","TRIM5","Immune_Regulation_Pathways"
"H_INFA_response","TXNIP","Immune_Regulation_Pathways"
"H_INFA_response","UBA7","Immune_Regulation_Pathways"
"H_INFA_response","UBE2L6","Immune_Regulation_Pathways"
"H_INFA_response","USP18","Immune_Regulation_Pathways"
"H_INFA_response","WARS1","Immune_Regulation_Pathways"
"H_INFG_response","ADAR","Immune_Regulation_Pathways"
"H_INFG_response","APOL6","Immune_Regulation_Pathways"
"H_INFG_response","ARID5B","Immune_Regulation_Pathways"
"H_INFG_response","ARL4A","Immune_Regulation_Pathways"
"H_INFG_response","AUTS2","Immune_Regulation_Pathways"
"H_INFG_response","B2M","Immune_Regulation_Pathways"
"H_INFG_response","BANK1","Immune_Regulation_Pathways"
"H_INFG_response","BATF2","Immune_Regulation_Pathways"
"H_INFG_response","BPGM","Immune_Regulation_Pathways"
"H_INFG_response","BST2","Immune_Regulation_Pathways"
"H_INFG_response","BTG1","Immune_Regulation_Pathways"
"H_INFG_response","C1R","Immune_Regulation_Pathways"
"H_INFG_response","C1S","Immune_Regulation_Pathways"
"H_INFG_response","CASP1","Immune_Regulation_Pathways"
"H_INFG_response","CASP3","Immune_Regulation_Pathways"
"H_INFG_response","CASP4","Immune_Regulation_Pathways"
"H_INFG_response","CASP7","Immune_Regulation_Pathways"
"H_INFG_response","CASP8","Immune_Regulation_Pathways"
"H_INFG_response","CCL2","Immune_Regulation_Pathways"
"H_INFG_response","CCL5","Immune_Regulation_Pathways"
"H_INFG_response","CCL7","Immune_Regulation_Pathways"
"H_INFG_response","CD274","Immune_Regulation_Pathways"
"H_INFG_response","CD38","Immune_Regulation_Pathways"
"H_INFG_response","CD40","Immune_Regulation_Pathways"
"H_INFG_response","CD69","Immune_Regulation_Pathways"
"H_INFG_response","CD74","Immune_Regulation_Pathways"
"H_INFG_response","CD86","Immune_Regulation_Pathways"
"H_INFG_response","CDKN1A","Immune_Regulation_Pathways"
"H_INFG_response","CFB","Immune_Regulation_Pathways"
"H_INFG_response","CFH","Immune_Regulation_Pathways"
"H_INFG_response","CIITA","Immune_Regulation_Pathways"
"H_INFG_response","CMKLR1","Immune_Regulation_Pathways"
"H_INFG_response","CMPK2","Immune_Regulation_Pathways"
"H_INFG_response","CMTR1","Immune_Regulation_Pathways"
"H_INFG_response","CSF2RB","Immune_Regulation_Pathways"
"H_INFG_response","CXCL10","Immune_Regulation_Pathways"
"H_INFG_response","CXCL11","Immune_Regulation_Pathways"
"H_INFG_response","CXCL9","Immune_Regulation_Pathways"
"H_INFG_response","DDX58","Immune_Regulation_Pathways"
"H_INFG_response","DDX60","Immune_Regulation_Pathways"
"H_INFG_response","DHX58","Immune_Regulation_Pathways"
"H_INFG_response","EIF2AK2","Immune_Regulation_Pathways"
"H_INFG_response","EIF4E3","Immune_Regulation_Pathways"
"H_INFG_response","EPSTI1","Immune_Regulation_Pathways"
"H_INFG_response","FAS","Immune_Regulation_Pathways"
"H_INFG_response","FCGR1A","Immune_Regulation_Pathways"
"H_INFG_response","FGL2","Immune_Regulation_Pathways"
"H_INFG_response","FPR1","Immune_Regulation_Pathways"
"H_INFG_response","GBP4","Immune_Regulation_Pathways"
"H_INFG_response","GBP6","Immune_Regulation_Pathways"
"H_INFG_response","GCH1","Immune_Regulation_Pathways"
"H_INFG_response","GPR18","Immune_Regulation_Pathways"
"H_INFG_response","GZMA","Immune_Regulation_Pathways"
"H_INFG_response","HELZ2","Immune_Regulation_Pathways"
"H_INFG_response","HERC6","Immune_Regulation_Pathways"
"H_INFG_response","HIF1A","Immune_Regulation_Pathways"
"H_INFG_response","HLA-A","Immune_Regulation_Pathways"
"H_INFG_response","HLA-B","Immune_Regulation_Pathways"
"H_INFG_response","HLA-DMA","Immune_Regulation_Pathways"
"H_INFG_response","HLA-DQA1","Immune_Regulation_Pathways"
"H_INFG_response","HLA-DRB1","Immune_Regulation_Pathways"
"H_INFG_response","HLA-G","Immune_Regulation_Pathways"
"H_INFG_response","ICAM1","Immune_Regulation_Pathways"
"H_INFG_response","IDO1","Immune_Regulation_Pathways"
"H_INFG_response","IFI27","Immune_Regulation_Pathways"
"H_INFG_response","IFI30","Immune_Regulation_Pathways"
"H_INFG_response","IFI35","Immune_Regulation_Pathways"
"H_INFG_response","IFI44","Immune_Regulation_Pathways"
"H_INFG_response","IFI44L","Immune_Regulation_Pathways"
"H_INFG_response","IFIH1","Immune_Regulation_Pathways"
"H_INFG_response","IFIT1","Immune_Regulation_Pathways"
"H_INFG_response","IFIT2","Immune_Regulation_Pathways"
"H_INFG_response","IFIT3","Immune_Regulation_Pathways"
"H_INFG_response","IFITM2","Immune_Regulation_Pathways"
"H_INFG_response","IFITM3","Immune_Regulation_Pathways"
"H_INFG_response","IFNAR2","Immune_Regulation_Pathways"
"H_INFG_response","IL10RA","Immune_Regulation_Pathways"
"H_INFG_response","IL15","Immune_Regulation_Pathways"
"H_INFG_response","IL15RA","Immune_Regulation_Pathways"
"H_INFG_response","IL18BP","Immune_Regulation_Pathways"
"H_INFG_response","IL2RB","Immune_Regulation_Pathways"
"H_INFG_response","IL4R","Immune_Regulation_Pathways"
"H_INFG_response","IL6","Immune_Regulation_Pathways"
"H_INFG_response","IL7","Immune_Regulation_Pathways"
"H_INFG_response","IRF1","Immune_Regulation_Pathways"
"H_INFG_response","IRF2","Immune_Regulation_Pathways"
"H_INFG_response","IRF4","Immune_Regulation_Pathways"
"H_INFG_response","IRF5","Immune_Regulation_Pathways"
"H_INFG_response","IRF7","Immune_Regulation_Pathways"
"H_INFG_response","IRF8","Immune_Regulation_Pathways"
"H_INFG_response","IRF9","Immune_Regulation_Pathways"
"H_INFG_response","ISG15","Immune_Regulation_Pathways"
"H_INFG_response","ISG20","Immune_Regulation_Pathways"
"H_INFG_response","ISOC1","Immune_Regulation_Pathways"
"H_INFG_response","ITGB7","Immune_Regulation_Pathways"
"H_INFG_response","JAK2","Immune_Regulation_Pathways"
"H_INFG_response","KLRK1","Immune_Regulation_Pathways"
"H_INFG_response","LAP3","Immune_Regulation_Pathways"
"H_INFG_response","LATS2","Immune_Regulation_Pathways"
"H_INFG_response","LCP2","Immune_Regulation_Pathways"
"H_INFG_response","LGALS3BP","Immune_Regulation_Pathways"
"H_INFG_response","LY6E","Immune_Regulation_Pathways"
"H_INFG_response","LYSMD2","Immune_Regulation_Pathways"
"H_INFG_response","MARCHF1","Immune_Regulation_Pathways"
"H_INFG_response","METTL7B","Immune_Regulation_Pathways"
"H_INFG_response","MT2A","Immune_Regulation_Pathways"
"H_INFG_response","MTHFD2","Immune_Regulation_Pathways"
"H_INFG_response","MVP","Immune_Regulation_Pathways"
"H_INFG_response","MX1","Immune_Regulation_Pathways"
"H_INFG_response","MX2","Immune_Regulation_Pathways"
"H_INFG_response","MYD88","Immune_Regulation_Pathways"
"H_INFG_response","NAMPT","Immune_Regulation_Pathways"
"H_INFG_response","NCOA3","Immune_Regulation_Pathways"
"H_INFG_response","NFKB1","Immune_Regulation_Pathways"
"H_INFG_response","NFKBIA","Immune_Regulation_Pathways"
"H_INFG_response","NLRC5","Immune_Regulation_Pathways"
"H_INFG_response","NMI","Immune_Regulation_Pathways"
"H_INFG_response","NOD1","Immune_Regulation_Pathways"
"H_INFG_response","NUP93","Immune_Regulation_Pathways"
"H_INFG_response","OAS2","Immune_Regulation_Pathways"
"H_INFG_response","OAS3","Immune_Regulation_Pathways"
"H_INFG_response","OASL","Immune_Regulation_Pathways"
"H_INFG_response","OGFR","Immune_Regulation_Pathways"
"H_INFG_response","P2RY14","Immune_Regulation_Pathways"
"H_INFG_response","PARP12","Immune_Regulation_Pathways"
"H_INFG_response","PARP14","Immune_Regulation_Pathways"
"H_INFG_response","PDE4B","Immune_Regulation_Pathways"
"H_INFG_response","PELI1","Immune_Regulation_Pathways"
"H_INFG_response","PFKP","Immune_Regulation_Pathways"
"H_INFG_response","PIM1","Immune_Regulation_Pathways"
"H_INFG_response","PLA2G4A","Immune_Regulation_Pathways"
"H_INFG_response","PLSCR1","Immune_Regulation_Pathways"
"H_INFG_response","PML","Immune_Regulation_Pathways"
"H_INFG_response","PNP","Immune_Regulation_Pathways"
"H_INFG_response","PNPT1","Immune_Regulation_Pathways"
"H_INFG_response","PSMA2","Immune_Regulation_Pathways"
"H_INFG_response","PSMA3","Immune_Regulation_Pathways"
"H_INFG_response","PSMB10","Immune_Regulation_Pathways"
"H_INFG_response","PSMB2","Immune_Regulation_Pathways"
"H_INFG_response","PSMB8","Immune_Regulation_Pathways"
"H_INFG_response","PSMB9","Immune_Regulation_Pathways"
"H_INFG_response","PSME1","Immune_Regulation_Pathways"
"H_INFG_response","PSME2","Immune_Regulation_Pathways"
"H_INFG_response","PTGS2","Immune_Regulation_Pathways"
"H_INFG_response","PTPN1","Immune_Regulation_Pathways"
"H_INFG_response","PTPN2","Immune_Regulation_Pathways"
"H_INFG_response","PTPN6","Immune_Regulation_Pathways"
"H_INFG_response","RAPGEF6","Immune_Regulation_Pathways"
"H_INFG_response","RBCK1","Immune_Regulation_Pathways"
"H_INFG_response","RIPK1","Immune_Regulation_Pathways"
"H_INFG_response","RIPK2","Immune_Regulation_Pathways"
"H_INFG_response","RNF213","Immune_Regulation_Pathways"
"H_INFG_response","RNF31","Immune_Regulation_Pathways"
"H_INFG_response","RSAD2","Immune_Regulation_Pathways"
"H_INFG_response","RTP4","Immune_Regulation_Pathways"
"H_INFG_response","SAMD9L","Immune_Regulation_Pathways"
"H_INFG_response","SAMHD1","Immune_Regulation_Pathways"
"H_INFG_response","SECTM1","Immune_Regulation_Pathways"
"H_INFG_response","SELP","Immune_Regulation_Pathways"
"H_INFG_response","SERPING1","Immune_Regulation_Pathways"
"H_INFG_response","SLAMF7","Immune_Regulation_Pathways"
"H_INFG_response","SLC25A28","Immune_Regulation_Pathways"
"H_INFG_response","SOCS1","Immune_Regulation_Pathways"
"H_INFG_response","SOCS3","Immune_Regulation_Pathways"
"H_INFG_response","SOD2","Immune_Regulation_Pathways"
"H_INFG_response","SP110","Immune_Regulation_Pathways"
"H_INFG_response","SPPL2A","Immune_Regulation_Pathways"
"H_INFG_response","SRI","Immune_Regulation_Pathways"
"H_INFG_response","SSPN","Immune_Regulation_Pathways"
"H_INFG_response","ST3GAL5","Immune_Regulation_Pathways"
"H_INFG_response","ST8SIA4","Immune_Regulation_Pathways"
"H_INFG_response","STAT1","Immune_Regulation_Pathways"
"H_INFG_response","STAT2","Immune_Regulation_Pathways"
"H_INFG_response","STAT3","Immune_Regulation_Pathways"
"H_INFG_response","STAT4","Immune_Regulation_Pathways"
"H_INFG_response","TAP1","Immune_Regulation_Pathways"
"H_INFG_response","TAPBP","Immune_Regulation_Pathways"
"H_INFG_response","TDRD7","Immune_Regulation_Pathways"
"H_INFG_response","TNFAIP2","Immune_Regulation_Pathways"
"H_INFG_response","TNFAIP3","Immune_Regulation_Pathways"
"H_INFG_response","TNFAIP6","Immune_Regulation_Pathways"
"H_INFG_response","TNFSF10","Immune_Regulation_Pathways"
"H_INFG_response","TOR1B","Immune_Regulation_Pathways"
"H_INFG_response","TRAFD1","Immune_Regulation_Pathways"
"H_INFG_response","TRIM14","Immune_Regulation_Pathways"
"H_INFG_response","TRIM21","Immune_Regulation_Pathways"
"H_INFG_response","TRIM25","Immune_Regulation_Pathways"
"H_INFG_response","TRIM26","Immune_Regulation_Pathways"
"H_INFG_response","TXNIP","Immune_Regulation_Pathways"
"H_INFG_response","UBE2L6","Immune_Regulation_Pathways"
"H_INFG_response","UPP1","Immune_Regulation_Pathways"
"H_INFG_response","USP18","Immune_Regulation_Pathways"
"H_INFG_response","VAMP5","Immune_Regulation_Pathways"
"H_INFG_response","VAMP8","Immune_Regulation_Pathways"
"H_INFG_response","VCAM1","Immune_Regulation_Pathways"
"H_INFG_response","WARS1","Immune_Regulation_Pathways"
"H_INFG_response","XAF1","Immune_Regulation_Pathways"
"H_INFG_response","XCL1","Immune_Regulation_Pathways"
"H_INFG_response","ZBP1","Immune_Regulation_Pathways"
"H_INFG_response","ZNFX1","Immune_Regulation_Pathways"
"H_Oxidative_phosphorylation","ABCB7","Metabolic_Pathways"
"H_Oxidative_phosphorylation","ACAA1","Metabolic_Pathways"
"H_Oxidative_phosphorylation","ACAA2","Metabolic_Pathways"
"H_Oxidative_phosphorylation","ACADM","Metabolic_Pathways"
"H_Oxidative_phosphorylation","ACADSB","Metabolic_Pathways"
"H_Oxidative_phosphorylation","ACADVL","Metabolic_Pathways"
"H_Oxidative_phosphorylation","ACAT1","Metabolic_Pathways"
"H_Oxidative_phosphorylation","ACO2","Metabolic_Pathways"
"H_Oxidative_phosphorylation","AFG3L2","Metabolic_Pathways"
"H_Oxidative_phosphorylation","AIFM1","Metabolic_Pathways"
"H_Oxidative_phosphorylation","ALAS1","Metabolic_Pathways"
"H_Oxidative_phosphorylation","ALDH6A1","Metabolic_Pathways"
"H_Oxidative_phosphorylation","ATP1B1","Metabolic_Pathways"
"H_Oxidative_phosphorylation","ATP5F1A","Metabolic_Pathways"
"H_Oxidative_phosphorylation","ATP5F1B","Metabolic_Pathways"
"H_Oxidative_phosphorylation","ATP5F1C","Metabolic_Pathways"
"H_Oxidative_phosphorylation","ATP5F1D","Metabolic_Pathways"
"H_Oxidative_phosphorylation","ATP5F1E","Metabolic_Pathways"
"H_Oxidative_phosphorylation","ATP5MC1","Metabolic_Pathways"
"H_Oxidative_phosphorylation","ATP5MC2","Metabolic_Pathways"
"H_Oxidative_phosphorylation","ATP5MC3","Metabolic_Pathways"
"H_Oxidative_phosphorylation","ATP5ME","Metabolic_Pathways"
"H_Oxidative_phosphorylation","ATP5MF","Metabolic_Pathways"
"H_Oxidative_phosphorylation","ATP5MG","Metabolic_Pathways"
"H_Oxidative_phosphorylation","ATP5PB","Metabolic_Pathways"
"H_Oxidative_phosphorylation","ATP5PD","Metabolic_Pathways"
"H_Oxidative_phosphorylation","ATP5PF","Metabolic_Pathways"
"H_Oxidative_phosphorylation","ATP5PO","Metabolic_Pathways"
"H_Oxidative_phosphorylation","ATP6AP1","Metabolic_Pathways"
"H_Oxidative_phosphorylation","ATP6V0B","Metabolic_Pathways"
"H_Oxidative_phosphorylation","ATP6V0C","Metabolic_Pathways"
"H_Oxidative_phosphorylation","ATP6V0E1","Metabolic_Pathways"
"H_Oxidative_phosphorylation","ATP6V1C1","Metabolic_Pathways"
"H_Oxidative_phosphorylation","ATP6V1D","Metabolic_Pathways"
"H_Oxidative_phosphorylation","ATP6V1E1","Metabolic_Pathways"
"H_Oxidative_phosphorylation","ATP6V1F","Metabolic_Pathways"
"H_Oxidative_phosphorylation","ATP6V1G1","Metabolic_Pathways"
"H_Oxidative_phosphorylation","ATP6V1H","Metabolic_Pathways"
"H_Oxidative_phosphorylation","BAX","Metabolic_Pathways"
"H_Oxidative_phosphorylation","BCKDHA","Metabolic_Pathways"
"H_Oxidative_phosphorylation","BDH2","Metabolic_Pathways"
"H_Oxidative_phosphorylation","CASP7","Metabolic_Pathways"
"H_Oxidative_phosphorylation","COX10","Metabolic_Pathways"
"H_Oxidative_phosphorylation","COX11","Metabolic_Pathways"
"H_Oxidative_phosphorylation","COX15","Metabolic_Pathways"
"H_Oxidative_phosphorylation","COX17","Metabolic_Pathways"
"H_Oxidative_phosphorylation","COX4I1","Metabolic_Pathways"
"H_Oxidative_phosphorylation","COX5A","Metabolic_Pathways"
"H_Oxidative_phosphorylation","COX5B","Metabolic_Pathways"
"H_Oxidative_phosphorylation","COX6A1","Metabolic_Pathways"
"H_Oxidative_phosphorylation","COX6B1","Metabolic_Pathways"
"H_Oxidative_phosphorylation","COX6C","Metabolic_Pathways"
"H_Oxidative_phosphorylation","COX7A2","Metabolic_Pathways"
"H_Oxidative_phosphorylation","COX7A2L","Metabolic_Pathways"
"H_Oxidative_phosphorylation","COX7B","Metabolic_Pathways"
"H_Oxidative_phosphorylation","COX7C","Metabolic_Pathways"
"H_Oxidative_phosphorylation","COX8A","Metabolic_Pathways"
"H_Oxidative_phosphorylation","CPT1A","Metabolic_Pathways"
"H_Oxidative_phosphorylation","CS","Metabolic_Pathways"
"H_Oxidative_phosphorylation","CYB5A","Metabolic_Pathways"
"H_Oxidative_phosphorylation","CYB5R3","Metabolic_Pathways"
"H_Oxidative_phosphorylation","CYC1","Metabolic_Pathways"
"H_Oxidative_phosphorylation","CYCS","Metabolic_Pathways"
"H_Oxidative_phosphorylation","DECR1","Metabolic_Pathways"
"H_Oxidative_phosphorylation","DLAT","Metabolic_Pathways"
"H_Oxidative_phosphorylation","DLD","Metabolic_Pathways"
"H_Oxidative_phosphorylation","DLST","Metabolic_Pathways"
"H_Oxidative_phosphorylation","ECH1","Metabolic_Pathways"
"H_Oxidative_phosphorylation","ECHS1","Metabolic_Pathways"
"H_Oxidative_phosphorylation","ECI1","Metabolic_Pathways"
"H_Oxidative_phosphorylation","ETFA","Metabolic_Pathways"
"H_Oxidative_phosphorylation","ETFB","Metabolic_Pathways"
"H_Oxidative_phosphorylation","ETFDH","Metabolic_Pathways"
"H_Oxidative_phosphorylation","FDX1","Metabolic_Pathways"
"H_Oxidative_phosphorylation","FH","Metabolic_Pathways"
"H_Oxidative_phosphorylation","FXN","Metabolic_Pathways"
"H_Oxidative_phosphorylation","GLUD1","Metabolic_Pathways"
"H_Oxidative_phosphorylation","GOT2","Metabolic_Pathways"
"H_Oxidative_phosphorylation","GPI","Metabolic_Pathways"
"H_Oxidative_phosphorylation","GPX4","Metabolic_Pathways"
"H_Oxidative_phosphorylation","GRPEL1","Metabolic_Pathways"
"H_Oxidative_phosphorylation","HADHA","Metabolic_Pathways"
"H_Oxidative_phosphorylation","HADHB","Metabolic_Pathways"
"H_Oxidative_phosphorylation","HCCS","Metabolic_Pathways"
"H_Oxidative_phosphorylation","HSD17B10","Metabolic_Pathways"
"H_Oxidative_phosphorylation","HSPA9","Metabolic_Pathways"
"H_Oxidative_phosphorylation","HTRA2","Metabolic_Pathways"
"H_Oxidative_phosphorylation","IDH1","Metabolic_Pathways"
"H_Oxidative_phosphorylation","IDH2","Metabolic_Pathways"
"H_Oxidative_phosphorylation","IDH3A","Metabolic_Pathways"
"H_Oxidative_phosphorylation","IDH3B","Metabolic_Pathways"
"H_Oxidative_phosphorylation","IDH3G","Metabolic_Pathways"
"H_Oxidative_phosphorylation","IMMT","Metabolic_Pathways"
"H_Oxidative_phosphorylation","ISCA1","Metabolic_Pathways"
"H_Oxidative_phosphorylation","ISCU","Metabolic_Pathways"
"H_Oxidative_phosphorylation","LDHA","Metabolic_Pathways"
"H_Oxidative_phosphorylation","LDHB","Metabolic_Pathways"
"H_Oxidative_phosphorylation","LRPPRC","Metabolic_Pathways"
"H_Oxidative_phosphorylation","MAOB","Metabolic_Pathways"
"H_Oxidative_phosphorylation","MDH1","Metabolic_Pathways"
"H_Oxidative_phosphorylation","MDH2","Metabolic_Pathways"
"H_Oxidative_phosphorylation","MFN2","Metabolic_Pathways"
"H_Oxidative_phosphorylation","MGST3","Metabolic_Pathways"
"H_Oxidative_phosphorylation","MPC1","Metabolic_Pathways"
"H_Oxidative_phosphorylation","MRPL11","Metabolic_Pathways"
"H_Oxidative_phosphorylation","MRPL15","Metabolic_Pathways"
"H_Oxidative_phosphorylation","MRPL34","Metabolic_Pathways"
"H_Oxidative_phosphorylation","MRPL35","Metabolic_Pathways"
"H_Oxidative_phosphorylation","MRPS11","Metabolic_Pathways"
"H_Oxidative_phosphorylation","MRPS12","Metabolic_Pathways"
"H_Oxidative_phosphorylation","MRPS15","Metabolic_Pathways"
"H_Oxidative_phosphorylation","MRPS22","Metabolic_Pathways"
"H_Oxidative_phosphorylation","MRPS30","Metabolic_Pathways"
"H_Oxidative_phosphorylation","MTRF1","Metabolic_Pathways"
"H_Oxidative_phosphorylation","MTRR","Metabolic_Pathways"
"H_Oxidative_phosphorylation","MTX2","Metabolic_Pathways"
"H_Oxidative_phosphorylation","NDUFA1","Metabolic_Pathways"
"H_Oxidative_phosphorylation","NDUFA2","Metabolic_Pathways"
"H_Oxidative_phosphorylation","NDUFA3","Metabolic_Pathways"
"H_Oxidative_phosphorylation","NDUFA4","Metabolic_Pathways"
"H_Oxidative_phosphorylation","NDUFA5","Metabolic_Pathways"
"H_Oxidative_phosphorylation","NDUFA6","Metabolic_Pathways"
"H_Oxidative_phosphorylation","NDUFA7","Metabolic_Pathways"
"H_Oxidative_phosphorylation","NDUFA8","Metabolic_Pathways"
"H_Oxidative_phosphorylation","NDUFA9","Metabolic_Pathways"
"H_Oxidative_phosphorylation","NDUFAB1","Metabolic_Pathways"
"H_Oxidative_phosphorylation","NDUFB1","Metabolic_Pathways"
"H_Oxidative_phosphorylation","NDUFB2","Metabolic_Pathways"
"H_Oxidative_phosphorylation","NDUFB3","Metabolic_Pathways"
"H_Oxidative_phosphorylation","NDUFB4","Metabolic_Pathways"
"H_Oxidative_phosphorylation","NDUFB5","Metabolic_Pathways"
"H_Oxidative_phosphorylation","NDUFB6","Metabolic_Pathways"
"H_Oxidative_phosphorylation","NDUFB7","Metabolic_Pathways"
"H_Oxidative_phosphorylation","NDUFB8","Metabolic_Pathways"
"H_Oxidative_phosphorylation","NDUFC1","Metabolic_Pathways"
"H_Oxidative_phosphorylation","NDUFC2","Metabolic_Pathways"
"H_Oxidative_phosphorylation","NDUFS1","Metabolic_Pathways"
"H_Oxidative_phosphorylation","NDUFS2","Metabolic_Pathways"
"H_Oxidative_phosphorylation","NDUFS3","Metabolic_Pathways"
"H_Oxidative_phosphorylation","NDUFS4","Metabolic_Pathways"
"H_Oxidative_phosphorylation","NDUFS6","Metabolic_Pathways"
"H_Oxidative_phosphorylation","NDUFS7","Metabolic_Pathways"
"H_Oxidative_phosphorylation","NDUFS8","Metabolic_Pathways"
"H_Oxidative_phosphorylation","NDUFV1","Metabolic_Pathways"
"H_Oxidative_phosphorylation","NDUFV2","Metabolic_Pathways"
"H_Oxidative_phosphorylation","NNT","Metabolic_Pathways"
"H_Oxidative_phosphorylation","NQO2","Metabolic_Pathways"
"H_Oxidative_phosphorylation","OAT","Metabolic_Pathways"
"H_Oxidative_phosphorylation","OGDH","Metabolic_Pathways"
"H_Oxidative_phosphorylation","OPA1","Metabolic_Pathways"
"H_Oxidative_phosphorylation","OXA1L","Metabolic_Pathways"
"H_Oxidative_phosphorylation","PDHA1","Metabolic_Pathways"
"H_Oxidative_phosphorylation","PDHB","Metabolic_Pathways"
"H_Oxidative_phosphorylation","PDHX","Metabolic_Pathways"
"H_Oxidative_phosphorylation","PDK4","Metabolic_Pathways"
"H_Oxidative_phosphorylation","PDP1","Metabolic_Pathways"
"H_Oxidative_phosphorylation","PHB2","Metabolic_Pathways"
"H_Oxidative_phosphorylation","PHYH","Metabolic_Pathways"
"H_Oxidative_phosphorylation","PMPCA","Metabolic_Pathways"
"H_Oxidative_phosphorylation","POLR2F","Metabolic_Pathways"
"H_Oxidative_phosphorylation","POR","Metabolic_Pathways"
"H_Oxidative_phosphorylation","PRDX3","Metabolic_Pathways"
"H_Oxidative_phosphorylation","RETSAT","Metabolic_Pathways"
"H_Oxidative_phosphorylation","RHOT1","Metabolic_Pathways"
"H_Oxidative_phosphorylation","RHOT2","Metabolic_Pathways"
"H_Oxidative_phosphorylation","SDHA","Metabolic_Pathways"
"H_Oxidative_phosphorylation","SDHB","Metabolic_Pathways"
"H_Oxidative_phosphorylation","SDHC","Metabolic_Pathways"
"H_Oxidative_phosphorylation","SDHD","Metabolic_Pathways"
"H_Oxidative_phosphorylation","SLC25A11","Metabolic_Pathways"
"H_Oxidative_phosphorylation","SLC25A12","Metabolic_Pathways"
"H_Oxidative_phosphorylation","SLC25A20","Metabolic_Pathways"
"H_Oxidative_phosphorylation","SLC25A3","Metabolic_Pathways"
"H_Oxidative_phosphorylation","SLC25A4","Metabolic_Pathways"
"H_Oxidative_phosphorylation","SLC25A5","Metabolic_Pathways"
"H_Oxidative_phosphorylation","SLC25A6","Metabolic_Pathways"
"H_Oxidative_phosphorylation","SUCLA2","Metabolic_Pathways"
"H_Oxidative_phosphorylation","SUCLG1","Metabolic_Pathways"
"H_Oxidative_phosphorylation","SUPV3L1","Metabolic_Pathways"
"H_Oxidative_phosphorylation","SURF1","Metabolic_Pathways"
"H_Oxidative_phosphorylation","TCIRG1","Metabolic_Pathways"
"H_Oxidative_phosphorylation","TIMM10","Metabolic_Pathways"
"H_Oxidative_phosphorylation","TIMM13","Metabolic_Pathways"
"H_Oxidative_phosphorylation","TIMM17A","Metabolic_Pathways"
"H_Oxidative_phosphorylation","TIMM50","Metabolic_Pathways"
"H_Oxidative_phosphorylation","TIMM8B","Metabolic_Pathways"
"H_Oxidative_phosphorylation","TIMM9","Metabolic_Pathways"
"H_Oxidative_phosphorylation","TOMM22","Metabolic_Pathways"
"H_Oxidative_phosphorylation","TOMM70","Metabolic_Pathways"
"H_Oxidative_phosphorylation","UQCR10","Metabolic_Pathways"
"H_Oxidative_phosphorylation","UQCR11","Metabolic_Pathways"
"H_Oxidative_phosphorylation","UQCRB","Metabolic_Pathways"
"H_Oxidative_phosphorylation","UQCRC1","Metabolic_Pathways"
"H_Oxidative_phosphorylation","UQCRC2","Metabolic_Pathways"
"H_Oxidative_phosphorylation","UQCRFS1","Metabolic_Pathways"
"H_Oxidative_phosphorylation","UQCRH","Metabolic_Pathways"
"H_Oxidative_phosphorylation","UQCRQ","Metabolic_Pathways"
"H_Oxidative_phosphorylation","VDAC1","Metabolic_Pathways"
"H_Oxidative_phosphorylation","VDAC2","Metabolic_Pathways"
"H_Oxidative_phosphorylation","VDAC3","Metabolic_Pathways"
"H_p53","ABAT","Cell_Cycle_and_Apoptosis"
"H_p53","ABCC5","Cell_Cycle_and_Apoptosis"
"H_p53","ABHD4","Cell_Cycle_and_Apoptosis"
"H_p53","ACVR1B","Cell_Cycle_and_Apoptosis"
"H_p53","ADA","Cell_Cycle_and_Apoptosis"
"H_p53","AEN","Cell_Cycle_and_Apoptosis"
"H_p53","AK1","Cell_Cycle_and_Apoptosis"
"H_p53","ALOX15B","Cell_Cycle_and_Apoptosis"
"H_p53","ANKRA2","Cell_Cycle_and_Apoptosis"
"H_p53","APAF1","Cell_Cycle_and_Apoptosis"
"H_p53","APP","Cell_Cycle_and_Apoptosis"
"H_p53","ATF3","Cell_Cycle_and_Apoptosis"
"H_p53","BAIAP2","Cell_Cycle_and_Apoptosis"
"H_p53","BAK1","Cell_Cycle_and_Apoptosis"
"H_p53","BAX","Cell_Cycle_and_Apoptosis"
"H_p53","BLCAP","Cell_Cycle_and_Apoptosis"
"H_p53","BMP2","Cell_Cycle_and_Apoptosis"
"H_p53","BTG1","Cell_Cycle_and_Apoptosis"
"H_p53","BTG2","Cell_Cycle_and_Apoptosis"
"H_p53","CASP1","Cell_Cycle_and_Apoptosis"
"H_p53","CCND2","Cell_Cycle_and_Apoptosis"
"H_p53","CCND3","Cell_Cycle_and_Apoptosis"
"H_p53","CCNG1","Cell_Cycle_and_Apoptosis"
"H_p53","CCNK","Cell_Cycle_and_Apoptosis"
"H_p53","CCP110","Cell_Cycle_and_Apoptosis"
"H_p53","CD81","Cell_Cycle_and_Apoptosis"
"H_p53","CD82","Cell_Cycle_and_Apoptosis"
"H_p53","CDH13","Cell_Cycle_and_Apoptosis"
"H_p53","CDK5R1","Cell_Cycle_and_Apoptosis"
"H_p53","CDKN1A","Cell_Cycle_and_Apoptosis"
"H_p53","CDKN2A","Cell_Cycle_and_Apoptosis"
"H_p53","CDKN2AIP","Cell_Cycle_and_Apoptosis"
"H_p53","CDKN2B","Cell_Cycle_and_Apoptosis"
"H_p53","CEBPA","Cell_Cycle_and_Apoptosis"
"H_p53","CGRRF1","Cell_Cycle_and_Apoptosis"
"H_p53","CLCA2","Cell_Cycle_and_Apoptosis"
"H_p53","COQ8A","Cell_Cycle_and_Apoptosis"
"H_p53","CSRNP2","Cell_Cycle_and_Apoptosis"
"H_p53","CTSD","Cell_Cycle_and_Apoptosis"
"H_p53","CTSF","Cell_Cycle_and_Apoptosis"
"H_p53","CYFIP2","Cell_Cycle_and_Apoptosis"
"H_p53","DCXR","Cell_Cycle_and_Apoptosis"
"H_p53","DDB2","Cell_Cycle_and_Apoptosis"
"H_p53","DDIT3","Cell_Cycle_and_Apoptosis"
"H_p53","DDIT4","Cell_Cycle_and_Apoptosis"
"H_p53","DEF6","Cell_Cycle_and_Apoptosis"
"H_p53","DGKA","Cell_Cycle_and_Apoptosis"
"H_p53","DNTTIP2","Cell_Cycle_and_Apoptosis"
"H_p53","DRAM1","Cell_Cycle_and_Apoptosis"
"H_p53","EI24","Cell_Cycle_and_Apoptosis"
"H_p53","ELP1","Cell_Cycle_and_Apoptosis"
"H_p53","EPHA2","Cell_Cycle_and_Apoptosis"
"H_p53","EPHX1","Cell_Cycle_and_Apoptosis"
"H_p53","EPS8L2","Cell_Cycle_and_Apoptosis"
"H_p53","ERCC5","Cell_Cycle_and_Apoptosis"
"H_p53","F2R","Cell_Cycle_and_Apoptosis"
"H_p53","FAM162A","Cell_Cycle_and_Apoptosis"
"H_p53","FAS","Cell_Cycle_and_Apoptosis"
"H_p53","FBXW7","Cell_Cycle_and_Apoptosis"
"H_p53","FDXR","Cell_Cycle_and_Apoptosis"
"H_p53","FGF13","Cell_Cycle_and_Apoptosis"
"H_p53","FOS","Cell_Cycle_and_Apoptosis"
"H_p53","FOXO3","Cell_Cycle_and_Apoptosis"
"H_p53","FUCA1","Cell_Cycle_and_Apoptosis"
"H_p53","GADD45A","Cell_Cycle_and_Apoptosis"
"H_p53","GLS2","Cell_Cycle_and_Apoptosis"
"H_p53","GM2A","Cell_Cycle_and_Apoptosis"
"H_p53","GPX2","Cell_Cycle_and_Apoptosis"
"H_p53","H1-2","Cell_Cycle_and_Apoptosis"
"H_p53","H2AJ","Cell_Cycle_and_Apoptosis"
"H_p53","H2AW","Cell_Cycle_and_Apoptosis"
"H_p53","HBEGF","Cell_Cycle_and_Apoptosis"
"H_p53","HDAC3","Cell_Cycle_and_Apoptosis"
"H_p53","HEXIM1","Cell_Cycle_and_Apoptosis"
"H_p53","HINT1","Cell_Cycle_and_Apoptosis"
"H_p53","HMOX1","Cell_Cycle_and_Apoptosis"
"H_p53","HRAS","Cell_Cycle_and_Apoptosis"
"H_p53","HSPA4L","Cell_Cycle_and_Apoptosis"
"H_p53","IER3","Cell_Cycle_and_Apoptosis"
"H_p53","IER5","Cell_Cycle_and_Apoptosis"
"H_p53","IFI30","Cell_Cycle_and_Apoptosis"
"H_p53","IL1A","Cell_Cycle_and_Apoptosis"
"H_p53","INHBB","Cell_Cycle_and_Apoptosis"
"H_p53","IP6K2","Cell_Cycle_and_Apoptosis"
"H_p53","IRAG2","Cell_Cycle_and_Apoptosis"
"H_p53","IRAK1","Cell_Cycle_and_Apoptosis"
"H_p53","ISCU","Cell_Cycle_and_Apoptosis"
"H_p53","ITGB4","Cell_Cycle_and_Apoptosis"
"H_p53","JAG2","Cell_Cycle_and_Apoptosis"
"H_p53","JUN","Cell_Cycle_and_Apoptosis"
"H_p53","KIF13B","Cell_Cycle_and_Apoptosis"
"H_p53","KLF4","Cell_Cycle_and_Apoptosis"
"H_p53","KLK8","Cell_Cycle_and_Apoptosis"
"H_p53","KRT17","Cell_Cycle_and_Apoptosis"
"H_p53","LDHB","Cell_Cycle_and_Apoptosis"
"H_p53","LIF","Cell_Cycle_and_Apoptosis"
"H_p53","MAPKAPK3","Cell_Cycle_and_Apoptosis"
"H_p53","MDM2","Cell_Cycle_and_Apoptosis"
"H_p53","MKNK2","Cell_Cycle_and_Apoptosis"
"H_p53","MXD1","Cell_Cycle_and_Apoptosis"
"H_p53","MXD4","Cell_Cycle_and_Apoptosis"
"H_p53","NDRG1","Cell_Cycle_and_Apoptosis"
"H_p53","NHLH2","Cell_Cycle_and_Apoptosis"
"H_p53","NINJ1","Cell_Cycle_and_Apoptosis"
"H_p53","NOL8","Cell_Cycle_and_Apoptosis"
"H_p53","NOTCH1","Cell_Cycle_and_Apoptosis"
"H_p53","NUDT15","Cell_Cycle_and_Apoptosis"
"H_p53","NUPR1","Cell_Cycle_and_Apoptosis"
"H_p53","OSGIN1","Cell_Cycle_and_Apoptosis"
"H_p53","PCNA","Cell_Cycle_and_Apoptosis"
"H_p53","PDGFA","Cell_Cycle_and_Apoptosis"
"H_p53","PERP","Cell_Cycle_and_Apoptosis"
"H_p53","PHLDA3","Cell_Cycle_and_Apoptosis"
"H_p53","PIDD1","Cell_Cycle_and_Apoptosis"
"H_p53","PITPNC1","Cell_Cycle_and_Apoptosis"
"H_p53","PLK2","Cell_Cycle_and_Apoptosis"
"H_p53","PLK3","Cell_Cycle_and_Apoptosis"
"H_p53","PLXNB2","Cell_Cycle_and_Apoptosis"
"H_p53","PMM1","Cell_Cycle_and_Apoptosis"
"H_p53","POLH","Cell_Cycle_and_Apoptosis"
"H_p53","POM121","Cell_Cycle_and_Apoptosis"
"H_p53","PPM1D","Cell_Cycle_and_Apoptosis"
"H_p53","PPP1R15A","Cell_Cycle_and_Apoptosis"
"H_p53","PRKAB1","Cell_Cycle_and_Apoptosis"
"H_p53","PRMT2","Cell_Cycle_and_Apoptosis"
"H_p53","PROCR","Cell_Cycle_and_Apoptosis"
"H_p53","PTPN14","Cell_Cycle_and_Apoptosis"
"H_p53","PTPRE","Cell_Cycle_and_Apoptosis"
"H_p53","PVT1","Cell_Cycle_and_Apoptosis"
"H_p53","RAB40C","Cell_Cycle_and_Apoptosis"
"H_p53","RACK1","Cell_Cycle_and_Apoptosis"
"H_p53","RAD51C","Cell_Cycle_and_Apoptosis"
"H_p53","RAD9A","Cell_Cycle_and_Apoptosis"
"H_p53","RALGDS","Cell_Cycle_and_Apoptosis"
"H_p53","RAP2B","Cell_Cycle_and_Apoptosis"
"H_p53","RB1","Cell_Cycle_and_Apoptosis"
"H_p53","RCHY1","Cell_Cycle_and_Apoptosis"
"H_p53","RETSAT","Cell_Cycle_and_Apoptosis"
"H_p53","RGS16","Cell_Cycle_and_Apoptosis"
"H_p53","RHBDF2","Cell_Cycle_and_Apoptosis"
"H_p53","RNF19B","Cell_Cycle_and_Apoptosis"
"H_p53","RPL18","Cell_Cycle_and_Apoptosis"
"H_p53","RPL36","Cell_Cycle_and_Apoptosis"
"H_p53","RPS12","Cell_Cycle_and_Apoptosis"
"H_p53","RPS27L","Cell_Cycle_and_Apoptosis"
"H_p53","RRAD","Cell_Cycle_and_Apoptosis"
"H_p53","RRP8","Cell_Cycle_and_Apoptosis"
"H_p53","RXRA","Cell_Cycle_and_Apoptosis"
"H_p53","S100A10","Cell_Cycle_and_Apoptosis"
"H_p53","S100A4","Cell_Cycle_and_Apoptosis"
"H_p53","SAT1","Cell_Cycle_and_Apoptosis"
"H_p53","SDC1","Cell_Cycle_and_Apoptosis"
"H_p53","SEC61A1","Cell_Cycle_and_Apoptosis"
"H_p53","SERPINB5","Cell_Cycle_and_Apoptosis"
"H_p53","SERTAD3","Cell_Cycle_and_Apoptosis"
"H_p53","SESN1","Cell_Cycle_and_Apoptosis"
"H_p53","SFN","Cell_Cycle_and_Apoptosis"
"H_p53","SLC19A2","Cell_Cycle_and_Apoptosis"
"H_p53","SLC35D1","Cell_Cycle_and_Apoptosis"
"H_p53","SLC3A2","Cell_Cycle_and_Apoptosis"
"H_p53","SLC7A11","Cell_Cycle_and_Apoptosis"
"H_p53","SOCS1","Cell_Cycle_and_Apoptosis"
"H_p53","SP1","Cell_Cycle_and_Apoptosis"
"H_p53","SPHK1","Cell_Cycle_and_Apoptosis"
"H_p53","ST14","Cell_Cycle_and_Apoptosis"
"H_p53","STEAP3","Cell_Cycle_and_Apoptosis"
"H_p53","STOM","Cell_Cycle_and_Apoptosis"
"H_p53","TAP1","Cell_Cycle_and_Apoptosis"
"H_p53","TAX1BP3","Cell_Cycle_and_Apoptosis"
"H_p53","TCHH","Cell_Cycle_and_Apoptosis"
"H_p53","TCN2","Cell_Cycle_and_Apoptosis"
"H_p53","TGFA","Cell_Cycle_and_Apoptosis"
"H_p53","TGFB1","Cell_Cycle_and_Apoptosis"
"H_p53","TM4SF1","Cell_Cycle_and_Apoptosis"
"H_p53","TM7SF3","Cell_Cycle_and_Apoptosis"
"H_p53","TNFSF9","Cell_Cycle_and_Apoptosis"
"H_p53","TNNI1","Cell_Cycle_and_Apoptosis"
"H_p53","TOB1","Cell_Cycle_and_Apoptosis"
"H_p53","TP53","Cell_Cycle_and_Apoptosis"
"H_p53","TP63","Cell_Cycle_and_Apoptosis"
"H_p53","TPD52L1","Cell_Cycle_and_Apoptosis"
"H_p53","TPRKB","Cell_Cycle_and_Apoptosis"
"H_p53","TRAF4","Cell_Cycle_and_Apoptosis"
"H_p53","TRAFD1","Cell_Cycle_and_Apoptosis"
"H_p53","TRIAP1","Cell_Cycle_and_Apoptosis"
"H_p53","TRIB3","Cell_Cycle_and_Apoptosis"
"H_p53","TSC22D1","Cell_Cycle_and_Apoptosis"
"H_p53","TSPYL2","Cell_Cycle_and_Apoptosis"
"H_p53","TXNIP","Cell_Cycle_and_Apoptosis"
"H_p53","UPP1","Cell_Cycle_and_Apoptosis"
"H_p53","VAMP8","Cell_Cycle_and_Apoptosis"
"H_p53","VDR","Cell_Cycle_and_Apoptosis"
"H_p53","VWA5A","Cell_Cycle_and_Apoptosis"
"H_p53","WRAP73","Cell_Cycle_and_Apoptosis"
"H_p53","WWP1","Cell_Cycle_and_Apoptosis"
"H_p53","XPC","Cell_Cycle_and_Apoptosis"
"H_p53","ZBTB16","Cell_Cycle_and_Apoptosis"
"H_p53","ZFP36L1","Cell_Cycle_and_Apoptosis"
"H_p53","ZMAT3","Cell_Cycle_and_Apoptosis"
"H_p53","ZNF365","Cell_Cycle_and_Apoptosis"
"H_ROS","ABCC1",NA
"H_ROS","ATOX1",NA
"H_ROS","CAT",NA
"H_ROS","CDKN2D",NA
"H_ROS","EGLN2",NA
"H_ROS","ERCC2",NA
"H_ROS","FES",NA
"H_ROS","FTL",NA
"H_ROS","G6PD",NA
"H_ROS","GCLC",NA
"H_ROS","GCLM",NA
"H_ROS","GLRX",NA
"H_ROS","GLRX2",NA
"H_ROS","GPX3",NA
"H_ROS","GPX4",NA
"H_ROS","GSR",NA
"H_ROS","HHEX",NA
"H_ROS","HMOX2",NA
"H_ROS","IPCEF1",NA
"H_ROS","JUNB",NA
"H_ROS","LAMTOR5",NA
"H_ROS","LSP1",NA
"H_ROS","MBP",NA
"H_ROS","MGST1",NA
"H_ROS","MPO",NA
"H_ROS","MSRA",NA
"H_ROS","NDUFA6",NA
"H_ROS","NDUFB4",NA
"H_ROS","NDUFS2",NA
"H_ROS","NQO1",NA
"H_ROS","OXSR1",NA
"H_ROS","PDLIM1",NA
"H_ROS","PFKP",NA
"H_ROS","PRDX1",NA
"H_ROS","PRDX2",NA
"H_ROS","PRDX4",NA
"H_ROS","PRDX6",NA
"H_ROS","PRNP",NA
"H_ROS","PTPA",NA
"H_ROS","SBNO2",NA
"H_ROS","SCAF4",NA
"H_ROS","SELENOS",NA
"H_ROS","SOD1",NA
"H_ROS","SOD2",NA
"H_ROS","SRXN1",NA
"H_ROS","STK25",NA
"H_ROS","TXN",NA
"H_ROS","TXNRD1",NA
"H_ROS","TXNRD2",NA
"H_WNTB_catenin_signaling","ADAM17","Signaling_Cascade"
"H_WNTB_catenin_signaling","AXIN1","Signaling_Cascade"
"H_WNTB_catenin_signaling","AXIN2","Signaling_Cascade"
"H_WNTB_catenin_signaling","CCND2","Signaling_Cascade"
"H_WNTB_catenin_signaling","CSNK1E","Signaling_Cascade"
"H_WNTB_catenin_signaling","CTNNB1","Signaling_Cascade"
"H_WNTB_catenin_signaling","CUL1","Signaling_Cascade"
"H_WNTB_catenin_signaling","DKK1","Signaling_Cascade"
"H_WNTB_catenin_signaling","DKK4","Signaling_Cascade"
"H_WNTB_catenin_signaling","DLL1","Signaling_Cascade"
"H_WNTB_catenin_signaling","DVL2","Signaling_Cascade"
"H_WNTB_catenin_signaling","FRAT1","Signaling_Cascade"
"H_WNTB_catenin_signaling","FZD1","Signaling_Cascade"
"H_WNTB_catenin_signaling","FZD8","Signaling_Cascade"
"H_WNTB_catenin_signaling","GNAI1","Signaling_Cascade"
"H_WNTB_catenin_signaling","HDAC11","Signaling_Cascade"
"H_WNTB_catenin_signaling","HDAC2","Signaling_Cascade"
"H_WNTB_catenin_signaling","HDAC5","Signaling_Cascade"
"H_WNTB_catenin_signaling","HEY1","Signaling_Cascade"
"H_WNTB_catenin_signaling","HEY2","Signaling_Cascade"
"H_WNTB_catenin_signaling","JAG1","Signaling_Cascade"
"H_WNTB_catenin_signaling","JAG2","Signaling_Cascade"
"H_WNTB_catenin_signaling","KAT2A","Signaling_Cascade"
"H_WNTB_catenin_signaling","LEF1","Signaling_Cascade"
"H_WNTB_catenin_signaling","MAML1","Signaling_Cascade"
"H_WNTB_catenin_signaling","MYC","Signaling_Cascade"
"H_WNTB_catenin_signaling","NCOR2","Signaling_Cascade"
"H_WNTB_catenin_signaling","NCSTN","Signaling_Cascade"
"H_WNTB_catenin_signaling","NKD1","Signaling_Cascade"
"H_WNTB_catenin_signaling","NOTCH1","Signaling_Cascade"
"H_WNTB_catenin_signaling","NOTCH4","Signaling_Cascade"
"H_WNTB_catenin_signaling","NUMB","Signaling_Cascade"
"H_WNTB_catenin_signaling","PPARD","Signaling_Cascade"
"H_WNTB_catenin_signaling","PSEN2","Signaling_Cascade"
"H_WNTB_catenin_signaling","PTCH1","Signaling_Cascade"
"H_WNTB_catenin_signaling","RBPJ","Signaling_Cascade"
"H_WNTB_catenin_signaling","SKP2","Signaling_Cascade"
"H_WNTB_catenin_signaling","TCF7","Signaling_Cascade"
"H_WNTB_catenin_signaling","TP53","Signaling_Cascade"
"H_WNTB_catenin_signaling","WNT1","Signaling_Cascade"
"H_WNTB_catenin_signaling","WNT5B","Signaling_Cascade"
"H_WNTB_catenin_signaling","WNT6","Signaling_Cascade"
"K_Apoptosis","AIFM1",NA
"K_Apoptosis","AKT1",NA
"K_Apoptosis","AKT2",NA
"K_Apoptosis","AKT3",NA
"K_Apoptosis","APAF1",NA
"K_Apoptosis","ATM",NA
"K_Apoptosis","BAD",NA
"K_Apoptosis","BAX",NA
"K_Apoptosis","BCL2",NA
"K_Apoptosis","BCL2L1",NA
"K_Apoptosis","BID",NA
"K_Apoptosis","BIRC2",NA
"K_Apoptosis","BIRC3",NA
"K_Apoptosis","CAPN1",NA
"K_Apoptosis","CAPN2",NA
"K_Apoptosis","CASP10",NA
"K_Apoptosis","CASP3",NA
"K_Apoptosis","CASP6",NA
"K_Apoptosis","CASP7",NA
"K_Apoptosis","CASP8",NA
"K_Apoptosis","CASP9",NA
"K_Apoptosis","CFLAR",NA
"K_Apoptosis","CHP1",NA
"K_Apoptosis","CHP2",NA
"K_Apoptosis","CHUK",NA
"K_Apoptosis","CSF2RB",NA
"K_Apoptosis","CYCS",NA
"K_Apoptosis","DFFA",NA
"K_Apoptosis","DFFB",NA
"K_Apoptosis","ENDOD1",NA
"K_Apoptosis","ENDOG",NA
"K_Apoptosis","EXOG",NA
"K_Apoptosis","FADD",NA
"K_Apoptosis","FAS",NA
"K_Apoptosis","FASLG",NA
"K_Apoptosis","IKBKB",NA
"K_Apoptosis","IKBKG",NA
"K_Apoptosis","IL1A",NA
"K_Apoptosis","IL1B",NA
"K_Apoptosis","IL1R1",NA
"K_Apoptosis","IL1RAP",NA
"K_Apoptosis","IL3",NA
"K_Apoptosis","IL3RA",NA
"K_Apoptosis","IRAK1",NA
"K_Apoptosis","IRAK2",NA
"K_Apoptosis","IRAK3",NA
"K_Apoptosis","IRAK4",NA
"K_Apoptosis","MAP3K14",NA
"K_Apoptosis","MYD88",NA
"K_Apoptosis","NFKB1",NA
"K_Apoptosis","NFKBIA",NA
"K_Apoptosis","NGF",NA
"K_Apoptosis","NTRK1",NA
"K_Apoptosis","PIK3CA",NA
"K_Apoptosis","PIK3CB",NA
"K_Apoptosis","PIK3CD",NA
"K_Apoptosis","PIK3CG",NA
"K_Apoptosis","PIK3R1",NA
"K_Apoptosis","PIK3R2",NA
"K_Apoptosis","PIK3R3",NA
"K_Apoptosis","PIK3R5",NA
"K_Apoptosis","PPP3CA",NA
"K_Apoptosis","PPP3CB",NA
"K_Apoptosis","PPP3CC",NA
"K_Apoptosis","PPP3R1",NA
"K_Apoptosis","PPP3R2",NA
"K_Apoptosis","PRKACA",NA
"K_Apoptosis","PRKACB",NA
"K_Apoptosis","PRKACG",NA
"K_Apoptosis","PRKAR1A",NA
"K_Apoptosis","PRKAR1B",NA
"K_Apoptosis","PRKAR2A",NA
"K_Apoptosis","PRKAR2B",NA
"K_Apoptosis","PRKX",NA
"K_Apoptosis","RELA",NA
"K_Apoptosis","RIPK1",NA
"K_Apoptosis","TNF",NA
"K_Apoptosis","TNFRSF10A",NA
"K_Apoptosis","TNFRSF10B",NA
"K_Apoptosis","TNFRSF10C",NA
"K_Apoptosis","TNFRSF10D",NA
"K_Apoptosis","TNFRSF1A",NA
"K_Apoptosis","TNFSF10",NA
"K_Apoptosis","TP53",NA
"K_Apoptosis","TRADD",NA
"K_Apoptosis","TRAF2",NA
"K_Apoptosis","XIAP",NA
"K_CAMs","ALCAM","Cell_differentiation"
"K_CAMs","CADM1","Cell_differentiation"
"K_CAMs","CADM3","Cell_differentiation"
"K_CAMs","CD2","Cell_differentiation"
"K_CAMs","CD22","Cell_differentiation"
"K_CAMs","CD226","Cell_differentiation"
"K_CAMs","CD274","Cell_differentiation"
"K_CAMs","CD276","Cell_differentiation"
"K_CAMs","CD28","Cell_differentiation"
"K_CAMs","CD34","Cell_differentiation"
"K_CAMs","CD4","Cell_differentiation"
"K_CAMs","CD40","Cell_differentiation"
"K_CAMs","CD40LG","Cell_differentiation"
"K_CAMs","CD58","Cell_differentiation"
"K_CAMs","CD6","Cell_differentiation"
"K_CAMs","CD80","Cell_differentiation"
"K_CAMs","CD86","Cell_differentiation"
"K_CAMs","CD8A","Cell_differentiation"
"K_CAMs","CD8B","Cell_differentiation"
"K_CAMs","CD99","Cell_differentiation"
"K_CAMs","CDH1","Cell_differentiation"
"K_CAMs","CDH15","Cell_differentiation"
"K_CAMs","CDH2","Cell_differentiation"
"K_CAMs","CDH3","Cell_differentiation"
"K_CAMs","CDH4","Cell_differentiation"
"K_CAMs","CDH5","Cell_differentiation"
"K_CAMs","CLDN1","Cell_differentiation"
"K_CAMs","CLDN10","Cell_differentiation"
"K_CAMs","CLDN11","Cell_differentiation"
"K_CAMs","CLDN14","Cell_differentiation"
"K_CAMs","CLDN15","Cell_differentiation"
"K_CAMs","CLDN16","Cell_differentiation"
"K_CAMs","CLDN17","Cell_differentiation"
"K_CAMs","CLDN18","Cell_differentiation"
"K_CAMs","CLDN19","Cell_differentiation"
"K_CAMs","CLDN2","Cell_differentiation"
"K_CAMs","CLDN20","Cell_differentiation"
"K_CAMs","CLDN22","Cell_differentiation"
"K_CAMs","CLDN23","Cell_differentiation"
"K_CAMs","CLDN3","Cell_differentiation"
"K_CAMs","CLDN4","Cell_differentiation"
"K_CAMs","CLDN5","Cell_differentiation"
"K_CAMs","CLDN6","Cell_differentiation"
"K_CAMs","CLDN7","Cell_differentiation"
"K_CAMs","CLDN8","Cell_differentiation"
"K_CAMs","CLDN9","Cell_differentiation"
"K_CAMs","CNTN1","Cell_differentiation"
"K_CAMs","CNTN2","Cell_differentiation"
"K_CAMs","CNTNAP1","Cell_differentiation"
"K_CAMs","CNTNAP2","Cell_differentiation"
"K_CAMs","CTLA4","Cell_differentiation"
"K_CAMs","ESAM","Cell_differentiation"
"K_CAMs","F11R","Cell_differentiation"
"K_CAMs","GLG1","Cell_differentiation"
"K_CAMs","HLA-A","Cell_differentiation"
"K_CAMs","HLA-B","Cell_differentiation"
"K_CAMs","HLA-C","Cell_differentiation"
"K_CAMs","HLA-DMA","Cell_differentiation"
"K_CAMs","HLA-DMB","Cell_differentiation"
"K_CAMs","HLA-DOA","Cell_differentiation"
"K_CAMs","HLA-DOB","Cell_differentiation"
"K_CAMs","HLA-DPA1","Cell_differentiation"
"K_CAMs","HLA-DPB1","Cell_differentiation"
"K_CAMs","HLA-DQA1","Cell_differentiation"
"K_CAMs","HLA-DQA2","Cell_differentiation"
"K_CAMs","HLA-DQB1","Cell_differentiation"
"K_CAMs","HLA-DRA","Cell_differentiation"
"K_CAMs","HLA-DRB1","Cell_differentiation"
"K_CAMs","HLA-DRB3","Cell_differentiation"
"K_CAMs","HLA-DRB4","Cell_differentiation"
"K_CAMs","HLA-DRB5","Cell_differentiation"
"K_CAMs","HLA-E","Cell_differentiation"
"K_CAMs","HLA-F","Cell_differentiation"
"K_CAMs","HLA-G","Cell_differentiation"
"K_CAMs","ICAM1","Cell_differentiation"
"K_CAMs","ICAM2","Cell_differentiation"
"K_CAMs","ICAM3","Cell_differentiation"
"K_CAMs","ICOS","Cell_differentiation"
"K_CAMs","ICOSLG","Cell_differentiation"
"K_CAMs","ITGA4","Cell_differentiation"
"K_CAMs","ITGA6","Cell_differentiation"
"K_CAMs","ITGA8","Cell_differentiation"
"K_CAMs","ITGA9","Cell_differentiation"
"K_CAMs","ITGAL","Cell_differentiation"
"K_CAMs","ITGAM","Cell_differentiation"
"K_CAMs","ITGAV","Cell_differentiation"
"K_CAMs","ITGB1","Cell_differentiation"
"K_CAMs","ITGB2","Cell_differentiation"
"K_CAMs","ITGB7","Cell_differentiation"
"K_CAMs","ITGB8","Cell_differentiation"
"K_CAMs","JAM2","Cell_differentiation"
"K_CAMs","JAM3","Cell_differentiation"
"K_CAMs","L1CAM","Cell_differentiation"
"K_CAMs","MADCAM1","Cell_differentiation"
"K_CAMs","MAG","Cell_differentiation"
"K_CAMs","MPZ","Cell_differentiation"
"K_CAMs","MPZL1","Cell_differentiation"
"K_CAMs","NCAM1","Cell_differentiation"
"K_CAMs","NCAM2","Cell_differentiation"
"K_CAMs","NECTIN1","Cell_differentiation"
"K_CAMs","NECTIN2","Cell_differentiation"
"K_CAMs","NECTIN3","Cell_differentiation"
"K_CAMs","NEGR1","Cell_differentiation"
"K_CAMs","NEO1","Cell_differentiation"
"K_CAMs","NFASC","Cell_differentiation"
"K_CAMs","NLGN1","Cell_differentiation"
"K_CAMs","NLGN2","Cell_differentiation"
"K_CAMs","NLGN3","Cell_differentiation"
"K_CAMs","NLGN4X","Cell_differentiation"
"K_CAMs","NRCAM","Cell_differentiation"
"K_CAMs","NRXN1","Cell_differentiation"
"K_CAMs","NRXN2","Cell_differentiation"
"K_CAMs","NRXN3","Cell_differentiation"
"K_CAMs","OCLN","Cell_differentiation"
"K_CAMs","PDCD1","Cell_differentiation"
"K_CAMs","PDCD1LG2","Cell_differentiation"
"K_CAMs","PECAM1","Cell_differentiation"
"K_CAMs","PTPRC","Cell_differentiation"
"K_CAMs","PTPRF","Cell_differentiation"
"K_CAMs","PTPRM","Cell_differentiation"
"K_CAMs","PVR","Cell_differentiation"
"K_CAMs","SDC1","Cell_differentiation"
"K_CAMs","SDC2","Cell_differentiation"
"K_CAMs","SDC3","Cell_differentiation"
"K_CAMs","SDC4","Cell_differentiation"
"K_CAMs","SELE","Cell_differentiation"
"K_CAMs","SELL","Cell_differentiation"
"K_CAMs","SELP","Cell_differentiation"
"K_CAMs","SELPLG","Cell_differentiation"
"K_CAMs","SIGLEC1","Cell_differentiation"
"K_CAMs","SPN","Cell_differentiation"
"K_CAMs","VCAM1","Cell_differentiation"
"K_CAMs","VCAN","Cell_differentiation"
"K_Chemokine_signaling","ADCY1","Signaling_Cascade"
"K_Chemokine_signaling","ADCY2","Signaling_Cascade"
"K_Chemokine_signaling","ADCY3","Signaling_Cascade"
"K_Chemokine_signaling","ADCY4","Signaling_Cascade"
"K_Chemokine_signaling","ADCY5","Signaling_Cascade"
"K_Chemokine_signaling","ADCY6","Signaling_Cascade"
"K_Chemokine_signaling","ADCY7","Signaling_Cascade"
"K_Chemokine_signaling","ADCY8","Signaling_Cascade"
"K_Chemokine_signaling","ADCY9","Signaling_Cascade"
"K_Chemokine_signaling","AKT1","Signaling_Cascade"
"K_Chemokine_signaling","AKT2","Signaling_Cascade"
"K_Chemokine_signaling","AKT3","Signaling_Cascade"
"K_Chemokine_signaling","ARRB1","Signaling_Cascade"
"K_Chemokine_signaling","ARRB2","Signaling_Cascade"
"K_Chemokine_signaling","BCAR1","Signaling_Cascade"
"K_Chemokine_signaling","BRAF","Signaling_Cascade"
"K_Chemokine_signaling","CCL1","Signaling_Cascade"
"K_Chemokine_signaling","CCL11","Signaling_Cascade"
"K_Chemokine_signaling","CCL13","Signaling_Cascade"
"K_Chemokine_signaling","CCL14","Signaling_Cascade"
"K_Chemokine_signaling","CCL15","Signaling_Cascade"
"K_Chemokine_signaling","CCL16","Signaling_Cascade"
"K_Chemokine_signaling","CCL17","Signaling_Cascade"
"K_Chemokine_signaling","CCL18","Signaling_Cascade"
"K_Chemokine_signaling","CCL19","Signaling_Cascade"
"K_Chemokine_signaling","CCL2","Signaling_Cascade"
"K_Chemokine_signaling","CCL20","Signaling_Cascade"
"K_Chemokine_signaling","CCL21","Signaling_Cascade"
"K_Chemokine_signaling","CCL22","Signaling_Cascade"
"K_Chemokine_signaling","CCL23","Signaling_Cascade"
"K_Chemokine_signaling","CCL24","Signaling_Cascade"
"K_Chemokine_signaling","CCL25","Signaling_Cascade"
"K_Chemokine_signaling","CCL26","Signaling_Cascade"
"K_Chemokine_signaling","CCL27","Signaling_Cascade"
"K_Chemokine_signaling","CCL28","Signaling_Cascade"
"K_Chemokine_signaling","CCL3","Signaling_Cascade"
"K_Chemokine_signaling","CCL3L1","Signaling_Cascade"
"K_Chemokine_signaling","CCL3L3","Signaling_Cascade"
"K_Chemokine_signaling","CCL4","Signaling_Cascade"
"K_Chemokine_signaling","CCL4L2","Signaling_Cascade"
"K_Chemokine_signaling","CCL5","Signaling_Cascade"
"K_Chemokine_signaling","CCL7","Signaling_Cascade"
"K_Chemokine_signaling","CCL8","Signaling_Cascade"
"K_Chemokine_signaling","CCR1","Signaling_Cascade"
"K_Chemokine_signaling","CCR10","Signaling_Cascade"
"K_Chemokine_signaling","CCR2","Signaling_Cascade"
"K_Chemokine_signaling","CCR3","Signaling_Cascade"
"K_Chemokine_signaling","CCR4","Signaling_Cascade"
"K_Chemokine_signaling","CCR5","Signaling_Cascade"
"K_Chemokine_signaling","CCR6","Signaling_Cascade"
"K_Chemokine_signaling","CCR7","Signaling_Cascade"
"K_Chemokine_signaling","CCR8","Signaling_Cascade"
"K_Chemokine_signaling","CCR9","Signaling_Cascade"
"K_Chemokine_signaling","CDC42","Signaling_Cascade"
"K_Chemokine_signaling","CHUK","Signaling_Cascade"
"K_Chemokine_signaling","CRK","Signaling_Cascade"
"K_Chemokine_signaling","CRKL","Signaling_Cascade"
"K_Chemokine_signaling","CSK","Signaling_Cascade"
"K_Chemokine_signaling","CX3CL1","Signaling_Cascade"
"K_Chemokine_signaling","CX3CR1","Signaling_Cascade"
"K_Chemokine_signaling","CXCL1","Signaling_Cascade"
"K_Chemokine_signaling","CXCL10","Signaling_Cascade"
"K_Chemokine_signaling","CXCL11","Signaling_Cascade"
"K_Chemokine_signaling","CXCL12","Signaling_Cascade"
"K_Chemokine_signaling","CXCL13","Signaling_Cascade"
"K_Chemokine_signaling","CXCL14","Signaling_Cascade"
"K_Chemokine_signaling","CXCL16","Signaling_Cascade"
"K_Chemokine_signaling","CXCL2","Signaling_Cascade"
"K_Chemokine_signaling","CXCL3","Signaling_Cascade"
"K_Chemokine_signaling","CXCL5","Signaling_Cascade"
"K_Chemokine_signaling","CXCL6","Signaling_Cascade"
"K_Chemokine_signaling","CXCL8","Signaling_Cascade"
"K_Chemokine_signaling","CXCL9","Signaling_Cascade"
"K_Chemokine_signaling","CXCR1","Signaling_Cascade"
"K_Chemokine_signaling","CXCR2","Signaling_Cascade"
"K_Chemokine_signaling","CXCR3","Signaling_Cascade"
"K_Chemokine_signaling","CXCR4","Signaling_Cascade"
"K_Chemokine_signaling","CXCR5","Signaling_Cascade"
"K_Chemokine_signaling","CXCR6","Signaling_Cascade"
"K_Chemokine_signaling","DOCK2","Signaling_Cascade"
"K_Chemokine_signaling","ELMO1","Signaling_Cascade"
"K_Chemokine_signaling","FGR","Signaling_Cascade"
"K_Chemokine_signaling","FOXO3","Signaling_Cascade"
"K_Chemokine_signaling","GNAI1","Signaling_Cascade"
"K_Chemokine_signaling","GNAI2","Signaling_Cascade"
"K_Chemokine_signaling","GNAI3","Signaling_Cascade"
"K_Chemokine_signaling","GNB1","Signaling_Cascade"
"K_Chemokine_signaling","GNB2","Signaling_Cascade"
"K_Chemokine_signaling","GNB3","Signaling_Cascade"
"K_Chemokine_signaling","GNB4","Signaling_Cascade"
"K_Chemokine_signaling","GNB5","Signaling_Cascade"
"K_Chemokine_signaling","GNG10","Signaling_Cascade"
"K_Chemokine_signaling","GNG11","Signaling_Cascade"
"K_Chemokine_signaling","GNG12","Signaling_Cascade"
"K_Chemokine_signaling","GNG13","Signaling_Cascade"
"K_Chemokine_signaling","GNG2","Signaling_Cascade"
"K_Chemokine_signaling","GNG3","Signaling_Cascade"
"K_Chemokine_signaling","GNG4","Signaling_Cascade"
"K_Chemokine_signaling","GNG5","Signaling_Cascade"
"K_Chemokine_signaling","GNG7","Signaling_Cascade"
"K_Chemokine_signaling","GNG8","Signaling_Cascade"
"K_Chemokine_signaling","GNGT1","Signaling_Cascade"
"K_Chemokine_signaling","GNGT2","Signaling_Cascade"
"K_Chemokine_signaling","GRB2","Signaling_Cascade"
"K_Chemokine_signaling","GRK1","Signaling_Cascade"
"K_Chemokine_signaling","GRK2","Signaling_Cascade"
"K_Chemokine_signaling","GRK3","Signaling_Cascade"
"K_Chemokine_signaling","GRK4","Signaling_Cascade"
"K_Chemokine_signaling","GRK5","Signaling_Cascade"
"K_Chemokine_signaling","GRK6","Signaling_Cascade"
"K_Chemokine_signaling","GRK7","Signaling_Cascade"
"K_Chemokine_signaling","GSK3A","Signaling_Cascade"
"K_Chemokine_signaling","GSK3B","Signaling_Cascade"
"K_Chemokine_signaling","HCK","Signaling_Cascade"
"K_Chemokine_signaling","HRAS","Signaling_Cascade"
"K_Chemokine_signaling","IKBKB","Signaling_Cascade"
"K_Chemokine_signaling","IKBKG","Signaling_Cascade"
"K_Chemokine_signaling","ITK","Signaling_Cascade"
"K_Chemokine_signaling","JAK2","Signaling_Cascade"
"K_Chemokine_signaling","JAK3","Signaling_Cascade"
"K_Chemokine_signaling","KRAS","Signaling_Cascade"
"K_Chemokine_signaling","LYN","Signaling_Cascade"
"K_Chemokine_signaling","MAP2K1","Signaling_Cascade"
"K_Chemokine_signaling","MAPK1","Signaling_Cascade"
"K_Chemokine_signaling","MAPK3","Signaling_Cascade"
"K_Chemokine_signaling","NCF1","Signaling_Cascade"
"K_Chemokine_signaling","NFKB1","Signaling_Cascade"
"K_Chemokine_signaling","NFKBIA","Signaling_Cascade"
"K_Chemokine_signaling","NFKBIB","Signaling_Cascade"
"K_Chemokine_signaling","NRAS","Signaling_Cascade"
"K_Chemokine_signaling","PAK1","Signaling_Cascade"
"K_Chemokine_signaling","PARD3","Signaling_Cascade"
"K_Chemokine_signaling","PF4","Signaling_Cascade"
"K_Chemokine_signaling","PF4V1","Signaling_Cascade"
"K_Chemokine_signaling","PIK3CA","Signaling_Cascade"
"K_Chemokine_signaling","PIK3CB","Signaling_Cascade"
"K_Chemokine_signaling","PIK3CD","Signaling_Cascade"
"K_Chemokine_signaling","PIK3CG","Signaling_Cascade"
"K_Chemokine_signaling","PIK3R1","Signaling_Cascade"
"K_Chemokine_signaling","PIK3R2","Signaling_Cascade"
"K_Chemokine_signaling","PIK3R3","Signaling_Cascade"
"K_Chemokine_signaling","PIK3R5","Signaling_Cascade"
"K_Chemokine_signaling","PLCB1","Signaling_Cascade"
"K_Chemokine_signaling","PLCB2","Signaling_Cascade"
"K_Chemokine_signaling","PLCB3","Signaling_Cascade"
"K_Chemokine_signaling","PLCB4","Signaling_Cascade"
"K_Chemokine_signaling","PPBP","Signaling_Cascade"
"K_Chemokine_signaling","PPBPP1","Signaling_Cascade"
"K_Chemokine_signaling","PREX1","Signaling_Cascade"
"K_Chemokine_signaling","PRKACA","Signaling_Cascade"
"K_Chemokine_signaling","PRKACB","Signaling_Cascade"
"K_Chemokine_signaling","PRKACG","Signaling_Cascade"
"K_Chemokine_signaling","PRKCB","Signaling_Cascade"
"K_Chemokine_signaling","PRKCD","Signaling_Cascade"
"K_Chemokine_signaling","PRKCZ","Signaling_Cascade"
"K_Chemokine_signaling","PRKX","Signaling_Cascade"
"K_Chemokine_signaling","PTK2","Signaling_Cascade"
"K_Chemokine_signaling","PTK2B","Signaling_Cascade"
"K_Chemokine_signaling","PXN","Signaling_Cascade"
"K_Chemokine_signaling","RAC1","Signaling_Cascade"
"K_Chemokine_signaling","RAC2","Signaling_Cascade"
"K_Chemokine_signaling","RAF1","Signaling_Cascade"
"K_Chemokine_signaling","RAP1A","Signaling_Cascade"
"K_Chemokine_signaling","RAP1B","Signaling_Cascade"
"K_Chemokine_signaling","RASGRP2","Signaling_Cascade"
"K_Chemokine_signaling","RELA","Signaling_Cascade"
"K_Chemokine_signaling","RHOA","Signaling_Cascade"
"K_Chemokine_signaling","ROCK1","Signaling_Cascade"
"K_Chemokine_signaling","ROCK2","Signaling_Cascade"
"K_Chemokine_signaling","SHC1","Signaling_Cascade"
"K_Chemokine_signaling","SHC2","Signaling_Cascade"
"K_Chemokine_signaling","SHC3","Signaling_Cascade"
"K_Chemokine_signaling","SHC4","Signaling_Cascade"
"K_Chemokine_signaling","SOS1","Signaling_Cascade"
"K_Chemokine_signaling","SOS2","Signaling_Cascade"
"K_Chemokine_signaling","STAT1","Signaling_Cascade"
"K_Chemokine_signaling","STAT2","Signaling_Cascade"
"K_Chemokine_signaling","STAT3","Signaling_Cascade"
"K_Chemokine_signaling","STAT5B","Signaling_Cascade"
"K_Chemokine_signaling","TIAM1","Signaling_Cascade"
"K_Chemokine_signaling","TIAM2","Signaling_Cascade"
"K_Chemokine_signaling","VAV1","Signaling_Cascade"
"K_Chemokine_signaling","VAV2","Signaling_Cascade"
"K_Chemokine_signaling","VAV3","Signaling_Cascade"
"K_Chemokine_signaling","WAS","Signaling_Cascade"
"K_Chemokine_signaling","WASL","Signaling_Cascade"
"K_Chemokine_signaling","XCL1","Signaling_Cascade"
"K_Chemokine_signaling","XCL2","Signaling_Cascade"
"K_Chemokine_signaling","XCR1","Signaling_Cascade"
"K_ECM_receptor","AGRN","Cell_differentiation"
"K_ECM_receptor","CD36","Cell_differentiation"
"K_ECM_receptor","CD44","Cell_differentiation"
"K_ECM_receptor","CD47","Cell_differentiation"
"K_ECM_receptor","CHAD","Cell_differentiation"
"K_ECM_receptor","COL11A1","Cell_differentiation"
"K_ECM_receptor","COL11A2","Cell_differentiation"
"K_ECM_receptor","COL1A1","Cell_differentiation"
"K_ECM_receptor","COL1A2","Cell_differentiation"
"K_ECM_receptor","COL2A1","Cell_differentiation"
"K_ECM_receptor","COL3A1","Cell_differentiation"
"K_ECM_receptor","COL4A1","Cell_differentiation"
"K_ECM_receptor","COL4A2","Cell_differentiation"
"K_ECM_receptor","COL4A4","Cell_differentiation"
"K_ECM_receptor","COL4A6","Cell_differentiation"
"K_ECM_receptor","COL5A1","Cell_differentiation"
"K_ECM_receptor","COL5A2","Cell_differentiation"
"K_ECM_receptor","COL5A3","Cell_differentiation"
"K_ECM_receptor","COL6A1","Cell_differentiation"
"K_ECM_receptor","COL6A2","Cell_differentiation"
"K_ECM_receptor","COL6A3","Cell_differentiation"
"K_ECM_receptor","COL6A6","Cell_differentiation"
"K_ECM_receptor","COMP","Cell_differentiation"
"K_ECM_receptor","DAG1","Cell_differentiation"
"K_ECM_receptor","FN1","Cell_differentiation"
"K_ECM_receptor","GP1BA","Cell_differentiation"
"K_ECM_receptor","GP1BB","Cell_differentiation"
"K_ECM_receptor","GP5","Cell_differentiation"
"K_ECM_receptor","GP6","Cell_differentiation"
"K_ECM_receptor","GP9","Cell_differentiation"
"K_ECM_receptor","HMMR","Cell_differentiation"
"K_ECM_receptor","HSPG2","Cell_differentiation"
"K_ECM_receptor","IBSP","Cell_differentiation"
"K_ECM_receptor","ITGA1","Cell_differentiation"
"K_ECM_receptor","ITGA10","Cell_differentiation"
"K_ECM_receptor","ITGA11","Cell_differentiation"
"K_ECM_receptor","ITGA2","Cell_differentiation"
"K_ECM_receptor","ITGA2B","Cell_differentiation"
"K_ECM_receptor","ITGA3","Cell_differentiation"
"K_ECM_receptor","ITGA4","Cell_differentiation"
"K_ECM_receptor","ITGA5","Cell_differentiation"
"K_ECM_receptor","ITGA6","Cell_differentiation"
"K_ECM_receptor","ITGA7","Cell_differentiation"
"K_ECM_receptor","ITGA8","Cell_differentiation"
"K_ECM_receptor","ITGA9","Cell_differentiation"
"K_ECM_receptor","ITGAV","Cell_differentiation"
"K_ECM_receptor","ITGB1","Cell_differentiation"
"K_ECM_receptor","ITGB3","Cell_differentiation"
"K_ECM_receptor","ITGB4","Cell_differentiation"
"K_ECM_receptor","ITGB5","Cell_differentiation"
"K_ECM_receptor","ITGB6","Cell_differentiation"
"K_ECM_receptor","ITGB7","Cell_differentiation"
"K_ECM_receptor","ITGB8","Cell_differentiation"
"K_ECM_receptor","LAMA1","Cell_differentiation"
"K_ECM_receptor","LAMA2","Cell_differentiation"
"K_ECM_receptor","LAMA3","Cell_differentiation"
"K_ECM_receptor","LAMA4","Cell_differentiation"
"K_ECM_receptor","LAMA5","Cell_differentiation"
"K_ECM_receptor","LAMB1","Cell_differentiation"
"K_ECM_receptor","LAMB2","Cell_differentiation"
"K_ECM_receptor","LAMB3","Cell_differentiation"
"K_ECM_receptor","LAMB4","Cell_differentiation"
"K_ECM_receptor","LAMC1","Cell_differentiation"
"K_ECM_receptor","LAMC2","Cell_differentiation"
"K_ECM_receptor","LAMC3","Cell_differentiation"
"K_ECM_receptor","RELN","Cell_differentiation"
"K_ECM_receptor","SDC1","Cell_differentiation"
"K_ECM_receptor","SDC2","Cell_differentiation"
"K_ECM_receptor","SDC3","Cell_differentiation"
"K_ECM_receptor","SDC4","Cell_differentiation"
"K_ECM_receptor","SPP1","Cell_differentiation"
"K_ECM_receptor","SV2A","Cell_differentiation"
"K_ECM_receptor","SV2B","Cell_differentiation"
"K_ECM_receptor","SV2C","Cell_differentiation"
"K_ECM_receptor","THBS1","Cell_differentiation"
"K_ECM_receptor","THBS2","Cell_differentiation"
"K_ECM_receptor","THBS3","Cell_differentiation"
"K_ECM_receptor","THBS4","Cell_differentiation"
"K_ECM_receptor","TNC","Cell_differentiation"
"K_ECM_receptor","TNN","Cell_differentiation"
"K_ECM_receptor","TNR","Cell_differentiation"
"K_ECM_receptor","TNXB","Cell_differentiation"
"K_ECM_receptor","VTN","Cell_differentiation"
"K_ECM_receptor","VWF","Cell_differentiation"
"K_Insulin_signaling","ACACA","Signaling_Cascade"
"K_Insulin_signaling","ACACB","Signaling_Cascade"
"K_Insulin_signaling","AKT1","Signaling_Cascade"
"K_Insulin_signaling","AKT2","Signaling_Cascade"
"K_Insulin_signaling","AKT3","Signaling_Cascade"
"K_Insulin_signaling","ARAF","Signaling_Cascade"
"K_Insulin_signaling","BAD","Signaling_Cascade"
"K_Insulin_signaling","BRAF","Signaling_Cascade"
"K_Insulin_signaling","CALM1","Signaling_Cascade"
"K_Insulin_signaling","CALM2","Signaling_Cascade"
"K_Insulin_signaling","CALM3","Signaling_Cascade"
"K_Insulin_signaling","CALML3","Signaling_Cascade"
"K_Insulin_signaling","CALML5","Signaling_Cascade"
"K_Insulin_signaling","CALML6","Signaling_Cascade"
"K_Insulin_signaling","CBL","Signaling_Cascade"
"K_Insulin_signaling","CBLB","Signaling_Cascade"
"K_Insulin_signaling","CBLC","Signaling_Cascade"
"K_Insulin_signaling","CRK","Signaling_Cascade"
"K_Insulin_signaling","CRKL","Signaling_Cascade"
"K_Insulin_signaling","EIF4E","Signaling_Cascade"
"K_Insulin_signaling","EIF4E1B","Signaling_Cascade"
"K_Insulin_signaling","EIF4E2","Signaling_Cascade"
"K_Insulin_signaling","EIF4EBP1","Signaling_Cascade"
"K_Insulin_signaling","ELK1","Signaling_Cascade"
"K_Insulin_signaling","EXOC7","Signaling_Cascade"
"K_Insulin_signaling","FASN","Signaling_Cascade"
"K_Insulin_signaling","FBP1","Signaling_Cascade"
"K_Insulin_signaling","FBP2","Signaling_Cascade"
"K_Insulin_signaling","FLOT1","Signaling_Cascade"
"K_Insulin_signaling","FLOT2","Signaling_Cascade"
"K_Insulin_signaling","FOXO1","Signaling_Cascade"
"K_Insulin_signaling","G6PC1","Signaling_Cascade"
"K_Insulin_signaling","G6PC2","Signaling_Cascade"
"K_Insulin_signaling","GCK","Signaling_Cascade"
"K_Insulin_signaling","GRB2","Signaling_Cascade"
"K_Insulin_signaling","GSK3B","Signaling_Cascade"
"K_Insulin_signaling","GYS1","Signaling_Cascade"
"K_Insulin_signaling","GYS2","Signaling_Cascade"
"K_Insulin_signaling","HK1","Signaling_Cascade"
"K_Insulin_signaling","HK2","Signaling_Cascade"
"K_Insulin_signaling","HK3","Signaling_Cascade"
"K_Insulin_signaling","HRAS","Signaling_Cascade"
"K_Insulin_signaling","IKBKB","Signaling_Cascade"
"K_Insulin_signaling","INPP5D","Signaling_Cascade"
"K_Insulin_signaling","INPP5K","Signaling_Cascade"
"K_Insulin_signaling","INS","Signaling_Cascade"
"K_Insulin_signaling","INSR","Signaling_Cascade"
"K_Insulin_signaling","IRS1","Signaling_Cascade"
"K_Insulin_signaling","IRS2","Signaling_Cascade"
"K_Insulin_signaling","IRS4","Signaling_Cascade"
"K_Insulin_signaling","KRAS","Signaling_Cascade"
"K_Insulin_signaling","LIPE","Signaling_Cascade"
"K_Insulin_signaling","MAP2K1","Signaling_Cascade"
"K_Insulin_signaling","MAP2K2","Signaling_Cascade"
"K_Insulin_signaling","MAPK1","Signaling_Cascade"
"K_Insulin_signaling","MAPK10","Signaling_Cascade"
"K_Insulin_signaling","MAPK3","Signaling_Cascade"
"K_Insulin_signaling","MAPK8","Signaling_Cascade"
"K_Insulin_signaling","MAPK9","Signaling_Cascade"
"K_Insulin_signaling","MKNK1","Signaling_Cascade"
"K_Insulin_signaling","MKNK2","Signaling_Cascade"
"K_Insulin_signaling","MTOR","Signaling_Cascade"
"K_Insulin_signaling","NRAS","Signaling_Cascade"
"K_Insulin_signaling","PCK1","Signaling_Cascade"
"K_Insulin_signaling","PCK2","Signaling_Cascade"
"K_Insulin_signaling","PDE3A","Signaling_Cascade"
"K_Insulin_signaling","PDE3B","Signaling_Cascade"
"K_Insulin_signaling","PDPK1","Signaling_Cascade"
"K_Insulin_signaling","PHKA1","Signaling_Cascade"
"K_Insulin_signaling","PHKA2","Signaling_Cascade"
"K_Insulin_signaling","PHKB","Signaling_Cascade"
"K_Insulin_signaling","PHKG1","Signaling_Cascade"
"K_Insulin_signaling","PHKG2","Signaling_Cascade"
"K_Insulin_signaling","PIK3CA","Signaling_Cascade"
"K_Insulin_signaling","PIK3CB","Signaling_Cascade"
"K_Insulin_signaling","PIK3CD","Signaling_Cascade"
"K_Insulin_signaling","PIK3CG","Signaling_Cascade"
"K_Insulin_signaling","PIK3R1","Signaling_Cascade"
"K_Insulin_signaling","PIK3R2","Signaling_Cascade"
"K_Insulin_signaling","PIK3R3","Signaling_Cascade"
"K_Insulin_signaling","PIK3R5","Signaling_Cascade"
"K_Insulin_signaling","PKLR","Signaling_Cascade"
"K_Insulin_signaling","PPARGC1A","Signaling_Cascade"
"K_Insulin_signaling","PPP1CA","Signaling_Cascade"
"K_Insulin_signaling","PPP1CB","Signaling_Cascade"
"K_Insulin_signaling","PPP1CC","Signaling_Cascade"
"K_Insulin_signaling","PPP1R3A","Signaling_Cascade"
"K_Insulin_signaling","PPP1R3B","Signaling_Cascade"
"K_Insulin_signaling","PPP1R3C","Signaling_Cascade"
"K_Insulin_signaling","PPP1R3D","Signaling_Cascade"
"K_Insulin_signaling","PRKAA1","Signaling_Cascade"
"K_Insulin_signaling","PRKAA2","Signaling_Cascade"
"K_Insulin_signaling","PRKAB1","Signaling_Cascade"
"K_Insulin_signaling","PRKAB2","Signaling_Cascade"
"K_Insulin_signaling","PRKACA","Signaling_Cascade"
"K_Insulin_signaling","PRKACB","Signaling_Cascade"
"K_Insulin_signaling","PRKACG","Signaling_Cascade"
"K_Insulin_signaling","PRKAG1","Signaling_Cascade"
"K_Insulin_signaling","PRKAG2","Signaling_Cascade"
"K_Insulin_signaling","PRKAG3","Signaling_Cascade"
"K_Insulin_signaling","PRKAR1A","Signaling_Cascade"
"K_Insulin_signaling","PRKAR1B","Signaling_Cascade"
"K_Insulin_signaling","PRKAR2A","Signaling_Cascade"
"K_Insulin_signaling","PRKAR2B","Signaling_Cascade"
"K_Insulin_signaling","PRKCI","Signaling_Cascade"
"K_Insulin_signaling","PRKCZ","Signaling_Cascade"
"K_Insulin_signaling","PRKX","Signaling_Cascade"
"K_Insulin_signaling","PTPN1","Signaling_Cascade"
"K_Insulin_signaling","PTPRF","Signaling_Cascade"
"K_Insulin_signaling","PYGB","Signaling_Cascade"
"K_Insulin_signaling","PYGL","Signaling_Cascade"
"K_Insulin_signaling","PYGM","Signaling_Cascade"
"K_Insulin_signaling","RAF1","Signaling_Cascade"
"K_Insulin_signaling","RAPGEF1","Signaling_Cascade"
"K_Insulin_signaling","RHEB","Signaling_Cascade"
"K_Insulin_signaling","RHOQ","Signaling_Cascade"
"K_Insulin_signaling","RPS6","Signaling_Cascade"
"K_Insulin_signaling","RPS6KB1","Signaling_Cascade"
"K_Insulin_signaling","RPS6KB2","Signaling_Cascade"
"K_Insulin_signaling","RPTOR","Signaling_Cascade"
"K_Insulin_signaling","SH2B2","Signaling_Cascade"
"K_Insulin_signaling","SHC1","Signaling_Cascade"
"K_Insulin_signaling","SHC2","Signaling_Cascade"
"K_Insulin_signaling","SHC3","Signaling_Cascade"
"K_Insulin_signaling","SHC4","Signaling_Cascade"
"K_Insulin_signaling","SLC2A4","Signaling_Cascade"
"K_Insulin_signaling","SOCS1","Signaling_Cascade"
"K_Insulin_signaling","SOCS2","Signaling_Cascade"
"K_Insulin_signaling","SOCS3","Signaling_Cascade"
"K_Insulin_signaling","SOCS4","Signaling_Cascade"
"K_Insulin_signaling","SORBS1","Signaling_Cascade"
"K_Insulin_signaling","SOS1","Signaling_Cascade"
"K_Insulin_signaling","SOS2","Signaling_Cascade"
"K_Insulin_signaling","SREBF1","Signaling_Cascade"
"K_Insulin_signaling","TRIP10","Signaling_Cascade"
"K_Insulin_signaling","TSC1","Signaling_Cascade"
"K_Insulin_signaling","TSC2","Signaling_Cascade"
"K_JAK_STAT_signaling","AKT1","Signaling_Cascade"
"K_JAK_STAT_signaling","AKT2","Signaling_Cascade"
"K_JAK_STAT_signaling","AKT3","Signaling_Cascade"
"K_JAK_STAT_signaling","BCL2L1","Signaling_Cascade"
"K_JAK_STAT_signaling","CBL","Signaling_Cascade"
"K_JAK_STAT_signaling","CBLB","Signaling_Cascade"
"K_JAK_STAT_signaling","CBLC","Signaling_Cascade"
"K_JAK_STAT_signaling","CCND1","Signaling_Cascade"
"K_JAK_STAT_signaling","CCND2","Signaling_Cascade"
"K_JAK_STAT_signaling","CCND3","Signaling_Cascade"
"K_JAK_STAT_signaling","CISH","Signaling_Cascade"
"K_JAK_STAT_signaling","CLCF1","Signaling_Cascade"
"K_JAK_STAT_signaling","CNTF","Signaling_Cascade"
"K_JAK_STAT_signaling","CNTFR","Signaling_Cascade"
"K_JAK_STAT_signaling","CREBBP","Signaling_Cascade"
"K_JAK_STAT_signaling","CRLF2","Signaling_Cascade"
"K_JAK_STAT_signaling","CSF2","Signaling_Cascade"
"K_JAK_STAT_signaling","CSF2RA","Signaling_Cascade"
"K_JAK_STAT_signaling","CSF2RB","Signaling_Cascade"
"K_JAK_STAT_signaling","CSF3","Signaling_Cascade"
"K_JAK_STAT_signaling","CSF3R","Signaling_Cascade"
"K_JAK_STAT_signaling","CSH1","Signaling_Cascade"
"K_JAK_STAT_signaling","CTF1","Signaling_Cascade"
"K_JAK_STAT_signaling","EP300","Signaling_Cascade"
"K_JAK_STAT_signaling","EPO","Signaling_Cascade"
"K_JAK_STAT_signaling","EPOR","Signaling_Cascade"
"K_JAK_STAT_signaling","GH1","Signaling_Cascade"
"K_JAK_STAT_signaling","GH2","Signaling_Cascade"
"K_JAK_STAT_signaling","GHR","Signaling_Cascade"
"K_JAK_STAT_signaling","GRB2","Signaling_Cascade"
"K_JAK_STAT_signaling","IFNA1","Signaling_Cascade"
"K_JAK_STAT_signaling","IFNA10","Signaling_Cascade"
"K_JAK_STAT_signaling","IFNA13","Signaling_Cascade"
"K_JAK_STAT_signaling","IFNA14","Signaling_Cascade"
"K_JAK_STAT_signaling","IFNA16","Signaling_Cascade"
"K_JAK_STAT_signaling","IFNA17","Signaling_Cascade"
"K_JAK_STAT_signaling","IFNA2","Signaling_Cascade"
"K_JAK_STAT_signaling","IFNA21","Signaling_Cascade"
"K_JAK_STAT_signaling","IFNA4","Signaling_Cascade"
"K_JAK_STAT_signaling","IFNA5","Signaling_Cascade"
"K_JAK_STAT_signaling","IFNA6","Signaling_Cascade"
"K_JAK_STAT_signaling","IFNA7","Signaling_Cascade"
"K_JAK_STAT_signaling","IFNA8","Signaling_Cascade"
"K_JAK_STAT_signaling","IFNAR1","Signaling_Cascade"
"K_JAK_STAT_signaling","IFNAR2","Signaling_Cascade"
"K_JAK_STAT_signaling","IFNB1","Signaling_Cascade"
"K_JAK_STAT_signaling","IFNE","Signaling_Cascade"
"K_JAK_STAT_signaling","IFNG","Signaling_Cascade"
"K_JAK_STAT_signaling","IFNGR1","Signaling_Cascade"
"K_JAK_STAT_signaling","IFNGR2","Signaling_Cascade"
"K_JAK_STAT_signaling","IFNK","Signaling_Cascade"
"K_JAK_STAT_signaling","IFNL1","Signaling_Cascade"
"K_JAK_STAT_signaling","IFNL2","Signaling_Cascade"
"K_JAK_STAT_signaling","IFNL3","Signaling_Cascade"
"K_JAK_STAT_signaling","IFNLR1","Signaling_Cascade"
"K_JAK_STAT_signaling","IFNW1","Signaling_Cascade"
"K_JAK_STAT_signaling","IL10","Signaling_Cascade"
"K_JAK_STAT_signaling","IL10RA","Signaling_Cascade"
"K_JAK_STAT_signaling","IL10RB","Signaling_Cascade"
"K_JAK_STAT_signaling","IL11","Signaling_Cascade"
"K_JAK_STAT_signaling","IL11RA","Signaling_Cascade"
"K_JAK_STAT_signaling","IL12A","Signaling_Cascade"
"K_JAK_STAT_signaling","IL12B","Signaling_Cascade"
"K_JAK_STAT_signaling","IL12RB1","Signaling_Cascade"
"K_JAK_STAT_signaling","IL12RB2","Signaling_Cascade"
"K_JAK_STAT_signaling","IL13","Signaling_Cascade"
"K_JAK_STAT_signaling","IL13RA1","Signaling_Cascade"
"K_JAK_STAT_signaling","IL13RA2","Signaling_Cascade"
"K_JAK_STAT_signaling","IL15","Signaling_Cascade"
"K_JAK_STAT_signaling","IL15RA","Signaling_Cascade"
"K_JAK_STAT_signaling","IL19","Signaling_Cascade"
"K_JAK_STAT_signaling","IL2","Signaling_Cascade"
"K_JAK_STAT_signaling","IL20","Signaling_Cascade"
"K_JAK_STAT_signaling","IL20RA","Signaling_Cascade"
"K_JAK_STAT_signaling","IL20RB","Signaling_Cascade"
"K_JAK_STAT_signaling","IL21","Signaling_Cascade"
"K_JAK_STAT_signaling","IL21R","Signaling_Cascade"
"K_JAK_STAT_signaling","IL22","Signaling_Cascade"
"K_JAK_STAT_signaling","IL22RA1","Signaling_Cascade"
"K_JAK_STAT_signaling","IL22RA2","Signaling_Cascade"
"K_JAK_STAT_signaling","IL23A","Signaling_Cascade"
"K_JAK_STAT_signaling","IL23R","Signaling_Cascade"
"K_JAK_STAT_signaling","IL24","Signaling_Cascade"
"K_JAK_STAT_signaling","IL26","Signaling_Cascade"
"K_JAK_STAT_signaling","IL2RA","Signaling_Cascade"
"K_JAK_STAT_signaling","IL2RB","Signaling_Cascade"
"K_JAK_STAT_signaling","IL2RG","Signaling_Cascade"
"K_JAK_STAT_signaling","IL3","Signaling_Cascade"
"K_JAK_STAT_signaling","IL3RA","Signaling_Cascade"
"K_JAK_STAT_signaling","IL4","Signaling_Cascade"
"K_JAK_STAT_signaling","IL4R","Signaling_Cascade"
"K_JAK_STAT_signaling","IL5","Signaling_Cascade"
"K_JAK_STAT_signaling","IL5RA","Signaling_Cascade"
"K_JAK_STAT_signaling","IL6","Signaling_Cascade"
"K_JAK_STAT_signaling","IL6R","Signaling_Cascade"
"K_JAK_STAT_signaling","IL6ST","Signaling_Cascade"
"K_JAK_STAT_signaling","IL7","Signaling_Cascade"
"K_JAK_STAT_signaling","IL7R","Signaling_Cascade"
"K_JAK_STAT_signaling","IL9","Signaling_Cascade"
"K_JAK_STAT_signaling","IL9R","Signaling_Cascade"
"K_JAK_STAT_signaling","IRF9","Signaling_Cascade"
"K_JAK_STAT_signaling","JAK1","Signaling_Cascade"
"K_JAK_STAT_signaling","JAK2","Signaling_Cascade"
"K_JAK_STAT_signaling","JAK3","Signaling_Cascade"
"K_JAK_STAT_signaling","LEP","Signaling_Cascade"
"K_JAK_STAT_signaling","LEPR","Signaling_Cascade"
"K_JAK_STAT_signaling","LIF","Signaling_Cascade"
"K_JAK_STAT_signaling","LIFR","Signaling_Cascade"
"K_JAK_STAT_signaling","MPL","Signaling_Cascade"
"K_JAK_STAT_signaling","MYC","Signaling_Cascade"
"K_JAK_STAT_signaling","OSM","Signaling_Cascade"
"K_JAK_STAT_signaling","OSMR","Signaling_Cascade"
"K_JAK_STAT_signaling","PIAS1","Signaling_Cascade"
"K_JAK_STAT_signaling","PIAS2","Signaling_Cascade"
"K_JAK_STAT_signaling","PIAS3","Signaling_Cascade"
"K_JAK_STAT_signaling","PIAS4","Signaling_Cascade"
"K_JAK_STAT_signaling","PIK3CA","Signaling_Cascade"
"K_JAK_STAT_signaling","PIK3CB","Signaling_Cascade"
"K_JAK_STAT_signaling","PIK3CD","Signaling_Cascade"
"K_JAK_STAT_signaling","PIK3CG","Signaling_Cascade"
"K_JAK_STAT_signaling","PIK3R1","Signaling_Cascade"
"K_JAK_STAT_signaling","PIK3R2","Signaling_Cascade"
"K_JAK_STAT_signaling","PIK3R3","Signaling_Cascade"
"K_JAK_STAT_signaling","PIK3R5","Signaling_Cascade"
"K_JAK_STAT_signaling","PIM1","Signaling_Cascade"
"K_JAK_STAT_signaling","PRL","Signaling_Cascade"
"K_JAK_STAT_signaling","PRLR","Signaling_Cascade"
"K_JAK_STAT_signaling","PTPN11","Signaling_Cascade"
"K_JAK_STAT_signaling","PTPN6","Signaling_Cascade"
"K_JAK_STAT_signaling","SOCS1","Signaling_Cascade"
"K_JAK_STAT_signaling","SOCS2","Signaling_Cascade"
"K_JAK_STAT_signaling","SOCS3","Signaling_Cascade"
"K_JAK_STAT_signaling","SOCS4","Signaling_Cascade"
"K_JAK_STAT_signaling","SOCS5","Signaling_Cascade"
"K_JAK_STAT_signaling","SOCS7","Signaling_Cascade"
"K_JAK_STAT_signaling","SOS1","Signaling_Cascade"
"K_JAK_STAT_signaling","SOS2","Signaling_Cascade"
"K_JAK_STAT_signaling","SPRED1","Signaling_Cascade"
"K_JAK_STAT_signaling","SPRED2","Signaling_Cascade"
"K_JAK_STAT_signaling","SPRY1","Signaling_Cascade"
"K_JAK_STAT_signaling","SPRY2","Signaling_Cascade"
"K_JAK_STAT_signaling","SPRY3","Signaling_Cascade"
"K_JAK_STAT_signaling","SPRY4","Signaling_Cascade"
"K_JAK_STAT_signaling","STAM","Signaling_Cascade"
"K_JAK_STAT_signaling","STAM2","Signaling_Cascade"
"K_JAK_STAT_signaling","STAT1","Signaling_Cascade"
"K_JAK_STAT_signaling","STAT2","Signaling_Cascade"
"K_JAK_STAT_signaling","STAT3","Signaling_Cascade"
"K_JAK_STAT_signaling","STAT4","Signaling_Cascade"
"K_JAK_STAT_signaling","STAT5A","Signaling_Cascade"
"K_JAK_STAT_signaling","STAT5B","Signaling_Cascade"
"K_JAK_STAT_signaling","STAT6","Signaling_Cascade"
"K_JAK_STAT_signaling","TPO","Signaling_Cascade"
"K_JAK_STAT_signaling","TSLP","Signaling_Cascade"
"K_JAK_STAT_signaling","TYK2","Signaling_Cascade"
"K_MAPK_signaling","AKT1","Signaling_Cascade"
"K_MAPK_signaling","AKT2","Signaling_Cascade"
"K_MAPK_signaling","AKT3","Signaling_Cascade"
"K_MAPK_signaling","ARRB1","Signaling_Cascade"
"K_MAPK_signaling","ARRB2","Signaling_Cascade"
"K_MAPK_signaling","ATF2","Signaling_Cascade"
"K_MAPK_signaling","ATF4","Signaling_Cascade"
"K_MAPK_signaling","BDNF","Signaling_Cascade"
"K_MAPK_signaling","BRAF","Signaling_Cascade"
"K_MAPK_signaling","CACNA1A","Signaling_Cascade"
"K_MAPK_signaling","CACNA1B","Signaling_Cascade"
"K_MAPK_signaling","CACNA1C","Signaling_Cascade"
"K_MAPK_signaling","CACNA1D","Signaling_Cascade"
"K_MAPK_signaling","CACNA1E","Signaling_Cascade"
"K_MAPK_signaling","CACNA1F","Signaling_Cascade"
"K_MAPK_signaling","CACNA1G","Signaling_Cascade"
"K_MAPK_signaling","CACNA1H","Signaling_Cascade"
"K_MAPK_signaling","CACNA1I","Signaling_Cascade"
"K_MAPK_signaling","CACNA1S","Signaling_Cascade"
"K_MAPK_signaling","CACNA2D1","Signaling_Cascade"
"K_MAPK_signaling","CACNA2D2","Signaling_Cascade"
"K_MAPK_signaling","CACNA2D3","Signaling_Cascade"
"K_MAPK_signaling","CACNA2D4","Signaling_Cascade"
"K_MAPK_signaling","CACNB1","Signaling_Cascade"
"K_MAPK_signaling","CACNB2","Signaling_Cascade"
"K_MAPK_signaling","CACNB3","Signaling_Cascade"
"K_MAPK_signaling","CACNB4","Signaling_Cascade"
"K_MAPK_signaling","CACNG1","Signaling_Cascade"
"K_MAPK_signaling","CACNG2","Signaling_Cascade"
"K_MAPK_signaling","CACNG3","Signaling_Cascade"
"K_MAPK_signaling","CACNG4","Signaling_Cascade"
"K_MAPK_signaling","CACNG5","Signaling_Cascade"
"K_MAPK_signaling","CACNG6","Signaling_Cascade"
"K_MAPK_signaling","CACNG7","Signaling_Cascade"
"K_MAPK_signaling","CACNG8","Signaling_Cascade"
"K_MAPK_signaling","CASP3","Signaling_Cascade"
"K_MAPK_signaling","CD14","Signaling_Cascade"
"K_MAPK_signaling","CDC25B","Signaling_Cascade"
"K_MAPK_signaling","CDC42","Signaling_Cascade"
"K_MAPK_signaling","CHP1","Signaling_Cascade"
"K_MAPK_signaling","CHP2","Signaling_Cascade"
"K_MAPK_signaling","CHUK","Signaling_Cascade"
"K_MAPK_signaling","CRK","Signaling_Cascade"
"K_MAPK_signaling","CRKL","Signaling_Cascade"
"K_MAPK_signaling","DAXX","Signaling_Cascade"
"K_MAPK_signaling","DDIT3","Signaling_Cascade"
"K_MAPK_signaling","DUSP1","Signaling_Cascade"
"K_MAPK_signaling","DUSP10","Signaling_Cascade"
"K_MAPK_signaling","DUSP14","Signaling_Cascade"
"K_MAPK_signaling","DUSP16","Signaling_Cascade"
"K_MAPK_signaling","DUSP2","Signaling_Cascade"
"K_MAPK_signaling","DUSP3","Signaling_Cascade"
"K_MAPK_signaling","DUSP4","Signaling_Cascade"
"K_MAPK_signaling","DUSP5","Signaling_Cascade"
"K_MAPK_signaling","DUSP6","Signaling_Cascade"
"K_MAPK_signaling","DUSP7","Signaling_Cascade"
"K_MAPK_signaling","DUSP8","Signaling_Cascade"
"K_MAPK_signaling","DUSP9","Signaling_Cascade"
"K_MAPK_signaling","ECSIT","Signaling_Cascade"
"K_MAPK_signaling","EGF","Signaling_Cascade"
"K_MAPK_signaling","EGFR","Signaling_Cascade"
"K_MAPK_signaling","ELK1","Signaling_Cascade"
"K_MAPK_signaling","ELK4","Signaling_Cascade"
"K_MAPK_signaling","FAS","Signaling_Cascade"
"K_MAPK_signaling","FASLG","Signaling_Cascade"
"K_MAPK_signaling","FGF1","Signaling_Cascade"
"K_MAPK_signaling","FGF10","Signaling_Cascade"
"K_MAPK_signaling","FGF11","Signaling_Cascade"
"K_MAPK_signaling","FGF12","Signaling_Cascade"
"K_MAPK_signaling","FGF13","Signaling_Cascade"
"K_MAPK_signaling","FGF14","Signaling_Cascade"
"K_MAPK_signaling","FGF16","Signaling_Cascade"
"K_MAPK_signaling","FGF17","Signaling_Cascade"
"K_MAPK_signaling","FGF18","Signaling_Cascade"
"K_MAPK_signaling","FGF19","Signaling_Cascade"
"K_MAPK_signaling","FGF2","Signaling_Cascade"
"K_MAPK_signaling","FGF20","Signaling_Cascade"
"K_MAPK_signaling","FGF21","Signaling_Cascade"
"K_MAPK_signaling","FGF22","Signaling_Cascade"
"K_MAPK_signaling","FGF23","Signaling_Cascade"
"K_MAPK_signaling","FGF3","Signaling_Cascade"
"K_MAPK_signaling","FGF4","Signaling_Cascade"
"K_MAPK_signaling","FGF5","Signaling_Cascade"
"K_MAPK_signaling","FGF6","Signaling_Cascade"
"K_MAPK_signaling","FGF7","Signaling_Cascade"
"K_MAPK_signaling","FGF8","Signaling_Cascade"
"K_MAPK_signaling","FGF9","Signaling_Cascade"
"K_MAPK_signaling","FGFR1","Signaling_Cascade"
"K_MAPK_signaling","FGFR2","Signaling_Cascade"
"K_MAPK_signaling","FGFR3","Signaling_Cascade"
"K_MAPK_signaling","FGFR4","Signaling_Cascade"
"K_MAPK_signaling","FLNA","Signaling_Cascade"
"K_MAPK_signaling","FLNB","Signaling_Cascade"
"K_MAPK_signaling","FLNC","Signaling_Cascade"
"K_MAPK_signaling","FOS","Signaling_Cascade"
"K_MAPK_signaling","GADD45A","Signaling_Cascade"
"K_MAPK_signaling","GADD45B","Signaling_Cascade"
"K_MAPK_signaling","GADD45G","Signaling_Cascade"
"K_MAPK_signaling","GNA12","Signaling_Cascade"
"K_MAPK_signaling","GNG12","Signaling_Cascade"
"K_MAPK_signaling","GRB2","Signaling_Cascade"
"K_MAPK_signaling","HRAS","Signaling_Cascade"
"K_MAPK_signaling","HSPA1A","Signaling_Cascade"
"K_MAPK_signaling","HSPA1B","Signaling_Cascade"
"K_MAPK_signaling","HSPA1L","Signaling_Cascade"
"K_MAPK_signaling","HSPA2","Signaling_Cascade"
"K_MAPK_signaling","HSPA6","Signaling_Cascade"
"K_MAPK_signaling","HSPA8","Signaling_Cascade"
"K_MAPK_signaling","HSPB1","Signaling_Cascade"
"K_MAPK_signaling","IKBKB","Signaling_Cascade"
"K_MAPK_signaling","IKBKG","Signaling_Cascade"
"K_MAPK_signaling","IL1A","Signaling_Cascade"
"K_MAPK_signaling","IL1B","Signaling_Cascade"
"K_MAPK_signaling","IL1R1","Signaling_Cascade"
"K_MAPK_signaling","IL1R2","Signaling_Cascade"
"K_MAPK_signaling","JMJD7-PLA2G4B","Signaling_Cascade"
"K_MAPK_signaling","JUN","Signaling_Cascade"
"K_MAPK_signaling","JUND","Signaling_Cascade"
"K_MAPK_signaling","KRAS","Signaling_Cascade"
"K_MAPK_signaling","LAMTOR3","Signaling_Cascade"
"K_MAPK_signaling","MAP2K1","Signaling_Cascade"
"K_MAPK_signaling","MAP2K2","Signaling_Cascade"
"K_MAPK_signaling","MAP2K3","Signaling_Cascade"
"K_MAPK_signaling","MAP2K4","Signaling_Cascade"
"K_MAPK_signaling","MAP2K5","Signaling_Cascade"
"K_MAPK_signaling","MAP2K6","Signaling_Cascade"
"K_MAPK_signaling","MAP2K7","Signaling_Cascade"
"K_MAPK_signaling","MAP3K1","Signaling_Cascade"
"K_MAPK_signaling","MAP3K11","Signaling_Cascade"
"K_MAPK_signaling","MAP3K12","Signaling_Cascade"
"K_MAPK_signaling","MAP3K13","Signaling_Cascade"
"K_MAPK_signaling","MAP3K14","Signaling_Cascade"
"K_MAPK_signaling","MAP3K2","Signaling_Cascade"
"K_MAPK_signaling","MAP3K20","Signaling_Cascade"
"K_MAPK_signaling","MAP3K3","Signaling_Cascade"
"K_MAPK_signaling","MAP3K4","Signaling_Cascade"
"K_MAPK_signaling","MAP3K5","Signaling_Cascade"
"K_MAPK_signaling","MAP3K6","Signaling_Cascade"
"K_MAPK_signaling","MAP3K7","Signaling_Cascade"
"K_MAPK_signaling","MAP3K8","Signaling_Cascade"
"K_MAPK_signaling","MAP4K1","Signaling_Cascade"
"K_MAPK_signaling","MAP4K2","Signaling_Cascade"
"K_MAPK_signaling","MAP4K3","Signaling_Cascade"
"K_MAPK_signaling","MAP4K4","Signaling_Cascade"
"K_MAPK_signaling","MAPK1","Signaling_Cascade"
"K_MAPK_signaling","MAPK10","Signaling_Cascade"
"K_MAPK_signaling","MAPK11","Signaling_Cascade"
"K_MAPK_signaling","MAPK12","Signaling_Cascade"
"K_MAPK_signaling","MAPK13","Signaling_Cascade"
"K_MAPK_signaling","MAPK14","Signaling_Cascade"
"K_MAPK_signaling","MAPK3","Signaling_Cascade"
"K_MAPK_signaling","MAPK7","Signaling_Cascade"
"K_MAPK_signaling","MAPK8","Signaling_Cascade"
"K_MAPK_signaling","MAPK8IP1","Signaling_Cascade"
"K_MAPK_signaling","MAPK8IP2","Signaling_Cascade"
"K_MAPK_signaling","MAPK8IP3","Signaling_Cascade"
"K_MAPK_signaling","MAPK9","Signaling_Cascade"
"K_MAPK_signaling","MAPKAPK2","Signaling_Cascade"
"K_MAPK_signaling","MAPKAPK3","Signaling_Cascade"
"K_MAPK_signaling","MAPKAPK5","Signaling_Cascade"
"K_MAPK_signaling","MAPT","Signaling_Cascade"
"K_MAPK_signaling","MAX","Signaling_Cascade"
"K_MAPK_signaling","MECOM","Signaling_Cascade"
"K_MAPK_signaling","MEF2C","Signaling_Cascade"
"K_MAPK_signaling","MKNK1","Signaling_Cascade"
"K_MAPK_signaling","MKNK2","Signaling_Cascade"
"K_MAPK_signaling","MOS","Signaling_Cascade"
"K_MAPK_signaling","MRAS","Signaling_Cascade"
"K_MAPK_signaling","MYC","Signaling_Cascade"
"K_MAPK_signaling","NF1","Signaling_Cascade"
"K_MAPK_signaling","NFATC2","Signaling_Cascade"
"K_MAPK_signaling","NFATC4","Signaling_Cascade"
"K_MAPK_signaling","NFKB1","Signaling_Cascade"
"K_MAPK_signaling","NFKB2","Signaling_Cascade"
"K_MAPK_signaling","NGF","Signaling_Cascade"
"K_MAPK_signaling","NLK","Signaling_Cascade"
"K_MAPK_signaling","NR4A1","Signaling_Cascade"
"K_MAPK_signaling","NRAS","Signaling_Cascade"
"K_MAPK_signaling","NTF3","Signaling_Cascade"
"K_MAPK_signaling","NTF4","Signaling_Cascade"
"K_MAPK_signaling","NTRK1","Signaling_Cascade"
"K_MAPK_signaling","NTRK2","Signaling_Cascade"
"K_MAPK_signaling","PAK1","Signaling_Cascade"
"K_MAPK_signaling","PAK2","Signaling_Cascade"
"K_MAPK_signaling","PDGFA","Signaling_Cascade"
"K_MAPK_signaling","PDGFB","Signaling_Cascade"
"K_MAPK_signaling","PDGFRA","Signaling_Cascade"
"K_MAPK_signaling","PDGFRB","Signaling_Cascade"
"K_MAPK_signaling","PLA2G10","Signaling_Cascade"
"K_MAPK_signaling","PLA2G12A","Signaling_Cascade"
"K_MAPK_signaling","PLA2G12B","Signaling_Cascade"
"K_MAPK_signaling","PLA2G1B","Signaling_Cascade"
"K_MAPK_signaling","PLA2G2A","Signaling_Cascade"
"K_MAPK_signaling","PLA2G2C","Signaling_Cascade"
"K_MAPK_signaling","PLA2G2D","Signaling_Cascade"
"K_MAPK_signaling","PLA2G2E","Signaling_Cascade"
"K_MAPK_signaling","PLA2G2F","Signaling_Cascade"
"K_MAPK_signaling","PLA2G3","Signaling_Cascade"
"K_MAPK_signaling","PLA2G4A","Signaling_Cascade"
"K_MAPK_signaling","PLA2G4B","Signaling_Cascade"
"K_MAPK_signaling","PLA2G4E","Signaling_Cascade"
"K_MAPK_signaling","PLA2G5","Signaling_Cascade"
"K_MAPK_signaling","PLA2G6","Signaling_Cascade"
"K_MAPK_signaling","PPM1A","Signaling_Cascade"
"K_MAPK_signaling","PPM1B","Signaling_Cascade"
"K_MAPK_signaling","PPP3CA","Signaling_Cascade"
"K_MAPK_signaling","PPP3CB","Signaling_Cascade"
"K_MAPK_signaling","PPP3CC","Signaling_Cascade"
"K_MAPK_signaling","PPP3R1","Signaling_Cascade"
"K_MAPK_signaling","PPP3R2","Signaling_Cascade"
"K_MAPK_signaling","PPP5C","Signaling_Cascade"
"K_MAPK_signaling","PRKACA","Signaling_Cascade"
"K_MAPK_signaling","PRKACB","Signaling_Cascade"
"K_MAPK_signaling","PRKACG","Signaling_Cascade"
"K_MAPK_signaling","PRKCA","Signaling_Cascade"
"K_MAPK_signaling","PRKCB","Signaling_Cascade"
"K_MAPK_signaling","PRKCG","Signaling_Cascade"
"K_MAPK_signaling","PRKX","Signaling_Cascade"
"K_MAPK_signaling","PTPN5","Signaling_Cascade"
"K_MAPK_signaling","PTPN7","Signaling_Cascade"
"K_MAPK_signaling","PTPRR","Signaling_Cascade"
"K_MAPK_signaling","RAC1","Signaling_Cascade"
"K_MAPK_signaling","RAC2","Signaling_Cascade"
"K_MAPK_signaling","RAC3","Signaling_Cascade"
"K_MAPK_signaling","RAF1","Signaling_Cascade"
"K_MAPK_signaling","RAP1A","Signaling_Cascade"
"K_MAPK_signaling","RAP1B","Signaling_Cascade"
"K_MAPK_signaling","RAPGEF2","Signaling_Cascade"
"K_MAPK_signaling","RASA1","Signaling_Cascade"
"K_MAPK_signaling","RASA2","Signaling_Cascade"
"K_MAPK_signaling","RASGRF1","Signaling_Cascade"
"K_MAPK_signaling","RASGRF2","Signaling_Cascade"
"K_MAPK_signaling","RASGRP1","Signaling_Cascade"
"K_MAPK_signaling","RASGRP2","Signaling_Cascade"
"K_MAPK_signaling","RASGRP3","Signaling_Cascade"
"K_MAPK_signaling","RASGRP4","Signaling_Cascade"
"K_MAPK_signaling","RELA","Signaling_Cascade"
"K_MAPK_signaling","RELB","Signaling_Cascade"
"K_MAPK_signaling","RPS6KA1","Signaling_Cascade"
"K_MAPK_signaling","RPS6KA2","Signaling_Cascade"
"K_MAPK_signaling","RPS6KA3","Signaling_Cascade"
"K_MAPK_signaling","RPS6KA4","Signaling_Cascade"
"K_MAPK_signaling","RPS6KA5","Signaling_Cascade"
"K_MAPK_signaling","RPS6KA6","Signaling_Cascade"
"K_MAPK_signaling","RRAS","Signaling_Cascade"
"K_MAPK_signaling","RRAS2","Signaling_Cascade"
"K_MAPK_signaling","SOS1","Signaling_Cascade"
"K_MAPK_signaling","SOS2","Signaling_Cascade"
"K_MAPK_signaling","SRF","Signaling_Cascade"
"K_MAPK_signaling","STK3","Signaling_Cascade"
"K_MAPK_signaling","STK4","Signaling_Cascade"
"K_MAPK_signaling","STMN1","Signaling_Cascade"
"K_MAPK_signaling","TAB1","Signaling_Cascade"
"K_MAPK_signaling","TAB2","Signaling_Cascade"
"K_MAPK_signaling","TAOK1","Signaling_Cascade"
"K_MAPK_signaling","TAOK2","Signaling_Cascade"
"K_MAPK_signaling","TAOK3","Signaling_Cascade"
"K_MAPK_signaling","TGFB1","Signaling_Cascade"
"K_MAPK_signaling","TGFB2","Signaling_Cascade"
"K_MAPK_signaling","TGFB3","Signaling_Cascade"
"K_MAPK_signaling","TGFBR1","Signaling_Cascade"
"K_MAPK_signaling","TGFBR2","Signaling_Cascade"
"K_MAPK_signaling","TNF","Signaling_Cascade"
"K_MAPK_signaling","TNFRSF1A","Signaling_Cascade"
"K_MAPK_signaling","TP53","Signaling_Cascade"
"K_MAPK_signaling","TRAF2","Signaling_Cascade"
"K_MAPK_signaling","TRAF6","Signaling_Cascade"
"K_Melanogenesis","ADCY1","Cell_differentiation"
"K_Melanogenesis","ADCY2","Cell_differentiation"
"K_Melanogenesis","ADCY3","Cell_differentiation"
"K_Melanogenesis","ADCY4","Cell_differentiation"
"K_Melanogenesis","ADCY5","Cell_differentiation"
"K_Melanogenesis","ADCY6","Cell_differentiation"
"K_Melanogenesis","ADCY7","Cell_differentiation"
"K_Melanogenesis","ADCY8","Cell_differentiation"
"K_Melanogenesis","ADCY9","Cell_differentiation"
"K_Melanogenesis","ASIP","Cell_differentiation"
"K_Melanogenesis","CALM1","Cell_differentiation"
"K_Melanogenesis","CALM2","Cell_differentiation"
"K_Melanogenesis","CALM3","Cell_differentiation"
"K_Melanogenesis","CALML3","Cell_differentiation"
"K_Melanogenesis","CALML5","Cell_differentiation"
"K_Melanogenesis","CALML6","Cell_differentiation"
"K_Melanogenesis","CAMK2A","Cell_differentiation"
"K_Melanogenesis","CAMK2B","Cell_differentiation"
"K_Melanogenesis","CAMK2D","Cell_differentiation"
"K_Melanogenesis","CAMK2G","Cell_differentiation"
"K_Melanogenesis","CREB1","Cell_differentiation"
"K_Melanogenesis","CREB3","Cell_differentiation"
"K_Melanogenesis","CREB3L1","Cell_differentiation"
"K_Melanogenesis","CREB3L2","Cell_differentiation"
"K_Melanogenesis","CREB3L3","Cell_differentiation"
"K_Melanogenesis","CREB3L4","Cell_differentiation"
"K_Melanogenesis","CREBBP","Cell_differentiation"
"K_Melanogenesis","CTNNB1","Cell_differentiation"
"K_Melanogenesis","DCT","Cell_differentiation"
"K_Melanogenesis","DVL1","Cell_differentiation"
"K_Melanogenesis","DVL2","Cell_differentiation"
"K_Melanogenesis","DVL3","Cell_differentiation"
"K_Melanogenesis","EDN1","Cell_differentiation"
"K_Melanogenesis","EDNRB","Cell_differentiation"
"K_Melanogenesis","EP300","Cell_differentiation"
"K_Melanogenesis","FZD1","Cell_differentiation"
"K_Melanogenesis","FZD10","Cell_differentiation"
"K_Melanogenesis","FZD2","Cell_differentiation"
"K_Melanogenesis","FZD3","Cell_differentiation"
"K_Melanogenesis","FZD4","Cell_differentiation"
"K_Melanogenesis","FZD5","Cell_differentiation"
"K_Melanogenesis","FZD6","Cell_differentiation"
"K_Melanogenesis","FZD7","Cell_differentiation"
"K_Melanogenesis","FZD8","Cell_differentiation"
"K_Melanogenesis","FZD9","Cell_differentiation"
"K_Melanogenesis","GNAI1","Cell_differentiation"
"K_Melanogenesis","GNAI2","Cell_differentiation"
"K_Melanogenesis","GNAI3","Cell_differentiation"
"K_Melanogenesis","GNAO1","Cell_differentiation"
"K_Melanogenesis","GNAQ","Cell_differentiation"
"K_Melanogenesis","GNAS","Cell_differentiation"
"K_Melanogenesis","GSK3B","Cell_differentiation"
"K_Melanogenesis","HRAS","Cell_differentiation"
"K_Melanogenesis","KIT","Cell_differentiation"
"K_Melanogenesis","KITLG","Cell_differentiation"
"K_Melanogenesis","KRAS","Cell_differentiation"
"K_Melanogenesis","LEF1","Cell_differentiation"
"K_Melanogenesis","MAP2K1","Cell_differentiation"
"K_Melanogenesis","MAP2K2","Cell_differentiation"
"K_Melanogenesis","MAPK1","Cell_differentiation"
"K_Melanogenesis","MAPK3","Cell_differentiation"
"K_Melanogenesis","MC1R","Cell_differentiation"
"K_Melanogenesis","MITF","Cell_differentiation"
"K_Melanogenesis","NRAS","Cell_differentiation"
"K_Melanogenesis","PLCB1","Cell_differentiation"
"K_Melanogenesis","PLCB2","Cell_differentiation"
"K_Melanogenesis","PLCB3","Cell_differentiation"
"K_Melanogenesis","PLCB4","Cell_differentiation"
"K_Melanogenesis","POMC","Cell_differentiation"
"K_Melanogenesis","PRKACA","Cell_differentiation"
"K_Melanogenesis","PRKACB","Cell_differentiation"
"K_Melanogenesis","PRKACG","Cell_differentiation"
"K_Melanogenesis","PRKCA","Cell_differentiation"
"K_Melanogenesis","PRKCB","Cell_differentiation"
"K_Melanogenesis","PRKCG","Cell_differentiation"
"K_Melanogenesis","PRKX","Cell_differentiation"
"K_Melanogenesis","RAF1","Cell_differentiation"
"K_Melanogenesis","TCF7","Cell_differentiation"
"K_Melanogenesis","TCF7L1","Cell_differentiation"
"K_Melanogenesis","TCF7L2","Cell_differentiation"
"K_Melanogenesis","TYR","Cell_differentiation"
"K_Melanogenesis","TYRP1","Cell_differentiation"
"K_Melanogenesis","WNT1","Cell_differentiation"
"K_Melanogenesis","WNT10A","Cell_differentiation"
"K_Melanogenesis","WNT10B","Cell_differentiation"
"K_Melanogenesis","WNT11","Cell_differentiation"
"K_Melanogenesis","WNT16","Cell_differentiation"
"K_Melanogenesis","WNT2","Cell_differentiation"
"K_Melanogenesis","WNT2B","Cell_differentiation"
"K_Melanogenesis","WNT3","Cell_differentiation"
"K_Melanogenesis","WNT3A","Cell_differentiation"
"K_Melanogenesis","WNT4","Cell_differentiation"
"K_Melanogenesis","WNT5A","Cell_differentiation"
"K_Melanogenesis","WNT5B","Cell_differentiation"
"K_Melanogenesis","WNT6","Cell_differentiation"
"K_Melanogenesis","WNT7A","Cell_differentiation"
"K_Melanogenesis","WNT7B","Cell_differentiation"
"K_Melanogenesis","WNT8A","Cell_differentiation"
"K_Melanogenesis","WNT8B","Cell_differentiation"
"K_Melanogenesis","WNT9A","Cell_differentiation"
"K_Melanogenesis","WNT9B","Cell_differentiation"
"K_Melanoma","AKT1","Cell_differentiation"
"K_Melanoma","AKT2","Cell_differentiation"
"K_Melanoma","AKT3","Cell_differentiation"
"K_Melanoma","ARAF","Cell_differentiation"
"K_Melanoma","BAD","Cell_differentiation"
"K_Melanoma","BRAF","Cell_differentiation"
"K_Melanoma","CCND1","Cell_differentiation"
"K_Melanoma","CDH1","Cell_differentiation"
"K_Melanoma","CDK4","Cell_differentiation"
"K_Melanoma","CDK6","Cell_differentiation"
"K_Melanoma","CDKN1A","Cell_differentiation"
"K_Melanoma","CDKN2A","Cell_differentiation"
"K_Melanoma","E2F1","Cell_differentiation"
"K_Melanoma","E2F2","Cell_differentiation"
"K_Melanoma","E2F3","Cell_differentiation"
"K_Melanoma","EGF","Cell_differentiation"
"K_Melanoma","EGFR","Cell_differentiation"
"K_Melanoma","FGF1","Cell_differentiation"
"K_Melanoma","FGF10","Cell_differentiation"
"K_Melanoma","FGF11","Cell_differentiation"
"K_Melanoma","FGF12","Cell_differentiation"
"K_Melanoma","FGF13","Cell_differentiation"
"K_Melanoma","FGF14","Cell_differentiation"
"K_Melanoma","FGF16","Cell_differentiation"
"K_Melanoma","FGF17","Cell_differentiation"
"K_Melanoma","FGF18","Cell_differentiation"
"K_Melanoma","FGF19","Cell_differentiation"
"K_Melanoma","FGF2","Cell_differentiation"
"K_Melanoma","FGF20","Cell_differentiation"
"K_Melanoma","FGF21","Cell_differentiation"
"K_Melanoma","FGF22","Cell_differentiation"
"K_Melanoma","FGF23","Cell_differentiation"
"K_Melanoma","FGF3","Cell_differentiation"
"K_Melanoma","FGF4","Cell_differentiation"
"K_Melanoma","FGF5","Cell_differentiation"
"K_Melanoma","FGF6","Cell_differentiation"
"K_Melanoma","FGF7","Cell_differentiation"
"K_Melanoma","FGF8","Cell_differentiation"
"K_Melanoma","FGF9","Cell_differentiation"
"K_Melanoma","FGFR1","Cell_differentiation"
"K_Melanoma","HGF","Cell_differentiation"
"K_Melanoma","HRAS","Cell_differentiation"
"K_Melanoma","IGF1","Cell_differentiation"
"K_Melanoma","IGF1R","Cell_differentiation"
"K_Melanoma","KRAS","Cell_differentiation"
"K_Melanoma","MAP2K1","Cell_differentiation"
"K_Melanoma","MAP2K2","Cell_differentiation"
"K_Melanoma","MAPK1","Cell_differentiation"
"K_Melanoma","MAPK3","Cell_differentiation"
"K_Melanoma","MDM2","Cell_differentiation"
"K_Melanoma","MET","Cell_differentiation"
"K_Melanoma","MITF","Cell_differentiation"
"K_Melanoma","NRAS","Cell_differentiation"
"K_Melanoma","PDGFA","Cell_differentiation"
"K_Melanoma","PDGFB","Cell_differentiation"
"K_Melanoma","PDGFC","Cell_differentiation"
"K_Melanoma","PDGFD","Cell_differentiation"
"K_Melanoma","PDGFRA","Cell_differentiation"
"K_Melanoma","PDGFRB","Cell_differentiation"
"K_Melanoma","PIK3CA","Cell_differentiation"
"K_Melanoma","PIK3CB","Cell_differentiation"
"K_Melanoma","PIK3CD","Cell_differentiation"
"K_Melanoma","PIK3CG","Cell_differentiation"
"K_Melanoma","PIK3R1","Cell_differentiation"
"K_Melanoma","PIK3R2","Cell_differentiation"
"K_Melanoma","PIK3R3","Cell_differentiation"
"K_Melanoma","PIK3R5","Cell_differentiation"
"K_Melanoma","PTEN","Cell_differentiation"
"K_Melanoma","RAF1","Cell_differentiation"
"K_Melanoma","RB1","Cell_differentiation"
"K_Melanoma","TP53","Cell_differentiation"
"K_mTOR_signaling","AKT1","Signaling_Cascade"
"K_mTOR_signaling","AKT2","Signaling_Cascade"
"K_mTOR_signaling","AKT3","Signaling_Cascade"
"K_mTOR_signaling","BRAF","Signaling_Cascade"
"K_mTOR_signaling","CAB39","Signaling_Cascade"
"K_mTOR_signaling","CAB39L","Signaling_Cascade"
"K_mTOR_signaling","DDIT4","Signaling_Cascade"
"K_mTOR_signaling","EIF4B","Signaling_Cascade"
"K_mTOR_signaling","EIF4E","Signaling_Cascade"
"K_mTOR_signaling","EIF4E1B","Signaling_Cascade"
"K_mTOR_signaling","EIF4E2","Signaling_Cascade"
"K_mTOR_signaling","EIF4EBP1","Signaling_Cascade"
"K_mTOR_signaling","HIF1A","Signaling_Cascade"
"K_mTOR_signaling","IGF1","Signaling_Cascade"
"K_mTOR_signaling","INS","Signaling_Cascade"
"K_mTOR_signaling","MAPK1","Signaling_Cascade"
"K_mTOR_signaling","MAPK3","Signaling_Cascade"
"K_mTOR_signaling","MLST8","Signaling_Cascade"
"K_mTOR_signaling","MTOR","Signaling_Cascade"
"K_mTOR_signaling","PDPK1","Signaling_Cascade"
"K_mTOR_signaling","PGF","Signaling_Cascade"
"K_mTOR_signaling","PIK3CA","Signaling_Cascade"
"K_mTOR_signaling","PIK3CB","Signaling_Cascade"
"K_mTOR_signaling","PIK3CD","Signaling_Cascade"
"K_mTOR_signaling","PIK3CG","Signaling_Cascade"
"K_mTOR_signaling","PIK3R1","Signaling_Cascade"
"K_mTOR_signaling","PIK3R2","Signaling_Cascade"
"K_mTOR_signaling","PIK3R3","Signaling_Cascade"
"K_mTOR_signaling","PIK3R5","Signaling_Cascade"
"K_mTOR_signaling","PRKAA1","Signaling_Cascade"
"K_mTOR_signaling","PRKAA2","Signaling_Cascade"
"K_mTOR_signaling","RHEB","Signaling_Cascade"
"K_mTOR_signaling","RICTOR","Signaling_Cascade"
"K_mTOR_signaling","RPS6","Signaling_Cascade"
"K_mTOR_signaling","RPS6KA1","Signaling_Cascade"
"K_mTOR_signaling","RPS6KA2","Signaling_Cascade"
"K_mTOR_signaling","RPS6KA3","Signaling_Cascade"
"K_mTOR_signaling","RPS6KA6","Signaling_Cascade"
"K_mTOR_signaling","RPS6KB1","Signaling_Cascade"
"K_mTOR_signaling","RPS6KB2","Signaling_Cascade"
"K_mTOR_signaling","RPTOR","Signaling_Cascade"
"K_mTOR_signaling","STK11","Signaling_Cascade"
"K_mTOR_signaling","STRADA","Signaling_Cascade"
"K_mTOR_signaling","TSC1","Signaling_Cascade"
"K_mTOR_signaling","TSC2","Signaling_Cascade"
"K_mTOR_signaling","ULK1","Signaling_Cascade"
"K_mTOR_signaling","ULK2","Signaling_Cascade"
"K_mTOR_signaling","ULK3","Signaling_Cascade"
"K_mTOR_signaling","VEGFA","Signaling_Cascade"
"K_mTOR_signaling","VEGFB","Signaling_Cascade"
"K_mTOR_signaling","VEGFC","Signaling_Cascade"
"K_mTOR_signaling","VEGFD","Signaling_Cascade"
"K_Notch_signaling","ADAM17","Signaling_Cascade"
"K_Notch_signaling","APH1A","Signaling_Cascade"
"K_Notch_signaling","CIR1","Signaling_Cascade"
"K_Notch_signaling","CREBBP","Signaling_Cascade"
"K_Notch_signaling","CTBP1","Signaling_Cascade"
"K_Notch_signaling","CTBP2","Signaling_Cascade"
"K_Notch_signaling","DLL1","Signaling_Cascade"
"K_Notch_signaling","DLL3","Signaling_Cascade"
"K_Notch_signaling","DLL4","Signaling_Cascade"
"K_Notch_signaling","DTX1","Signaling_Cascade"
"K_Notch_signaling","DTX2","Signaling_Cascade"
"K_Notch_signaling","DTX3","Signaling_Cascade"
"K_Notch_signaling","DTX3L","Signaling_Cascade"
"K_Notch_signaling","DTX4","Signaling_Cascade"
"K_Notch_signaling","DVL1","Signaling_Cascade"
"K_Notch_signaling","DVL2","Signaling_Cascade"
"K_Notch_signaling","DVL3","Signaling_Cascade"
"K_Notch_signaling","EP300","Signaling_Cascade"
"K_Notch_signaling","HDAC1","Signaling_Cascade"
"K_Notch_signaling","HDAC2","Signaling_Cascade"
"K_Notch_signaling","HES1","Signaling_Cascade"
"K_Notch_signaling","HES5","Signaling_Cascade"
"K_Notch_signaling","JAG1","Signaling_Cascade"
"K_Notch_signaling","JAG2","Signaling_Cascade"
"K_Notch_signaling","KAT2A","Signaling_Cascade"
"K_Notch_signaling","KAT2B","Signaling_Cascade"
"K_Notch_signaling","LFNG","Signaling_Cascade"
"K_Notch_signaling","MAML1","Signaling_Cascade"
"K_Notch_signaling","MAML2","Signaling_Cascade"
"K_Notch_signaling","MAML3","Signaling_Cascade"
"K_Notch_signaling","MFNG","Signaling_Cascade"
"K_Notch_signaling","NCOR2","Signaling_Cascade"
"K_Notch_signaling","NCSTN","Signaling_Cascade"
"K_Notch_signaling","NOTCH1","Signaling_Cascade"
"K_Notch_signaling","NOTCH2","Signaling_Cascade"
"K_Notch_signaling","NOTCH3","Signaling_Cascade"
"K_Notch_signaling","NOTCH4","Signaling_Cascade"
"K_Notch_signaling","NUMB","Signaling_Cascade"
"K_Notch_signaling","NUMBL","Signaling_Cascade"
"K_Notch_signaling","PSEN1","Signaling_Cascade"
"K_Notch_signaling","PSEN2","Signaling_Cascade"
"K_Notch_signaling","PSENEN","Signaling_Cascade"
"K_Notch_signaling","PTCRA","Signaling_Cascade"
"K_Notch_signaling","RBPJ","Signaling_Cascade"
"K_Notch_signaling","RBPJL","Signaling_Cascade"
"K_Notch_signaling","RFNG","Signaling_Cascade"
"K_Notch_signaling","SNW1","Signaling_Cascade"
"K_Oxidative_phosphorylation","ATP12A","Metabolic_Pathways"
"K_Oxidative_phosphorylation","ATP4A","Metabolic_Pathways"
"K_Oxidative_phosphorylation","ATP4B","Metabolic_Pathways"
"K_Oxidative_phosphorylation","ATP5F1A","Metabolic_Pathways"
"K_Oxidative_phosphorylation","ATP5F1B","Metabolic_Pathways"
"K_Oxidative_phosphorylation","ATP5F1C","Metabolic_Pathways"
"K_Oxidative_phosphorylation","ATP5F1D","Metabolic_Pathways"
"K_Oxidative_phosphorylation","ATP5F1E","Metabolic_Pathways"
"K_Oxidative_phosphorylation","ATP5MC1","Metabolic_Pathways"
"K_Oxidative_phosphorylation","ATP5MC1P5","Metabolic_Pathways"
"K_Oxidative_phosphorylation","ATP5MC2","Metabolic_Pathways"
"K_Oxidative_phosphorylation","ATP5MC3","Metabolic_Pathways"
"K_Oxidative_phosphorylation","ATP5ME","Metabolic_Pathways"
"K_Oxidative_phosphorylation","ATP5MF","Metabolic_Pathways"
"K_Oxidative_phosphorylation","ATP5MG","Metabolic_Pathways"
"K_Oxidative_phosphorylation","ATP5PB","Metabolic_Pathways"
"K_Oxidative_phosphorylation","ATP5PD","Metabolic_Pathways"
"K_Oxidative_phosphorylation","ATP5PF","Metabolic_Pathways"
"K_Oxidative_phosphorylation","ATP5PO","Metabolic_Pathways"
"K_Oxidative_phosphorylation","ATP6AP1","Metabolic_Pathways"
"K_Oxidative_phosphorylation","ATP6V0A1","Metabolic_Pathways"
"K_Oxidative_phosphorylation","ATP6V0A2","Metabolic_Pathways"
"K_Oxidative_phosphorylation","ATP6V0A4","Metabolic_Pathways"
"K_Oxidative_phosphorylation","ATP6V0B","Metabolic_Pathways"
"K_Oxidative_phosphorylation","ATP6V0C","Metabolic_Pathways"
"K_Oxidative_phosphorylation","ATP6V0D1","Metabolic_Pathways"
"K_Oxidative_phosphorylation","ATP6V0D2","Metabolic_Pathways"
"K_Oxidative_phosphorylation","ATP6V0E1","Metabolic_Pathways"
"K_Oxidative_phosphorylation","ATP6V0E2","Metabolic_Pathways"
"K_Oxidative_phosphorylation","ATP6V1A","Metabolic_Pathways"
"K_Oxidative_phosphorylation","ATP6V1B1","Metabolic_Pathways"
"K_Oxidative_phosphorylation","ATP6V1B2","Metabolic_Pathways"
"K_Oxidative_phosphorylation","ATP6V1C1","Metabolic_Pathways"
"K_Oxidative_phosphorylation","ATP6V1C2","Metabolic_Pathways"
"K_Oxidative_phosphorylation","ATP6V1D","Metabolic_Pathways"
"K_Oxidative_phosphorylation","ATP6V1E1","Metabolic_Pathways"
"K_Oxidative_phosphorylation","ATP6V1E2","Metabolic_Pathways"
"K_Oxidative_phosphorylation","ATP6V1F","Metabolic_Pathways"
"K_Oxidative_phosphorylation","ATP6V1G1","Metabolic_Pathways"
"K_Oxidative_phosphorylation","ATP6V1G2","Metabolic_Pathways"
"K_Oxidative_phosphorylation","ATP6V1G3","Metabolic_Pathways"
"K_Oxidative_phosphorylation","ATP6V1H","Metabolic_Pathways"
"K_Oxidative_phosphorylation","COX10","Metabolic_Pathways"
"K_Oxidative_phosphorylation","COX11","Metabolic_Pathways"
"K_Oxidative_phosphorylation","COX15","Metabolic_Pathways"
"K_Oxidative_phosphorylation","COX17","Metabolic_Pathways"
"K_Oxidative_phosphorylation","COX4I1","Metabolic_Pathways"
"K_Oxidative_phosphorylation","COX4I2","Metabolic_Pathways"
"K_Oxidative_phosphorylation","COX5A","Metabolic_Pathways"
"K_Oxidative_phosphorylation","COX5B","Metabolic_Pathways"
"K_Oxidative_phosphorylation","COX6A1","Metabolic_Pathways"
"K_Oxidative_phosphorylation","COX6A2","Metabolic_Pathways"
"K_Oxidative_phosphorylation","COX6B1","Metabolic_Pathways"
"K_Oxidative_phosphorylation","COX6B2","Metabolic_Pathways"
"K_Oxidative_phosphorylation","COX6C","Metabolic_Pathways"
"K_Oxidative_phosphorylation","COX6CP3","Metabolic_Pathways"
"K_Oxidative_phosphorylation","COX7A1","Metabolic_Pathways"
"K_Oxidative_phosphorylation","COX7A2","Metabolic_Pathways"
"K_Oxidative_phosphorylation","COX7A2L","Metabolic_Pathways"
"K_Oxidative_phosphorylation","COX7B","Metabolic_Pathways"
"K_Oxidative_phosphorylation","COX7B2","Metabolic_Pathways"
"K_Oxidative_phosphorylation","COX7C","Metabolic_Pathways"
"K_Oxidative_phosphorylation","COX8A","Metabolic_Pathways"
"K_Oxidative_phosphorylation","COX8C","Metabolic_Pathways"
"K_Oxidative_phosphorylation","CYC1","Metabolic_Pathways"
"K_Oxidative_phosphorylation","LHPP","Metabolic_Pathways"
"K_Oxidative_phosphorylation","MT-ATP6","Metabolic_Pathways"
"K_Oxidative_phosphorylation","MT-ATP8","Metabolic_Pathways"
"K_Oxidative_phosphorylation","MT-CO1","Metabolic_Pathways"
"K_Oxidative_phosphorylation","MT-CO2","Metabolic_Pathways"
"K_Oxidative_phosphorylation","MT-CO3","Metabolic_Pathways"
"K_Oxidative_phosphorylation","MT-CYB","Metabolic_Pathways"
"K_Oxidative_phosphorylation","MT-ND1","Metabolic_Pathways"
"K_Oxidative_phosphorylation","MT-ND2","Metabolic_Pathways"
"K_Oxidative_phosphorylation","MT-ND3","Metabolic_Pathways"
"K_Oxidative_phosphorylation","MT-ND4","Metabolic_Pathways"
"K_Oxidative_phosphorylation","MT-ND4L","Metabolic_Pathways"
"K_Oxidative_phosphorylation","MT-ND5","Metabolic_Pathways"
"K_Oxidative_phosphorylation","MT-ND6","Metabolic_Pathways"
"K_Oxidative_phosphorylation","NDUFA1","Metabolic_Pathways"
"K_Oxidative_phosphorylation","NDUFA10","Metabolic_Pathways"
"K_Oxidative_phosphorylation","NDUFA11","Metabolic_Pathways"
"K_Oxidative_phosphorylation","NDUFA2","Metabolic_Pathways"
"K_Oxidative_phosphorylation","NDUFA3","Metabolic_Pathways"
"K_Oxidative_phosphorylation","NDUFA4","Metabolic_Pathways"
"K_Oxidative_phosphorylation","NDUFA4L2","Metabolic_Pathways"
"K_Oxidative_phosphorylation","NDUFA5","Metabolic_Pathways"
"K_Oxidative_phosphorylation","NDUFA6","Metabolic_Pathways"
"K_Oxidative_phosphorylation","NDUFA7","Metabolic_Pathways"
"K_Oxidative_phosphorylation","NDUFA8","Metabolic_Pathways"
"K_Oxidative_phosphorylation","NDUFA9","Metabolic_Pathways"
"K_Oxidative_phosphorylation","NDUFAB1","Metabolic_Pathways"
"K_Oxidative_phosphorylation","NDUFB1","Metabolic_Pathways"
"K_Oxidative_phosphorylation","NDUFB10","Metabolic_Pathways"
"K_Oxidative_phosphorylation","NDUFB2","Metabolic_Pathways"
"K_Oxidative_phosphorylation","NDUFB3","Metabolic_Pathways"
"K_Oxidative_phosphorylation","NDUFB4","Metabolic_Pathways"
"K_Oxidative_phosphorylation","NDUFB5","Metabolic_Pathways"
"K_Oxidative_phosphorylation","NDUFB6","Metabolic_Pathways"
"K_Oxidative_phosphorylation","NDUFB7","Metabolic_Pathways"
"K_Oxidative_phosphorylation","NDUFB8","Metabolic_Pathways"
"K_Oxidative_phosphorylation","NDUFB9","Metabolic_Pathways"
"K_Oxidative_phosphorylation","NDUFC1","Metabolic_Pathways"
"K_Oxidative_phosphorylation","NDUFC2","Metabolic_Pathways"
"K_Oxidative_phosphorylation","NDUFS1","Metabolic_Pathways"
"K_Oxidative_phosphorylation","NDUFS2","Metabolic_Pathways"
"K_Oxidative_phosphorylation","NDUFS3","Metabolic_Pathways"
"K_Oxidative_phosphorylation","NDUFS4","Metabolic_Pathways"
"K_Oxidative_phosphorylation","NDUFS5","Metabolic_Pathways"
"K_Oxidative_phosphorylation","NDUFS6","Metabolic_Pathways"
"K_Oxidative_phosphorylation","NDUFS7","Metabolic_Pathways"
"K_Oxidative_phosphorylation","NDUFS8","Metabolic_Pathways"
"K_Oxidative_phosphorylation","NDUFV1","Metabolic_Pathways"
"K_Oxidative_phosphorylation","NDUFV2","Metabolic_Pathways"
"K_Oxidative_phosphorylation","NDUFV3","Metabolic_Pathways"
"K_Oxidative_phosphorylation","PPA1","Metabolic_Pathways"
"K_Oxidative_phosphorylation","PPA2","Metabolic_Pathways"
"K_Oxidative_phosphorylation","SDHA","Metabolic_Pathways"
"K_Oxidative_phosphorylation","SDHB","Metabolic_Pathways"
"K_Oxidative_phosphorylation","SDHC","Metabolic_Pathways"
"K_Oxidative_phosphorylation","SDHD","Metabolic_Pathways"
"K_Oxidative_phosphorylation","TCIRG1","Metabolic_Pathways"
"K_Oxidative_phosphorylation","UQCR10","Metabolic_Pathways"
"K_Oxidative_phosphorylation","UQCR10P1","Metabolic_Pathways"
"K_Oxidative_phosphorylation","UQCR11","Metabolic_Pathways"
"K_Oxidative_phosphorylation","UQCRB","Metabolic_Pathways"
"K_Oxidative_phosphorylation","UQCRC1","Metabolic_Pathways"
"K_Oxidative_phosphorylation","UQCRC2","Metabolic_Pathways"
"K_Oxidative_phosphorylation","UQCRFS1","Metabolic_Pathways"
"K_Oxidative_phosphorylation","UQCRH","Metabolic_Pathways"
"K_Oxidative_phosphorylation","UQCRHL","Metabolic_Pathways"
"K_Oxidative_phosphorylation","UQCRQ","Metabolic_Pathways"
"K_Sphingolipid_metabolism","ACER1","Metabolic_Pathways"
"K_Sphingolipid_metabolism","ACER2","Metabolic_Pathways"
"K_Sphingolipid_metabolism","ACER3","Metabolic_Pathways"
"K_Sphingolipid_metabolism","ARSA","Metabolic_Pathways"
"K_Sphingolipid_metabolism","ASAH1","Metabolic_Pathways"
"K_Sphingolipid_metabolism","ASAH2","Metabolic_Pathways"
"K_Sphingolipid_metabolism","B4GALT6","Metabolic_Pathways"
"K_Sphingolipid_metabolism","CERK","Metabolic_Pathways"
"K_Sphingolipid_metabolism","DEGS1","Metabolic_Pathways"
"K_Sphingolipid_metabolism","DEGS2","Metabolic_Pathways"
"K_Sphingolipid_metabolism","ENPP7","Metabolic_Pathways"
"K_Sphingolipid_metabolism","GAL3ST1","Metabolic_Pathways"
"K_Sphingolipid_metabolism","GALC","Metabolic_Pathways"
"K_Sphingolipid_metabolism","GBA","Metabolic_Pathways"
"K_Sphingolipid_metabolism","GLA","Metabolic_Pathways"
"K_Sphingolipid_metabolism","GLB1","Metabolic_Pathways"
"K_Sphingolipid_metabolism","KDSR","Metabolic_Pathways"
"K_Sphingolipid_metabolism","NEU1","Metabolic_Pathways"
"K_Sphingolipid_metabolism","NEU2","Metabolic_Pathways"
"K_Sphingolipid_metabolism","NEU3","Metabolic_Pathways"
"K_Sphingolipid_metabolism","NEU4","Metabolic_Pathways"
"K_Sphingolipid_metabolism","PLPP1","Metabolic_Pathways"
"K_Sphingolipid_metabolism","PLPP2","Metabolic_Pathways"
"K_Sphingolipid_metabolism","PLPP3","Metabolic_Pathways"
"K_Sphingolipid_metabolism","SGMS1","Metabolic_Pathways"
"K_Sphingolipid_metabolism","SGMS2","Metabolic_Pathways"
"K_Sphingolipid_metabolism","SGPL1","Metabolic_Pathways"
"K_Sphingolipid_metabolism","SGPP1","Metabolic_Pathways"
"K_Sphingolipid_metabolism","SGPP2","Metabolic_Pathways"
"K_Sphingolipid_metabolism","SMPD1","Metabolic_Pathways"
"K_Sphingolipid_metabolism","SMPD2","Metabolic_Pathways"
"K_Sphingolipid_metabolism","SMPD3","Metabolic_Pathways"
"K_Sphingolipid_metabolism","SMPD4","Metabolic_Pathways"
"K_Sphingolipid_metabolism","SPHK1","Metabolic_Pathways"
"K_Sphingolipid_metabolism","SPHK2","Metabolic_Pathways"
"K_Sphingolipid_metabolism","SPTLC1","Metabolic_Pathways"
"K_Sphingolipid_metabolism","SPTLC2","Metabolic_Pathways"
"K_Sphingolipid_metabolism","UGCG","Metabolic_Pathways"
"K_Sphingolipid_metabolism","UGT8","Metabolic_Pathways"
"R_Adaptive_immune_response","ACTR10","Immune_Regulation_Pathways"
"R_Adaptive_immune_response","ACTR1A","Immune_Regulation_Pathways"
"R_Adaptive_immune_response","ACTR1B","Immune_Regulation_Pathways"
"R_Adaptive_immune_response","AHCYL1","Immune_Regulation_Pathways"
"R_Adaptive_immune_response","AKT1","Immune_Regulation_Pathways"
"R_Adaptive_immune_response","AKT2","Immune_Regulation_Pathways"
"R_Adaptive_immune_response","AKT3","Immune_Regulation_Pathways"
"R_Adaptive_immune_response","ANAPC1","Immune_Regulation_Pathways"
"R_Adaptive_immune_response","ANAPC10","Immune_Regulation_Pathways"
"R_Adaptive_immune_response","ANAPC11","Immune_Regulation_Pathways"
"R_Adaptive_immune_response","ANAPC13","Immune_Regulation_Pathways"
"R_Adaptive_immune_response","ANAPC2","Immune_Regulation_Pathways"
"R_Adaptive_immune_response","ANAPC4","Immune_Regulation_Pathways"
"R_Adaptive_immune_response","ANAPC5","Immune_Regulation_Pathways"
"R_Adaptive_immune_response","ANAPC7","Immune_Regulation_Pathways"
"R_Adaptive_immune_response","AP1B1","Immune_Regulation_Pathways"
"R_Adaptive_immune_response","AP1G1","Immune_Regulation_Pathways"
"R_Adaptive_immune_response","AP1M1","Immune_Regulation_Pathways"
"R_Adaptive_immune_response","AP1M2","Immune_Regulation_Pathways"
"R_Adaptive_immune_response","AP1S1","Immune_Regulation_Pathways"
"R_Adaptive_immune_response","AP1S2","Immune_Regulation_Pathways"
"R_Adaptive_immune_response","AP1S3","Immune_Regulation_Pathways"
"R_Adaptive_immune_response","AP2A1","Immune_Regulation_Pathways"
"R_Adaptive_immune_response","AP2A2","Immune_Regulation_Pathways"
"R_Adaptive_immune_response","AP2B1","Immune_Regulation_Pathways"
"R_Adaptive_immune_response","AP2M1","Immune_Regulation_Pathways"
"R_Adaptive_immune_response","AP2S1","Immune_Regulation_Pathways"
"R_Adaptive_immune_response","AREL1","Immune_Regulation_Pathways"
"R_Adaptive_immune_response","ARF1","Immune_Regulation_Pathways"
"R_Adaptive_immune_response","ARIH2","Immune_Regulation_Pathways"
"R_Adaptive_immune_response","ASB1","Immune_Regulation_Pathways"
"R_Adaptive_immune_response","ASB10","Immune_Regulation_Pathways"
"R_Adaptive_immune_response","ASB11","Immune_Regulation_Pathways"
"R_Adaptive_immune_response","ASB12","Immune_Regulation_Pathways"
"R_Adaptive_immune_response","ASB13","Immune_Regulation_Pathways"
"R_Adaptive_immune_response","ASB14","Immune_Regulation_Pathways"
"R_Adaptive_immune_response","ASB15","Immune_Regulation_Pathways"
"R_Adaptive_immune_response","ASB16","Immune_Regulation_Pathways"
"R_Adaptive_immune_response","ASB17","Immune_Regulation_Pathways"
"R_Adaptive_immune_response","ASB18","Immune_Regulation_Pathways"
"R_Adaptive_immune_response","ASB2","Immune_Regulation_Pathways"
"R_Adaptive_immune_response","ASB3","Immune_Regulation_Pathways"
"R_Adaptive_immune_response","ASB4","Immune_Regulation_Pathways"
"R_Adaptive_immune_response","ASB5","Immune_Regulation_Pathways"
"R_Adaptive_immune_response","ASB6","Immune_Regulation_Pathways"
"R_Adaptive_immune_response","ASB7","Immune_Regulation_Pathways"
"R_Adaptive_immune_response","ASB8","Immune_Regulation_Pathways"
"R_Adaptive_immune_response","ASB9","Immune_Regulation_Pathways"
"R_Adaptive_immune_response","ATG7","Immune_Regulation_Pathways"
"R_Adaptive_immune_response","B2M","Immune_Regulation_Pathways"
"R_Adaptive_immune_response","BCAP31","Immune_Regulation_Pathways"
"R_Adaptive_immune_response","BCL10","Immune_Regulation_Pathways"
"R_Adaptive_immune_response","BLK","Immune_Regulation_Pathways"
"R_Adaptive_immune_response","BLMH","Immune_Regulation_Pathways"
"R_Adaptive_immune_response","BLNK","Immune_Regulation_Pathways"
"R_Adaptive_immune_response","BTBD1","Immune_Regulation_Pathways"
"R_Adaptive_immune_response","BTBD6","Immune_Regulation_Pathways"
"R_Adaptive_immune_response","BTK","Immune_Regulation_Pathways"
"R_Adaptive_immune_response","BTLA","Immune_Regulation_Pathways"
"R_Adaptive_immune_response","BTN1A1","Immune_Regulation_Pathways"
"R_Adaptive_immune_response","BTN2A1","Immune_Regulation_Pathways"
"R_Adaptive_immune_response","BTN2A2","Immune_Regulation_Pathways"
"R_Adaptive_immune_response","BTN3A1","Immune_Regulation_Pathways"
"R_Adaptive_immune_response","BTN3A2","Immune_Regulation_Pathways"
"R_Adaptive_immune_response","BTN3A3","Immune_Regulation_Pathways"
"R_Adaptive_immune_response","BTNL2","Immune_Regulation_Pathways"
"R_Adaptive_immune_response","BTNL8","Immune_Regulation_Pathways"
"R_Adaptive_immune_response","BTNL9","Immune_Regulation_Pathways"
"R_Adaptive_immune_response","BTRC","Immune_Regulation_Pathways"
"R_Adaptive_immune_response","C3","Immune_Regulation_Pathways"
"R_Adaptive_immune_response","CALM1","Immune_Regulation_Pathways"
"R_Adaptive_immune_response","CALR","Immune_Regulation_Pathways"
"R_Adaptive_immune_response","CANX","Immune_Regulation_Pathways"
"R_Adaptive_immune_response","CAPZA1","Immune_Regulation_Pathways"
"R_Adaptive_immune_response","CAPZA2","Immune_Regulation_Pathways"
"R_Adaptive_immune_response","CAPZA3","Immune_Regulation_Pathways"
"R_Adaptive_immune_response","CAPZB","Immune_Regulation_Pathways"
"R_Adaptive_immune_response","CARD11","Immune_Regulation_Pathways"
"R_Adaptive_immune_response","CBLB","Immune_Regulation_Pathways"
"R_Adaptive_immune_response","CBLL2","Immune_Regulation_Pathways"
"R_Adaptive_immune_response","CCNF","Immune_Regulation_Pathways"
"R_Adaptive_immune_response","CD101","Immune_Regulation_Pathways"
"R_Adaptive_immune_response","CD14","Immune_Regulation_Pathways"
"R_Adaptive_immune_response","CD160","Immune_Regulation_Pathways"
"R_Adaptive_immune_response","CD19","Immune_Regulation_Pathways"
"R_Adaptive_immune_response","CD1A","Immune_Regulation_Pathways"
"R_Adaptive_immune_response","CD1B","Immune_Regulation_Pathways"
"R_Adaptive_immune_response","CD1C","Immune_Regulation_Pathways"
"R_Adaptive_immune_response","CD1D","Immune_Regulation_Pathways"
"R_Adaptive_immune_response","CD200","Immune_Regulation_Pathways"
"R_Adaptive_immune_response","CD200R1","Immune_Regulation_Pathways"
"R_Adaptive_immune_response","CD207","Immune_Regulation_Pathways"
"R_Adaptive_immune_response","CD209","Immune_Regulation_Pathways"
"R_Adaptive_immune_response","CD22","Immune_Regulation_Pathways"
"R_Adaptive_immune_response","CD226","Immune_Regulation_Pathways"
"R_Adaptive_immune_response","CD247","Immune_Regulation_Pathways"
"R_Adaptive_immune_response","CD274","Immune_Regulation_Pathways"
"R_Adaptive_immune_response","CD28","Immune_Regulation_Pathways"
"R_Adaptive_immune_response","CD300A","Immune_Regulation_Pathways"
"R_Adaptive_immune_response","CD300C","Immune_Regulation_Pathways"
"R_Adaptive_immune_response","CD300E","Immune_Regulation_Pathways"
"R_Adaptive_immune_response","CD300LB","Immune_Regulation_Pathways"
"R_Adaptive_immune_response","CD300LD","Immune_Regulation_Pathways"
"R_Adaptive_immune_response","CD300LF","Immune_Regulation_Pathways"
"R_Adaptive_immune_response","CD300LG","Immune_Regulation_Pathways"
"R_Adaptive_immune_response","CD33","Immune_Regulation_Pathways"
"R_Adaptive_immune_response","CD34","Immune_Regulation_Pathways"
"R_Adaptive_immune_response","CD36","Immune_Regulation_Pathways"
"R_Adaptive_immune_response","CD3D","Immune_Regulation_Pathways"
"R_Adaptive_immune_response","CD3E","Immune_Regulation_Pathways"
"R_Adaptive_immune_response","CD3G","Immune_Regulation_Pathways"
"R_Adaptive_immune_response","CD4","Immune_Regulation_Pathways"
"R_Adaptive_immune_response","CD40","Immune_Regulation_Pathways"
"R_Adaptive_immune_response","CD40LG","Immune_Regulation_Pathways"
"R_Adaptive_immune_response","CD74","Immune_Regulation_Pathways"
"R_Adaptive_immune_response","CD79A","Immune_Regulation_Pathways"
"R_Adaptive_immune_response","CD79B","Immune_Regulation_Pathways"
"R_Adaptive_immune_response","CD80","Immune_Regulation_Pathways"
"R_Adaptive_immune_response","CD81","Immune_Regulation_Pathways"
"R_Adaptive_immune_response","CD86","Immune_Regulation_Pathways"
"R_Adaptive_immune_response","CD8A","Immune_Regulation_Pathways"
"R_Adaptive_immune_response","CD8B","Immune_Regulation_Pathways"
"R_Adaptive_immune_response","CD96","Immune_Regulation_Pathways"
"R_Adaptive_immune_response","CD99","Immune_Regulation_Pathways"
"R_Adaptive_immune_response","CDC16","Immune_Regulation_Pathways"
"R_Adaptive_immune_response","CDC20","Immune_Regulation_Pathways"
"R_Adaptive_immune_response","CDC23","Immune_Regulation_Pathways"
"R_Adaptive_immune_response","CDC26","Immune_Regulation_Pathways"
"R_Adaptive_immune_response","CDC27","Immune_Regulation_Pathways"
"R_Adaptive_immune_response","CDC34","Immune_Regulation_Pathways"
"R_Adaptive_immune_response","CDC42","Immune_Regulation_Pathways"
"R_Adaptive_immune_response","CDH1","Immune_Regulation_Pathways"
"R_Adaptive_immune_response","CENPE","Immune_Regulation_Pathways"
"R_Adaptive_immune_response","CHUK","Immune_Regulation_Pathways"
"R_Adaptive_immune_response","CLEC2B","Immune_Regulation_Pathways"
"R_Adaptive_immune_response","CLEC2D","Immune_Regulation_Pathways"
"R_Adaptive_immune_response","CLEC4G","Immune_Regulation_Pathways"
"R_Adaptive_immune_response","CLTA","Immune_Regulation_Pathways"
"R_Adaptive_immune_response","CLTC","Immune_Regulation_Pathways"
"R_Adaptive_immune_response","COL17A1","Immune_Regulation_Pathways"
"R_Adaptive_immune_response","COL1A1","Immune_Regulation_Pathways"
"R_Adaptive_immune_response","COL1A2","Immune_Regulation_Pathways"
"R_Adaptive_immune_response","COL2A1","Immune_Regulation_Pathways"
"R_Adaptive_immune_response","COL3A1","Immune_Regulation_Pathways"
"R_Adaptive_immune_response","COLEC12","Immune_Regulation_Pathways"
"R_Adaptive_immune_response","CRTAM","Immune_Regulation_Pathways"
"R_Adaptive_immune_response","CSK","Immune_Regulation_Pathways"
"R_Adaptive_immune_response","CTLA4","Immune_Regulation_Pathways"
"R_Adaptive_immune_response","CTSA","Immune_Regulation_Pathways"
"R_Adaptive_immune_response","CTSB","Immune_Regulation_Pathways"
"R_Adaptive_immune_response","CTSC","Immune_Regulation_Pathways"
"R_Adaptive_immune_response","CTSD","Immune_Regulation_Pathways"
"R_Adaptive_immune_response","CTSE","Immune_Regulation_Pathways"
"R_Adaptive_immune_response","CTSF","Immune_Regulation_Pathways"
"R_Adaptive_immune_response","CTSH","Immune_Regulation_Pathways"
"R_Adaptive_immune_response","CTSK","Immune_Regulation_Pathways"
"R_Adaptive_immune_response","CTSL","Immune_Regulation_Pathways"
"R_Adaptive_immune_response","CTSO","Immune_Regulation_Pathways"
"R_Adaptive_immune_response","CTSS","Immune_Regulation_Pathways"
"R_Adaptive_immune_response","CTSV","Immune_Regulation_Pathways"
"R_Adaptive_immune_response","CUL1","Immune_Regulation_Pathways"
"R_Adaptive_immune_response","CUL2","Immune_Regulation_Pathways"
"R_Adaptive_immune_response","CUL3","Immune_Regulation_Pathways"
"R_Adaptive_immune_response","CUL5","Immune_Regulation_Pathways"
"R_Adaptive_immune_response","CUL7","Immune_Regulation_Pathways"
"R_Adaptive_immune_response","CXADR","Immune_Regulation_Pathways"
"R_Adaptive_immune_response","CYBA","Immune_Regulation_Pathways"
"R_Adaptive_immune_response","CYBB","Immune_Regulation_Pathways"
"R_Adaptive_immune_response","DAPP1","Immune_Regulation_Pathways"
"R_Adaptive_immune_response","DCAF1","Immune_Regulation_Pathways"
"R_Adaptive_immune_response","DCTN1","Immune_Regulation_Pathways"
"R_Adaptive_immune_response","DCTN2","Immune_Regulation_Pathways"
"R_Adaptive_immune_response","DCTN3","Immune_Regulation_Pathways"
"R_Adaptive_immune_response","DCTN4","Immune_Regulation_Pathways"
"R_Adaptive_immune_response","DCTN5","Immune_Regulation_Pathways"
"R_Adaptive_immune_response","DCTN6","Immune_Regulation_Pathways"
"R_Adaptive_immune_response","DET1","Immune_Regulation_Pathways"
"R_Adaptive_immune_response","DNM1","Immune_Regulation_Pathways"
"R_Adaptive_immune_response","DNM2","Immune_Regulation_Pathways"
"R_Adaptive_immune_response","DNM3","Immune_Regulation_Pathways"
"R_Adaptive_immune_response","DTX3L","Immune_Regulation_Pathways"
"R_Adaptive_immune_response","DYNC1H1","Immune_Regulation_Pathways"
"R_Adaptive_immune_response","DYNC1I1","Immune_Regulation_Pathways"
"R_Adaptive_immune_response","DYNC1I2","Immune_Regulation_Pathways"
"R_Adaptive_immune_response","DYNC1LI1","Immune_Regulation_Pathways"
"R_Adaptive_immune_response","DYNC1LI2","Immune_Regulation_Pathways"
"R_Adaptive_immune_response","DYNLL1","Immune_Regulation_Pathways"
"R_Adaptive_immune_response","DYNLL2","Immune_Regulation_Pathways"
"R_Adaptive_immune_response","DZIP3","Immune_Regulation_Pathways"
"R_Adaptive_immune_response","ELOB","Immune_Regulation_Pathways"
"R_Adaptive_immune_response","ELOC","Immune_Regulation_Pathways"
"R_Adaptive_immune_response","ENAH","Immune_Regulation_Pathways"
"R_Adaptive_immune_response","ERAP1","Immune_Regulation_Pathways"
"R_Adaptive_immune_response","ERAP2","Immune_Regulation_Pathways"
"R_Adaptive_immune_response","EVL","Immune_Regulation_Pathways"
"R_Adaptive_immune_response","FBXL12","Immune_Regulation_Pathways"
"R_Adaptive_immune_response","FBXL13","Immune_Regulation_Pathways"
"R_Adaptive_immune_response","FBXL14","Immune_Regulation_Pathways"
"R_Adaptive_immune_response","FBXL15","Immune_Regulation_Pathways"
"R_Adaptive_immune_response","FBXL16","Immune_Regulation_Pathways"
"R_Adaptive_immune_response","FBXL18","Immune_Regulation_Pathways"
"R_Adaptive_immune_response","FBXL19","Immune_Regulation_Pathways"
"R_Adaptive_immune_response","FBXL20","Immune_Regulation_Pathways"
"R_Adaptive_immune_response","FBXL22","Immune_Regulation_Pathways"
"R_Adaptive_immune_response","FBXL3","Immune_Regulation_Pathways"
"R_Adaptive_immune_response","FBXL4","Immune_Regulation_Pathways"
"R_Adaptive_immune_response","FBXL5","Immune_Regulation_Pathways"
"R_Adaptive_immune_response","FBXL7","Immune_Regulation_Pathways"
"R_Adaptive_immune_response","FBXL8","Immune_Regulation_Pathways"
"R_Adaptive_immune_response","FBXO10","Immune_Regulation_Pathways"
"R_Adaptive_immune_response","FBXO11","Immune_Regulation_Pathways"
"R_Adaptive_immune_response","FBXO15","Immune_Regulation_Pathways"
"R_Adaptive_immune_response","FBXO17","Immune_Regulation_Pathways"
"R_Adaptive_immune_response","FBXO2","Immune_Regulation_Pathways"
"R_Adaptive_immune_response","FBXO21","Immune_Regulation_Pathways"
"R_Adaptive_immune_response","FBXO22","Immune_Regulation_Pathways"
"R_Adaptive_immune_response","FBXO27","Immune_Regulation_Pathways"
"R_Adaptive_immune_response","FBXO30","Immune_Regulation_Pathways"
"R_Adaptive_immune_response","FBXO31","Immune_Regulation_Pathways"
"R_Adaptive_immune_response","FBXO32","Immune_Regulation_Pathways"
"R_Adaptive_immune_response","FBXO4","Immune_Regulation_Pathways"
"R_Adaptive_immune_response","FBXO40","Immune_Regulation_Pathways"
"R_Adaptive_immune_response","FBXO41","Immune_Regulation_Pathways"
"R_Adaptive_immune_response","FBXO44","Immune_Regulation_Pathways"
"R_Adaptive_immune_response","FBXO6","Immune_Regulation_Pathways"
"R_Adaptive_immune_response","FBXO7","Immune_Regulation_Pathways"
"R_Adaptive_immune_response","FBXO9","Immune_Regulation_Pathways"
"R_Adaptive_immune_response","FBXW10","Immune_Regulation_Pathways"
"R_Adaptive_immune_response","FBXW11","Immune_Regulation_Pathways"
"R_Adaptive_immune_response","FBXW12","Immune_Regulation_Pathways"
"R_Adaptive_immune_response","FBXW2","Immune_Regulation_Pathways"
"R_Adaptive_immune_response","FBXW4","Immune_Regulation_Pathways"
"R_Adaptive_immune_response","FBXW5","Immune_Regulation_Pathways"
"R_Adaptive_immune_response","FBXW7","Immune_Regulation_Pathways"
"R_Adaptive_immune_response","FBXW8","Immune_Regulation_Pathways"
"R_Adaptive_immune_response","FBXW9","Immune_Regulation_Pathways"
"R_Adaptive_immune_response","FCGR1A","Immune_Regulation_Pathways"
"R_Adaptive_immune_response","FCGR1B","Immune_Regulation_Pathways"
"R_Adaptive_immune_response","FCGR2B","Immune_Regulation_Pathways"
"R_Adaptive_immune_response","FCGR3A","Immune_Regulation_Pathways"
"R_Adaptive_immune_response","FGA","Immune_Regulation_Pathways"
"R_Adaptive_immune_response","FGB","Immune_Regulation_Pathways"
"R_Adaptive_immune_response","FGG","Immune_Regulation_Pathways"
"R_Adaptive_immune_response","FKBP1A","Immune_Regulation_Pathways"
"R_Adaptive_immune_response","FYB1","Immune_Regulation_Pathways"
"R_Adaptive_immune_response","FYN","Immune_Regulation_Pathways"
"R_Adaptive_immune_response","FZR1","Immune_Regulation_Pathways"
"R_Adaptive_immune_response","GAN","Immune_Regulation_Pathways"
"R_Adaptive_immune_response","GLMN","Immune_Regulation_Pathways"
"R_Adaptive_immune_response","GRAP2","Immune_Regulation_Pathways"
"R_Adaptive_immune_response","GRB2","Immune_Regulation_Pathways"
"R_Adaptive_immune_response","HACE1","Immune_Regulation_Pathways"
"R_Adaptive_immune_response","HCST","Immune_Regulation_Pathways"
"R_Adaptive_immune_response","HECTD1","Immune_Regulation_Pathways"
"R_Adaptive_immune_response","HECTD2","Immune_Regulation_Pathways"
"R_Adaptive_immune_response","HECTD3","Immune_Regulation_Pathways"
"R_Adaptive_immune_response","HECW2","Immune_Regulation_Pathways"
"R_Adaptive_immune_response","HERC1","Immune_Regulation_Pathways"
"R_Adaptive_immune_response","HERC2","Immune_Regulation_Pathways"
"R_Adaptive_immune_response","HERC3","Immune_Regulation_Pathways"
"R_Adaptive_immune_response","HERC4","Immune_Regulation_Pathways"
"R_Adaptive_immune_response","HERC5","Immune_Regulation_Pathways"
"R_Adaptive_immune_response","HERC6","Immune_Regulation_Pathways"
"R_Adaptive_immune_response","HLA-A","Immune_Regulation_Pathways"
"R_Adaptive_immune_response","HLA-B","Immune_Regulation_Pathways"
"R_Adaptive_immune_response","HLA-C","Immune_Regulation_Pathways"
"R_Adaptive_immune_response","HLA-DMA","Immune_Regulation_Pathways"
"R_Adaptive_immune_response","HLA-DMB","Immune_Regulation_Pathways"
"R_Adaptive_immune_response","HLA-DOA","Immune_Regulation_Pathways"
"R_Adaptive_immune_response","HLA-DOB","Immune_Regulation_Pathways"
"R_Adaptive_immune_response","HLA-DPA1","Immune_Regulation_Pathways"
"R_Adaptive_immune_response","HLA-DPB1","Immune_Regulation_Pathways"
"R_Adaptive_immune_response","HLA-DQA1","Immune_Regulation_Pathways"
"R_Adaptive_immune_response","HLA-DQA2","Immune_Regulation_Pathways"
"R_Adaptive_immune_response","HLA-DQB1","Immune_Regulation_Pathways"
"R_Adaptive_immune_response","HLA-DQB2","Immune_Regulation_Pathways"
"R_Adaptive_immune_response","HLA-DRA","Immune_Regulation_Pathways"
"R_Adaptive_immune_response","HLA-DRB1","Immune_Regulation_Pathways"
"R_Adaptive_immune_response","HLA-DRB3","Immune_Regulation_Pathways"
"R_Adaptive_immune_response","HLA-DRB4","Immune_Regulation_Pathways"
"R_Adaptive_immune_response","HLA-DRB5","Immune_Regulation_Pathways"
"R_Adaptive_immune_response","HLA-E","Immune_Regulation_Pathways"
"R_Adaptive_immune_response","HLA-F","Immune_Regulation_Pathways"
"R_Adaptive_immune_response","HLA-G","Immune_Regulation_Pathways"
"R_Adaptive_immune_response","HMGB1","Immune_Regulation_Pathways"
"R_Adaptive_immune_response","HRAS","Immune_Regulation_Pathways"
"R_Adaptive_immune_response","HSPA5","Immune_Regulation_Pathways"
"R_Adaptive_immune_response","HUWE1","Immune_Regulation_Pathways"
"R_Adaptive_immune_response","ICAM1","Immune_Regulation_Pathways"
"R_Adaptive_immune_response","ICAM2","Immune_Regulation_Pathways"
"R_Adaptive_immune_response","ICAM3","Immune_Regulation_Pathways"
"R_Adaptive_immune_response","ICAM4","Immune_Regulation_Pathways"
"R_Adaptive_immune_response","ICAM5","Immune_Regulation_Pathways"
"R_Adaptive_immune_response","ICOS","Immune_Regulation_Pathways"
"R_Adaptive_immune_response","ICOSLG","Immune_Regulation_Pathways"
"R_Adaptive_immune_response","IFI30","Immune_Regulation_Pathways"
"R_Adaptive_immune_response","IFITM1","Immune_Regulation_Pathways"
"R_Adaptive_immune_response","IGHD","Immune_Regulation_Pathways"
"R_Adaptive_immune_response","IGHM","Immune_Regulation_Pathways"
"R_Adaptive_immune_response","IGHV1-2","Immune_Regulation_Pathways"
"R_Adaptive_immune_response","IGHV1-46","Immune_Regulation_Pathways"
"R_Adaptive_immune_response","IGHV1-69","Immune_Regulation_Pathways"
"R_Adaptive_immune_response","IGHV2-5","Immune_Regulation_Pathways"
"R_Adaptive_immune_response","IGHV2-70","Immune_Regulation_Pathways"
"R_Adaptive_immune_response","IGHV3-11","Immune_Regulation_Pathways"
"R_Adaptive_immune_response","IGHV3-13","Immune_Regulation_Pathways"
"R_Adaptive_immune_response","IGHV3-23","Immune_Regulation_Pathways"
"R_Adaptive_immune_response","IGHV3-30","Immune_Regulation_Pathways"
"R_Adaptive_immune_response","IGHV3-33","Immune_Regulation_Pathways"
"R_Adaptive_immune_response","IGHV3-48","Immune_Regulation_Pathways"
"R_Adaptive_immune_response","IGHV3-53","Immune_Regulation_Pathways"
"R_Adaptive_immune_response","IGHV3-7","Immune_Regulation_Pathways"
"R_Adaptive_immune_response","IGHV4-34","Immune_Regulation_Pathways"
"R_Adaptive_immune_response","IGHV4-39","Immune_Regulation_Pathways"
"R_Adaptive_immune_response","IGHV4-59","Immune_Regulation_Pathways"
"R_Adaptive_immune_response","IGKV1-12","Immune_Regulation_Pathways"
"R_Adaptive_immune_response","IGKV1-16","Immune_Regulation_Pathways"
"R_Adaptive_immune_response","IGKV1-17","Immune_Regulation_Pathways"
"R_Adaptive_immune_response","IGKV1-33","Immune_Regulation_Pathways"
"R_Adaptive_immune_response","IGKV1-39","Immune_Regulation_Pathways"
"R_Adaptive_immune_response","IGKV1-5","Immune_Regulation_Pathways"
"R_Adaptive_immune_response","IGKV1D-12","Immune_Regulation_Pathways"
"R_Adaptive_immune_response","IGKV1D-16","Immune_Regulation_Pathways"
"R_Adaptive_immune_response","IGKV1D-33","Immune_Regulation_Pathways"
"R_Adaptive_immune_response","IGKV1D-39","Immune_Regulation_Pathways"
"R_Adaptive_immune_response","IGKV2-28","Immune_Regulation_Pathways"
"R_Adaptive_immune_response","IGKV2-30","Immune_Regulation_Pathways"
"R_Adaptive_immune_response","IGKV2D-28","Immune_Regulation_Pathways"
"R_Adaptive_immune_response","IGKV2D-30","Immune_Regulation_Pathways"
"R_Adaptive_immune_response","IGKV2D-40","Immune_Regulation_Pathways"
"R_Adaptive_immune_response","IGKV3-11","Immune_Regulation_Pathways"
"R_Adaptive_immune_response","IGKV3-15","Immune_Regulation_Pathways"
"R_Adaptive_immune_response","IGKV3-20","Immune_Regulation_Pathways"
"R_Adaptive_immune_response","IGKV3D-20","Immune_Regulation_Pathways"
"R_Adaptive_immune_response","IGKV4-1","Immune_Regulation_Pathways"
"R_Adaptive_immune_response","IGKV5-2","Immune_Regulation_Pathways"
"R_Adaptive_immune_response","IGLC2","Immune_Regulation_Pathways"
"R_Adaptive_immune_response","IGLC3","Immune_Regulation_Pathways"
"R_Adaptive_immune_response","IGLV1-40","Immune_Regulation_Pathways"
"R_Adaptive_immune_response","IGLV1-44","Immune_Regulation_Pathways"
"R_Adaptive_immune_response","IGLV1-47","Immune_Regulation_Pathways"
"R_Adaptive_immune_response","IGLV1-51","Immune_Regulation_Pathways"
"R_Adaptive_immune_response","IGLV2-11","Immune_Regulation_Pathways"
"R_Adaptive_immune_response","IGLV2-14","Immune_Regulation_Pathways"
"R_Adaptive_immune_response","IGLV2-23","Immune_Regulation_Pathways"
"R_Adaptive_immune_response","IGLV2-8","Immune_Regulation_Pathways"
"R_Adaptive_immune_response","IGLV3-1","Immune_Regulation_Pathways"
"R_Adaptive_immune_response","IGLV3-19","Immune_Regulation_Pathways"
"R_Adaptive_immune_response","IGLV3-21","Immune_Regulation_Pathways"
"R_Adaptive_immune_response","IGLV3-25","Immune_Regulation_Pathways"
"R_Adaptive_immune_response","IGLV3-27","Immune_Regulation_Pathways"
"R_Adaptive_immune_response","IGLV6-57","Immune_Regulation_Pathways"
"R_Adaptive_immune_response","IGLV7-43","Immune_Regulation_Pathways"
"R_Adaptive_immune_response","IKBKB","Immune_Regulation_Pathways"
"R_Adaptive_immune_response","IKBKG","Immune_Regulation_Pathways"
"R_Adaptive_immune_response","INPP5D","Immune_Regulation_Pathways"
"R_Adaptive_immune_response","ITCH","Immune_Regulation_Pathways"
"R_Adaptive_immune_response","ITGA4","Immune_Regulation_Pathways"
"R_Adaptive_immune_response","ITGAL","Immune_Regulation_Pathways"
"R_Adaptive_immune_response","ITGAV","Immune_Regulation_Pathways"
"R_Adaptive_immune_response","ITGB1","Immune_Regulation_Pathways"
"R_Adaptive_immune_response","ITGB2","Immune_Regulation_Pathways"
"R_Adaptive_immune_response","ITGB5","Immune_Regulation_Pathways"
"R_Adaptive_immune_response","ITGB7","Immune_Regulation_Pathways"
"R_Adaptive_immune_response","ITK","Immune_Regulation_Pathways"
"R_Adaptive_immune_response","ITPR1","Immune_Regulation_Pathways"
"R_Adaptive_immune_response","ITPR2","Immune_Regulation_Pathways"
"R_Adaptive_immune_response","ITPR3","Immune_Regulation_Pathways"
"R_Adaptive_immune_response","JAML","Immune_Regulation_Pathways"
"R_Adaptive_immune_response","KBTBD13","Immune_Regulation_Pathways"
"R_Adaptive_immune_response","KBTBD6","Immune_Regulation_Pathways"
"R_Adaptive_immune_response","KBTBD7","Immune_Regulation_Pathways"
"R_Adaptive_immune_response","KBTBD8","Immune_Regulation_Pathways"
"R_Adaptive_immune_response","KCTD6","Immune_Regulation_Pathways"
"R_Adaptive_immune_response","KCTD7","Immune_Regulation_Pathways"
"R_Adaptive_immune_response","KEAP1","Immune_Regulation_Pathways"
"R_Adaptive_immune_response","KIF11","Immune_Regulation_Pathways"
"R_Adaptive_immune_response","KIF15","Immune_Regulation_Pathways"
"R_Adaptive_immune_response","KIF18A","Immune_Regulation_Pathways"
"R_Adaptive_immune_response","KIF20A","Immune_Regulation_Pathways"
"R_Adaptive_immune_response","KIF22","Immune_Regulation_Pathways"
"R_Adaptive_immune_response","KIF23","Immune_Regulation_Pathways"
"R_Adaptive_immune_response","KIF26A","Immune_Regulation_Pathways"
"R_Adaptive_immune_response","KIF2A","Immune_Regulation_Pathways"
"R_Adaptive_immune_response","KIF2B","Immune_Regulation_Pathways"
"R_Adaptive_immune_response","KIF2C","Immune_Regulation_Pathways"
"R_Adaptive_immune_response","KIF3A","Immune_Regulation_Pathways"
"R_Adaptive_immune_response","KIF3B","Immune_Regulation_Pathways"
"R_Adaptive_immune_response","KIF3C","Immune_Regulation_Pathways"
"R_Adaptive_immune_response","KIF4A","Immune_Regulation_Pathways"
"R_Adaptive_immune_response","KIF4B","Immune_Regulation_Pathways"
"R_Adaptive_immune_response","KIF5A","Immune_Regulation_Pathways"
"R_Adaptive_immune_response","KIF5B","Immune_Regulation_Pathways"
"R_Adaptive_immune_response","KIFAP3","Immune_Regulation_Pathways"
"R_Adaptive_immune_response","KIR2DL1","Immune_Regulation_Pathways"
"R_Adaptive_immune_response","KIR2DL2","Immune_Regulation_Pathways"
"R_Adaptive_immune_response","KIR2DL3","Immune_Regulation_Pathways"
"R_Adaptive_immune_response","KIR2DL4","Immune_Regulation_Pathways"
"R_Adaptive_immune_response","KIR2DS1","Immune_Regulation_Pathways"
"R_Adaptive_immune_response","KIR2DS2","Immune_Regulation_Pathways"
"R_Adaptive_immune_response","KIR3DL1","Immune_Regulation_Pathways"
"R_Adaptive_immune_response","KIR3DL2","Immune_Regulation_Pathways"
"R_Adaptive_immune_response","KLC1","Immune_Regulation_Pathways"
"R_Adaptive_immune_response","KLC2","Immune_Regulation_Pathways"
"R_Adaptive_immune_response","KLC3","Immune_Regulation_Pathways"
"R_Adaptive_immune_response","KLC4","Immune_Regulation_Pathways"
"R_Adaptive_immune_response","KLHL11","Immune_Regulation_Pathways"
"R_Adaptive_immune_response","KLHL13","Immune_Regulation_Pathways"
"R_Adaptive_immune_response","KLHL2","Immune_Regulation_Pathways"
"R_Adaptive_immune_response","KLHL20","Immune_Regulation_Pathways"
"R_Adaptive_immune_response","KLHL21","Immune_Regulation_Pathways"
"R_Adaptive_immune_response","KLHL22","Immune_Regulation_Pathways"
"R_Adaptive_immune_response","KLHL25","Immune_Regulation_Pathways"
"R_Adaptive_immune_response","KLHL3","Immune_Regulation_Pathways"
"R_Adaptive_immune_response","KLHL41","Immune_Regulation_Pathways"
"R_Adaptive_immune_response","KLHL42","Immune_Regulation_Pathways"
"R_Adaptive_immune_response","KLHL5","Immune_Regulation_Pathways"
"R_Adaptive_immune_response","KLHL9","Immune_Regulation_Pathways"
"R_Adaptive_immune_response","KLRB1","Immune_Regulation_Pathways"
"R_Adaptive_immune_response","KLRC1","Immune_Regulation_Pathways"
"R_Adaptive_immune_response","KLRD1","Immune_Regulation_Pathways"
"R_Adaptive_immune_response","KLRF1","Immune_Regulation_Pathways"
"R_Adaptive_immune_response","KLRG1","Immune_Regulation_Pathways"
"R_Adaptive_immune_response","KLRK1","Immune_Regulation_Pathways"
"R_Adaptive_immune_response","KRAS","Immune_Regulation_Pathways"
"R_Adaptive_immune_response","LAG3","Immune_Regulation_Pathways"
"R_Adaptive_immune_response","LAIR1","Immune_Regulation_Pathways"
"R_Adaptive_immune_response","LAIR2","Immune_Regulation_Pathways"
"R_Adaptive_immune_response","LAT","Immune_Regulation_Pathways"
"R_Adaptive_immune_response","LCK","Immune_Regulation_Pathways"
"R_Adaptive_immune_response","LCP2","Immune_Regulation_Pathways"
"R_Adaptive_immune_response","LGMN","Immune_Regulation_Pathways"
"R_Adaptive_immune_response","LILRA1","Immune_Regulation_Pathways"
"R_Adaptive_immune_response","LILRA2","Immune_Regulation_Pathways"
"R_Adaptive_immune_response","LILRA3","Immune_Regulation_Pathways"
"R_Adaptive_immune_response","LILRA4","Immune_Regulation_Pathways"
"R_Adaptive_immune_response","LILRA5","Immune_Regulation_Pathways"
"R_Adaptive_immune_response","LILRA6","Immune_Regulation_Pathways"
"R_Adaptive_immune_response","LILRB1","Immune_Regulation_Pathways"
"R_Adaptive_immune_response","LILRB2","Immune_Regulation_Pathways"
"R_Adaptive_immune_response","LILRB3","Immune_Regulation_Pathways"
"R_Adaptive_immune_response","LILRB4","Immune_Regulation_Pathways"
"R_Adaptive_immune_response","LILRB5","Immune_Regulation_Pathways"
"R_Adaptive_immune_response","LMO7","Immune_Regulation_Pathways"
"R_Adaptive_immune_response","LNPEP","Immune_Regulation_Pathways"
"R_Adaptive_immune_response","LNX1","Immune_Regulation_Pathways"
"R_Adaptive_immune_response","LONRF1","Immune_Regulation_Pathways"
"R_Adaptive_immune_response","LRR1","Immune_Regulation_Pathways"
"R_Adaptive_immune_response","LRRC41","Immune_Regulation_Pathways"
"R_Adaptive_immune_response","LRSAM1","Immune_Regulation_Pathways"
"R_Adaptive_immune_response","LTN1","Immune_Regulation_Pathways"
"R_Adaptive_immune_response","LY96","Immune_Regulation_Pathways"
"R_Adaptive_immune_response","LYN","Immune_Regulation_Pathways"
"R_Adaptive_immune_response","MADCAM1","Immune_Regulation_Pathways"
"R_Adaptive_immune_response","MALT1","Immune_Regulation_Pathways"
"R_Adaptive_immune_response","MAP3K14","Immune_Regulation_Pathways"
"R_Adaptive_immune_response","MAP3K7","Immune_Regulation_Pathways"
"R_Adaptive_immune_response","MAP3K8","Immune_Regulation_Pathways"
"R_Adaptive_immune_response","MAPKAP1","Immune_Regulation_Pathways"
"R_Adaptive_immune_response","MEX3C","Immune_Regulation_Pathways"
"R_Adaptive_immune_response","MGRN1","Immune_Regulation_Pathways"
"R_Adaptive_immune_response","MIB2","Immune_Regulation_Pathways"
"R_Adaptive_immune_response","MICA","Immune_Regulation_Pathways"
"R_Adaptive_immune_response","MICB","Immune_Regulation_Pathways"
"R_Adaptive_immune_response","MKRN1","Immune_Regulation_Pathways"
"R_Adaptive_immune_response","MLST8","Immune_Regulation_Pathways"
"R_Adaptive_immune_response","MRC1","Immune_Regulation_Pathways"
"R_Adaptive_immune_response","MRC2","Immune_Regulation_Pathways"
"R_Adaptive_immune_response","MTOR","Immune_Regulation_Pathways"
"R_Adaptive_immune_response","MYD88","Immune_Regulation_Pathways"
"R_Adaptive_immune_response","MYLIP","Immune_Regulation_Pathways"
"R_Adaptive_immune_response","NCF1","Immune_Regulation_Pathways"
"R_Adaptive_immune_response","NCF2","Immune_Regulation_Pathways"
"R_Adaptive_immune_response","NCF4","Immune_Regulation_Pathways"
"R_Adaptive_immune_response","NCK1","Immune_Regulation_Pathways"
"R_Adaptive_immune_response","NCR1","Immune_Regulation_Pathways"
"R_Adaptive_immune_response","NCR2","Immune_Regulation_Pathways"
"R_Adaptive_immune_response","NCR3","Immune_Regulation_Pathways"
"R_Adaptive_immune_response","NCR3LG1","Immune_Regulation_Pathways"
"R_Adaptive_immune_response","NECTIN2","Immune_Regulation_Pathways"
"R_Adaptive_immune_response","NEDD4","Immune_Regulation_Pathways"
"R_Adaptive_immune_response","NEDD4L","Immune_Regulation_Pathways"
"R_Adaptive_immune_response","NFATC1","Immune_Regulation_Pathways"
"R_Adaptive_immune_response","NFATC2","Immune_Regulation_Pathways"
"R_Adaptive_immune_response","NFATC3","Immune_Regulation_Pathways"
"R_Adaptive_immune_response","NFKB1","Immune_Regulation_Pathways"
"R_Adaptive_immune_response","NFKBIA","Immune_Regulation_Pathways"
"R_Adaptive_immune_response","NFKBIB","Immune_Regulation_Pathways"
"R_Adaptive_immune_response","NFKBIE","Immune_Regulation_Pathways"
"R_Adaptive_immune_response","NPDC1","Immune_Regulation_Pathways"
"R_Adaptive_immune_response","NPEPPS","Immune_Regulation_Pathways"
"R_Adaptive_immune_response","NRAS","Immune_Regulation_Pathways"
"R_Adaptive_immune_response","ORAI1","Immune_Regulation_Pathways"
"R_Adaptive_immune_response","ORAI2","Immune_Regulation_Pathways"
"R_Adaptive_immune_response","OSBPL1A","Immune_Regulation_Pathways"
"R_Adaptive_immune_response","OSCAR","Immune_Regulation_Pathways"
"R_Adaptive_immune_response","PAG1","Immune_Regulation_Pathways"
"R_Adaptive_immune_response","PAK1","Immune_Regulation_Pathways"
"R_Adaptive_immune_response","PAK2","Immune_Regulation_Pathways"
"R_Adaptive_immune_response","PAK3","Immune_Regulation_Pathways"
"R_Adaptive_immune_response","PDCD1","Immune_Regulation_Pathways"
"R_Adaptive_immune_response","PDCD1LG2","Immune_Regulation_Pathways"
"R_Adaptive_immune_response","PDIA3","Immune_Regulation_Pathways"
"R_Adaptive_immune_response","PDPK1","Immune_Regulation_Pathways"
"R_Adaptive_immune_response","PIANP","Immune_Regulation_Pathways"
"R_Adaptive_immune_response","PIK3AP1","Immune_Regulation_Pathways"
"R_Adaptive_immune_response","PIK3CA","Immune_Regulation_Pathways"
"R_Adaptive_immune_response","PIK3CB","Immune_Regulation_Pathways"
"R_Adaptive_immune_response","PIK3CD","Immune_Regulation_Pathways"
"R_Adaptive_immune_response","PIK3R1","Immune_Regulation_Pathways"
"R_Adaptive_immune_response","PIK3R2","Immune_Regulation_Pathways"
"R_Adaptive_immune_response","PIK3R3","Immune_Regulation_Pathways"
"R_Adaptive_immune_response","PILRA","Immune_Regulation_Pathways"
"R_Adaptive_immune_response","PILRB","Immune_Regulation_Pathways"
"R_Adaptive_immune_response","PJA1","Immune_Regulation_Pathways"
"R_Adaptive_immune_response","PJA2","Immune_Regulation_Pathways"
"R_Adaptive_immune_response","PLCG1","Immune_Regulation_Pathways"
"R_Adaptive_immune_response","PLCG2","Immune_Regulation_Pathways"
"R_Adaptive_immune_response","PPIA","Immune_Regulation_Pathways"
"R_Adaptive_immune_response","PPL","Immune_Regulation_Pathways"
"R_Adaptive_immune_response","PPP2CA","Immune_Regulation_Pathways"
"R_Adaptive_immune_response","PPP2CB","Immune_Regulation_Pathways"
"R_Adaptive_immune_response","PPP2R1A","Immune_Regulation_Pathways"
"R_Adaptive_immune_response","PPP2R1B","Immune_Regulation_Pathways"
"R_Adaptive_immune_response","PPP2R5A","Immune_Regulation_Pathways"
"R_Adaptive_immune_response","PPP2R5B","Immune_Regulation_Pathways"
"R_Adaptive_immune_response","PPP2R5C","Immune_Regulation_Pathways"
"R_Adaptive_immune_response","PPP2R5D","Immune_Regulation_Pathways"
"R_Adaptive_immune_response","PPP2R5E","Immune_Regulation_Pathways"
"R_Adaptive_immune_response","PPP3CA","Immune_Regulation_Pathways"
"R_Adaptive_immune_response","PPP3CB","Immune_Regulation_Pathways"
"R_Adaptive_immune_response","PPP3R1","Immune_Regulation_Pathways"
"R_Adaptive_immune_response","PRKACA","Immune_Regulation_Pathways"
"R_Adaptive_immune_response","PRKACB","Immune_Regulation_Pathways"
"R_Adaptive_immune_response","PRKACG","Immune_Regulation_Pathways"
"R_Adaptive_immune_response","PRKCB","Immune_Regulation_Pathways"
"R_Adaptive_immune_response","PRKCQ","Immune_Regulation_Pathways"
"R_Adaptive_immune_response","PRKG1","Immune_Regulation_Pathways"
"R_Adaptive_immune_response","PRKN","Immune_Regulation_Pathways"
"R_Adaptive_immune_response","PRR5","Immune_Regulation_Pathways"
"R_Adaptive_immune_response","PSMA1","Immune_Regulation_Pathways"
"R_Adaptive_immune_response","PSMA2","Immune_Regulation_Pathways"
"R_Adaptive_immune_response","PSMA3","Immune_Regulation_Pathways"
"R_Adaptive_immune_response","PSMA4","Immune_Regulation_Pathways"
"R_Adaptive_immune_response","PSMA5","Immune_Regulation_Pathways"
"R_Adaptive_immune_response","PSMA6","Immune_Regulation_Pathways"
"R_Adaptive_immune_response","PSMA7","Immune_Regulation_Pathways"
"R_Adaptive_immune_response","PSMA8","Immune_Regulation_Pathways"
"R_Adaptive_immune_response","PSMB1","Immune_Regulation_Pathways"
"R_Adaptive_immune_response","PSMB10","Immune_Regulation_Pathways"
"R_Adaptive_immune_response","PSMB11","Immune_Regulation_Pathways"
"R_Adaptive_immune_response","PSMB2","Immune_Regulation_Pathways"
"R_Adaptive_immune_response","PSMB3","Immune_Regulation_Pathways"
"R_Adaptive_immune_response","PSMB4","Immune_Regulation_Pathways"
"R_Adaptive_immune_response","PSMB5","Immune_Regulation_Pathways"
"R_Adaptive_immune_response","PSMB6","Immune_Regulation_Pathways"
"R_Adaptive_immune_response","PSMB7","Immune_Regulation_Pathways"
"R_Adaptive_immune_response","PSMB8","Immune_Regulation_Pathways"
"R_Adaptive_immune_response","PSMB9","Immune_Regulation_Pathways"
"R_Adaptive_immune_response","PSMC1","Immune_Regulation_Pathways"
"R_Adaptive_immune_response","PSMC2","Immune_Regulation_Pathways"
"R_Adaptive_immune_response","PSMC3","Immune_Regulation_Pathways"
"R_Adaptive_immune_response","PSMC4","Immune_Regulation_Pathways"
"R_Adaptive_immune_response","PSMC5","Immune_Regulation_Pathways"
"R_Adaptive_immune_response","PSMC6","Immune_Regulation_Pathways"
"R_Adaptive_immune_response","PSMD1","Immune_Regulation_Pathways"
"R_Adaptive_immune_response","PSMD10","Immune_Regulation_Pathways"
"R_Adaptive_immune_response","PSMD11","Immune_Regulation_Pathways"
"R_Adaptive_immune_response","PSMD12","Immune_Regulation_Pathways"
"R_Adaptive_immune_response","PSMD13","Immune_Regulation_Pathways"
"R_Adaptive_immune_response","PSMD14","Immune_Regulation_Pathways"
"R_Adaptive_immune_response","PSMD2","Immune_Regulation_Pathways"
"R_Adaptive_immune_response","PSMD3","Immune_Regulation_Pathways"
"R_Adaptive_immune_response","PSMD4","Immune_Regulation_Pathways"
"R_Adaptive_immune_response","PSMD5","Immune_Regulation_Pathways"
"R_Adaptive_immune_response","PSMD6","Immune_Regulation_Pathways"
"R_Adaptive_immune_response","PSMD7","Immune_Regulation_Pathways"
"R_Adaptive_immune_response","PSMD8","Immune_Regulation_Pathways"
"R_Adaptive_immune_response","PSMD9","Immune_Regulation_Pathways"
"R_Adaptive_immune_response","PSME1","Immune_Regulation_Pathways"
"R_Adaptive_immune_response","PSME2","Immune_Regulation_Pathways"
"R_Adaptive_immune_response","PSME3","Immune_Regulation_Pathways"
"R_Adaptive_immune_response","PSME4","Immune_Regulation_Pathways"
"R_Adaptive_immune_response","PSMF1","Immune_Regulation_Pathways"
"R_Adaptive_immune_response","PTEN","Immune_Regulation_Pathways"
"R_Adaptive_immune_response","PTPN11","Immune_Regulation_Pathways"
"R_Adaptive_immune_response","PTPN22","Immune_Regulation_Pathways"
"R_Adaptive_immune_response","PTPN6","Immune_Regulation_Pathways"
"R_Adaptive_immune_response","PTPRC","Immune_Regulation_Pathways"
"R_Adaptive_immune_response","PTPRJ","Immune_Regulation_Pathways"
"R_Adaptive_immune_response","PVR","Immune_Regulation_Pathways"
"R_Adaptive_immune_response","RAB7A","Immune_Regulation_Pathways"
"R_Adaptive_immune_response","RAC1","Immune_Regulation_Pathways"
"R_Adaptive_immune_response","RACGAP1","Immune_Regulation_Pathways"
"R_Adaptive_immune_response","RAET1E","Immune_Regulation_Pathways"
"R_Adaptive_immune_response","RAF1","Immune_Regulation_Pathways"
"R_Adaptive_immune_response","RAP1A","Immune_Regulation_Pathways"
"R_Adaptive_immune_response","RAP1B","Immune_Regulation_Pathways"
"R_Adaptive_immune_response","RAP1GAP","Immune_Regulation_Pathways"
"R_Adaptive_immune_response","RAP1GAP2","Immune_Regulation_Pathways"
"R_Adaptive_immune_response","RAPGEF3","Immune_Regulation_Pathways"
"R_Adaptive_immune_response","RAPGEF4","Immune_Regulation_Pathways"
"R_Adaptive_immune_response","RASGRP1","Immune_Regulation_Pathways"
"R_Adaptive_immune_response","RASGRP2","Immune_Regulation_Pathways"
"R_Adaptive_immune_response","RASGRP3","Immune_Regulation_Pathways"
"R_Adaptive_immune_response","RBBP6","Immune_Regulation_Pathways"
"R_Adaptive_immune_response","RBCK1","Immune_Regulation_Pathways"
"R_Adaptive_immune_response","RBX1","Immune_Regulation_Pathways"
"R_Adaptive_immune_response","RCHY1","Immune_Regulation_Pathways"
"R_Adaptive_immune_response","REL","Immune_Regulation_Pathways"
"R_Adaptive_immune_response","RELA","Immune_Regulation_Pathways"
"R_Adaptive_immune_response","RICTOR","Immune_Regulation_Pathways"
"R_Adaptive_immune_response","RILP","Immune_Regulation_Pathways"
"R_Adaptive_immune_response","RIPK2","Immune_Regulation_Pathways"
"R_Adaptive_immune_response","RLIM","Immune_Regulation_Pathways"
"R_Adaptive_immune_response","RNF111","Immune_Regulation_Pathways"
"R_Adaptive_immune_response","RNF114","Immune_Regulation_Pathways"
"R_Adaptive_immune_response","RNF115","Immune_Regulation_Pathways"
"R_Adaptive_immune_response","RNF123","Immune_Regulation_Pathways"
"R_Adaptive_immune_response","RNF126","Immune_Regulation_Pathways"
"R_Adaptive_immune_response","RNF130","Immune_Regulation_Pathways"
"R_Adaptive_immune_response","RNF138","Immune_Regulation_Pathways"
"R_Adaptive_immune_response","RNF14","Immune_Regulation_Pathways"
"R_Adaptive_immune_response","RNF144B","Immune_Regulation_Pathways"
"R_Adaptive_immune_response","RNF182","Immune_Regulation_Pathways"
"R_Adaptive_immune_response","RNF19A","Immune_Regulation_Pathways"
"R_Adaptive_immune_response","RNF19B","Immune_Regulation_Pathways"
"R_Adaptive_immune_response","RNF213","Immune_Regulation_Pathways"
"R_Adaptive_immune_response","RNF217","Immune_Regulation_Pathways"
"R_Adaptive_immune_response","RNF220","Immune_Regulation_Pathways"
"R_Adaptive_immune_response","RNF25","Immune_Regulation_Pathways"
"R_Adaptive_immune_response","RNF34","Immune_Regulation_Pathways"
"R_Adaptive_immune_response","RNF4","Immune_Regulation_Pathways"
"R_Adaptive_immune_response","RNF41","Immune_Regulation_Pathways"
"R_Adaptive_immune_response","RNF6","Immune_Regulation_Pathways"
"R_Adaptive_immune_response","RNF7","Immune_Regulation_Pathways"
"R_Adaptive_immune_response","RPS27A","Immune_Regulation_Pathways"
"R_Adaptive_immune_response","S100A1","Immune_Regulation_Pathways"
"R_Adaptive_immune_response","S100A8","Immune_Regulation_Pathways"
"R_Adaptive_immune_response","S100A9","Immune_Regulation_Pathways"
"R_Adaptive_immune_response","SAR1B","Immune_Regulation_Pathways"
"R_Adaptive_immune_response","SEC13","Immune_Regulation_Pathways"
"R_Adaptive_immune_response","SEC22B","Immune_Regulation_Pathways"
"R_Adaptive_immune_response","SEC23A","Immune_Regulation_Pathways"
"R_Adaptive_immune_response","SEC24A","Immune_Regulation_Pathways"
"R_Adaptive_immune_response","SEC24B","Immune_Regulation_Pathways"
"R_Adaptive_immune_response","SEC24C","Immune_Regulation_Pathways"
"R_Adaptive_immune_response","SEC24D","Immune_Regulation_Pathways"
"R_Adaptive_immune_response","SEC31A","Immune_Regulation_Pathways"
"R_Adaptive_immune_response","SEC61A1","Immune_Regulation_Pathways"
"R_Adaptive_immune_response","SEC61A2","Immune_Regulation_Pathways"
"R_Adaptive_immune_response","SEC61B","Immune_Regulation_Pathways"
"R_Adaptive_immune_response","SEC61G","Immune_Regulation_Pathways"
"R_Adaptive_immune_response","SELL","Immune_Regulation_Pathways"
"R_Adaptive_immune_response","SEM1","Immune_Regulation_Pathways"
"R_Adaptive_immune_response","SFTPD","Immune_Regulation_Pathways"
"R_Adaptive_immune_response","SH2D1A","Immune_Regulation_Pathways"
"R_Adaptive_immune_response","SH2D1B","Immune_Regulation_Pathways"
"R_Adaptive_immune_response","SH3GL2","Immune_Regulation_Pathways"
"R_Adaptive_immune_response","SH3KBP1","Immune_Regulation_Pathways"
"R_Adaptive_immune_response","SH3RF1","Immune_Regulation_Pathways"
"R_Adaptive_immune_response","SIAH1","Immune_Regulation_Pathways"
"R_Adaptive_immune_response","SIAH2","Immune_Regulation_Pathways"
"R_Adaptive_immune_response","SIGLEC1","Immune_Regulation_Pathways"
"R_Adaptive_immune_response","SIGLEC10","Immune_Regulation_Pathways"
"R_Adaptive_immune_response","SIGLEC11","Immune_Regulation_Pathways"
"R_Adaptive_immune_response","SIGLEC12","Immune_Regulation_Pathways"
"R_Adaptive_immune_response","SIGLEC5","Immune_Regulation_Pathways"
"R_Adaptive_immune_response","SIGLEC6","Immune_Regulation_Pathways"
"R_Adaptive_immune_response","SIGLEC7","Immune_Regulation_Pathways"
"R_Adaptive_immune_response","SIGLEC8","Immune_Regulation_Pathways"
"R_Adaptive_immune_response","SIGLEC9","Immune_Regulation_Pathways"
"R_Adaptive_immune_response","SIPA1","Immune_Regulation_Pathways"
"R_Adaptive_immune_response","SKP1","Immune_Regulation_Pathways"
"R_Adaptive_immune_response","SKP2","Immune_Regulation_Pathways"
"R_Adaptive_immune_response","SLAMF6","Immune_Regulation_Pathways"
"R_Adaptive_immune_response","SLAMF7","Immune_Regulation_Pathways"
"R_Adaptive_immune_response","SMURF1","Immune_Regulation_Pathways"
"R_Adaptive_immune_response","SMURF2","Immune_Regulation_Pathways"
"R_Adaptive_immune_response","SNAP23","Immune_Regulation_Pathways"
"R_Adaptive_immune_response","SOCS1","Immune_Regulation_Pathways"
"R_Adaptive_immune_response","SOCS3","Immune_Regulation_Pathways"
"R_Adaptive_immune_response","SOS1","Immune_Regulation_Pathways"
"R_Adaptive_immune_response","SPSB1","Immune_Regulation_Pathways"
"R_Adaptive_immune_response","SPSB2","Immune_Regulation_Pathways"
"R_Adaptive_immune_response","SPSB4","Immune_Regulation_Pathways"
"R_Adaptive_immune_response","SPTBN2","Immune_Regulation_Pathways"
"R_Adaptive_immune_response","SRC","Immune_Regulation_Pathways"
"R_Adaptive_immune_response","STIM1","Immune_Regulation_Pathways"
"R_Adaptive_immune_response","STUB1","Immune_Regulation_Pathways"
"R_Adaptive_immune_response","STX4","Immune_Regulation_Pathways"
"R_Adaptive_immune_response","SYK","Immune_Regulation_Pathways"
"R_Adaptive_immune_response","TAB2","Immune_Regulation_Pathways"
"R_Adaptive_immune_response","TAP1","Immune_Regulation_Pathways"
"R_Adaptive_immune_response","TAP2","Immune_Regulation_Pathways"
"R_Adaptive_immune_response","TAPBP","Immune_Regulation_Pathways"
"R_Adaptive_immune_response","THEM4","Immune_Regulation_Pathways"
"R_Adaptive_immune_response","THOP1","Immune_Regulation_Pathways"
"R_Adaptive_immune_response","TIRAP","Immune_Regulation_Pathways"
"R_Adaptive_immune_response","TLR1","Immune_Regulation_Pathways"
"R_Adaptive_immune_response","TLR2","Immune_Regulation_Pathways"
"R_Adaptive_immune_response","TLR4","Immune_Regulation_Pathways"
"R_Adaptive_immune_response","TLR6","Immune_Regulation_Pathways"
"R_Adaptive_immune_response","TNFRSF14","Immune_Regulation_Pathways"
"R_Adaptive_immune_response","TPP2","Immune_Regulation_Pathways"
"R_Adaptive_immune_response","TRAF6","Immune_Regulation_Pathways"
"R_Adaptive_immune_response","TRAF7","Immune_Regulation_Pathways"
"R_Adaptive_immune_response","TRAIP","Immune_Regulation_Pathways"
"R_Adaptive_immune_response","TRAT1","Immune_Regulation_Pathways"
"R_Adaptive_immune_response","TRAV19","Immune_Regulation_Pathways"
"R_Adaptive_immune_response","TRAV29DV5","Immune_Regulation_Pathways"
"R_Adaptive_immune_response","TRAV8-4","Immune_Regulation_Pathways"
"R_Adaptive_immune_response","TRBV12-3","Immune_Regulation_Pathways"
"R_Adaptive_immune_response","TRBV7-9","Immune_Regulation_Pathways"
"R_Adaptive_immune_response","TREM1","Immune_Regulation_Pathways"
"R_Adaptive_immune_response","TREM2","Immune_Regulation_Pathways"
"R_Adaptive_immune_response","TREML1","Immune_Regulation_Pathways"
"R_Adaptive_immune_response","TREML2","Immune_Regulation_Pathways"
"R_Adaptive_immune_response","TREML4","Immune_Regulation_Pathways"
"R_Adaptive_immune_response","TRIB3","Immune_Regulation_Pathways"
"R_Adaptive_immune_response","TRIM11","Immune_Regulation_Pathways"
"R_Adaptive_immune_response","TRIM21","Immune_Regulation_Pathways"
"R_Adaptive_immune_response","TRIM32","Immune_Regulation_Pathways"
"R_Adaptive_immune_response","TRIM36","Immune_Regulation_Pathways"
"R_Adaptive_immune_response","TRIM37","Immune_Regulation_Pathways"
"R_Adaptive_immune_response","TRIM39","Immune_Regulation_Pathways"
"R_Adaptive_immune_response","TRIM4","Immune_Regulation_Pathways"
"R_Adaptive_immune_response","TRIM41","Immune_Regulation_Pathways"
"R_Adaptive_immune_response","TRIM50","Immune_Regulation_Pathways"
"R_Adaptive_immune_response","TRIM63","Immune_Regulation_Pathways"
"R_Adaptive_immune_response","TRIM69","Immune_Regulation_Pathways"
"R_Adaptive_immune_response","TRIM71","Immune_Regulation_Pathways"
"R_Adaptive_immune_response","TRIM9","Immune_Regulation_Pathways"
"R_Adaptive_immune_response","TRIP12","Immune_Regulation_Pathways"
"R_Adaptive_immune_response","TRPC1","Immune_Regulation_Pathways"
"R_Adaptive_immune_response","TUBA1A","Immune_Regulation_Pathways"
"R_Adaptive_immune_response","TUBA1B","Immune_Regulation_Pathways"
"R_Adaptive_immune_response","TUBA1C","Immune_Regulation_Pathways"
"R_Adaptive_immune_response","TUBA3C","Immune_Regulation_Pathways"
"R_Adaptive_immune_response","TUBA3D","Immune_Regulation_Pathways"
"R_Adaptive_immune_response","TUBA3E","Immune_Regulation_Pathways"
"R_Adaptive_immune_response","TUBA4A","Immune_Regulation_Pathways"
"R_Adaptive_immune_response","TUBA4B","Immune_Regulation_Pathways"
"R_Adaptive_immune_response","TUBA8","Immune_Regulation_Pathways"
"R_Adaptive_immune_response","TUBAL3","Immune_Regulation_Pathways"
"R_Adaptive_immune_response","TUBB1","Immune_Regulation_Pathways"
"R_Adaptive_immune_response","TUBB2A","Immune_Regulation_Pathways"
"R_Adaptive_immune_response","TUBB2B","Immune_Regulation_Pathways"
"R_Adaptive_immune_response","TUBB3","Immune_Regulation_Pathways"
"R_Adaptive_immune_response","TUBB4A","Immune_Regulation_Pathways"
"R_Adaptive_immune_response","TUBB4B","Immune_Regulation_Pathways"
"R_Adaptive_immune_response","TUBB6","Immune_Regulation_Pathways"
"R_Adaptive_immune_response","TUBB8","Immune_Regulation_Pathways"
"R_Adaptive_immune_response","TUBB8B","Immune_Regulation_Pathways"
"R_Adaptive_immune_response","TYROBP","Immune_Regulation_Pathways"
"R_Adaptive_immune_response","UBA1","Immune_Regulation_Pathways"
"R_Adaptive_immune_response","UBA3","Immune_Regulation_Pathways"
"R_Adaptive_immune_response","UBA5","Immune_Regulation_Pathways"
"R_Adaptive_immune_response","UBA52","Immune_Regulation_Pathways"
"R_Adaptive_immune_response","UBA6","Immune_Regulation_Pathways"
"R_Adaptive_immune_response","UBA7","Immune_Regulation_Pathways"
"R_Adaptive_immune_response","UBAC1","Immune_Regulation_Pathways"
"R_Adaptive_immune_response","UBB","Immune_Regulation_Pathways"
"R_Adaptive_immune_response","UBC","Immune_Regulation_Pathways"
"R_Adaptive_immune_response","UBE2A","Immune_Regulation_Pathways"
"R_Adaptive_immune_response","UBE2B","Immune_Regulation_Pathways"
"R_Adaptive_immune_response","UBE2C","Immune_Regulation_Pathways"
"R_Adaptive_immune_response","UBE2D1","Immune_Regulation_Pathways"
"R_Adaptive_immune_response","UBE2D2","Immune_Regulation_Pathways"
"R_Adaptive_immune_response","UBE2D3","Immune_Regulation_Pathways"
"R_Adaptive_immune_response","UBE2D4","Immune_Regulation_Pathways"
"R_Adaptive_immune_response","UBE2E1","Immune_Regulation_Pathways"
"R_Adaptive_immune_response","UBE2E2","Immune_Regulation_Pathways"
"R_Adaptive_immune_response","UBE2E3","Immune_Regulation_Pathways"
"R_Adaptive_immune_response","UBE2F","Immune_Regulation_Pathways"
"R_Adaptive_immune_response","UBE2G1","Immune_Regulation_Pathways"
"R_Adaptive_immune_response","UBE2G2","Immune_Regulation_Pathways"
"R_Adaptive_immune_response","UBE2H","Immune_Regulation_Pathways"
"R_Adaptive_immune_response","UBE2J1","Immune_Regulation_Pathways"
"R_Adaptive_immune_response","UBE2J2","Immune_Regulation_Pathways"
"R_Adaptive_immune_response","UBE2K","Immune_Regulation_Pathways"
"R_Adaptive_immune_response","UBE2L3","Immune_Regulation_Pathways"
"R_Adaptive_immune_response","UBE2L6","Immune_Regulation_Pathways"
"R_Adaptive_immune_response","UBE2M","Immune_Regulation_Pathways"
"R_Adaptive_immune_response","UBE2N","Immune_Regulation_Pathways"
"R_Adaptive_immune_response","UBE2O","Immune_Regulation_Pathways"
"R_Adaptive_immune_response","UBE2Q1","Immune_Regulation_Pathways"
"R_Adaptive_immune_response","UBE2Q2","Immune_Regulation_Pathways"
"R_Adaptive_immune_response","UBE2R2","Immune_Regulation_Pathways"
"R_Adaptive_immune_response","UBE2S","Immune_Regulation_Pathways"
"R_Adaptive_immune_response","UBE2U","Immune_Regulation_Pathways"
"R_Adaptive_immune_response","UBE2V1","Immune_Regulation_Pathways"
"R_Adaptive_immune_response","UBE2V2","Immune_Regulation_Pathways"
"R_Adaptive_immune_response","UBE2W","Immune_Regulation_Pathways"
"R_Adaptive_immune_response","UBE2Z","Immune_Regulation_Pathways"
"R_Adaptive_immune_response","UBE3A","Immune_Regulation_Pathways"
"R_Adaptive_immune_response","UBE3B","Immune_Regulation_Pathways"
"R_Adaptive_immune_response","UBE3C","Immune_Regulation_Pathways"
"R_Adaptive_immune_response","UBE3D","Immune_Regulation_Pathways"
"R_Adaptive_immune_response","UBE4A","Immune_Regulation_Pathways"
"R_Adaptive_immune_response","UBOX5","Immune_Regulation_Pathways"
"R_Adaptive_immune_response","UBR1","Immune_Regulation_Pathways"
"R_Adaptive_immune_response","UBR2","Immune_Regulation_Pathways"
"R_Adaptive_immune_response","UBR4","Immune_Regulation_Pathways"
"R_Adaptive_immune_response","UFL1","Immune_Regulation_Pathways"
"R_Adaptive_immune_response","ULBP1","Immune_Regulation_Pathways"
"R_Adaptive_immune_response","ULBP3","Immune_Regulation_Pathways"
"R_Adaptive_immune_response","UNKL","Immune_Regulation_Pathways"
"R_Adaptive_immune_response","VAMP3","Immune_Regulation_Pathways"
"R_Adaptive_immune_response","VAMP8","Immune_Regulation_Pathways"
"R_Adaptive_immune_response","VASP","Immune_Regulation_Pathways"
"R_Adaptive_immune_response","VAV1","Immune_Regulation_Pathways"
"R_Adaptive_immune_response","VCAM1","Immune_Regulation_Pathways"
"R_Adaptive_immune_response","VHL","Immune_Regulation_Pathways"
"R_Adaptive_immune_response","WAS","Immune_Regulation_Pathways"
"R_Adaptive_immune_response","WSB1","Immune_Regulation_Pathways"
"R_Adaptive_immune_response","WWP1","Immune_Regulation_Pathways"
"R_Adaptive_immune_response","XDH","Immune_Regulation_Pathways"
"R_Adaptive_immune_response","YES1","Immune_Regulation_Pathways"
"R_Adaptive_immune_response","YWHAB","Immune_Regulation_Pathways"
"R_Adaptive_immune_response","YWHAZ","Immune_Regulation_Pathways"
"R_Adaptive_immune_response","ZAP70","Immune_Regulation_Pathways"
"R_Adaptive_immune_response","ZBTB16","Immune_Regulation_Pathways"
"R_Adaptive_immune_response","ZNRF1","Immune_Regulation_Pathways"
"R_Adaptive_immune_response","ZNRF2","Immune_Regulation_Pathways"
"R_Alternative_pathway","C3","Immune_Regulation_Pathways"
"R_Alternative_pathway","CFB","Immune_Regulation_Pathways"
"R_Alternative_pathway","CFD","Immune_Regulation_Pathways"
"R_Alternative_pathway","CFP","Immune_Regulation_Pathways"
"R_Alternative_pathway","GZMM","Immune_Regulation_Pathways"
"R_Complement_cascade","C1QA",NA
"R_Complement_cascade","C1QB",NA
"R_Complement_cascade","C1QC",NA
"R_Complement_cascade","C1R",NA
"R_Complement_cascade","C1S",NA
"R_Complement_cascade","C2",NA
"R_Complement_cascade","C3",NA
"R_Complement_cascade","C3AR1",NA
"R_Complement_cascade","C4A",NA
"R_Complement_cascade","C4B",NA
"R_Complement_cascade","C4BPA",NA
"R_Complement_cascade","C4BPB",NA
"R_Complement_cascade","C4B_2",NA
"R_Complement_cascade","C5",NA
"R_Complement_cascade","C5AR1",NA
"R_Complement_cascade","C5AR2",NA
"R_Complement_cascade","C6",NA
"R_Complement_cascade","C7",NA
"R_Complement_cascade","C8A",NA
"R_Complement_cascade","C8B",NA
"R_Complement_cascade","C8G",NA
"R_Complement_cascade","C9",NA
"R_Complement_cascade","CD19",NA
"R_Complement_cascade","CD46",NA
"R_Complement_cascade","CD55",NA
"R_Complement_cascade","CD59",NA
"R_Complement_cascade","CD81",NA
"R_Complement_cascade","CFB",NA
"R_Complement_cascade","CFD",NA
"R_Complement_cascade","CFH",NA
"R_Complement_cascade","CFHR1",NA
"R_Complement_cascade","CFHR2",NA
"R_Complement_cascade","CFHR3",NA
"R_Complement_cascade","CFHR4",NA
"R_Complement_cascade","CFHR5",NA
"R_Complement_cascade","CFI",NA
"R_Complement_cascade","CFP",NA
"R_Complement_cascade","CLU",NA
"R_Complement_cascade","COLEC10",NA
"R_Complement_cascade","COLEC11",NA
"R_Complement_cascade","CPB2",NA
"R_Complement_cascade","CPN1",NA
"R_Complement_cascade","CPN2",NA
"R_Complement_cascade","CR1",NA
"R_Complement_cascade","CR2",NA
"R_Complement_cascade","CRP",NA
"R_Complement_cascade","ELANE",NA
"R_Complement_cascade","F2",NA
"R_Complement_cascade","FCN1",NA
"R_Complement_cascade","FCN2",NA
"R_Complement_cascade","FCN3",NA
"R_Complement_cascade","GZMM",NA
"R_Complement_cascade","IGHG1",NA
"R_Complement_cascade","IGHG2",NA
"R_Complement_cascade","IGHG4",NA
"R_Complement_cascade","IGHV1-2",NA
"R_Complement_cascade","IGHV1-46",NA
"R_Complement_cascade","IGHV1-69",NA
"R_Complement_cascade","IGHV2-5",NA
"R_Complement_cascade","IGHV2-70",NA
"R_Complement_cascade","IGHV3-11",NA
"R_Complement_cascade","IGHV3-13",NA
"R_Complement_cascade","IGHV3-23",NA
"R_Complement_cascade","IGHV3-30",NA
"R_Complement_cascade","IGHV3-33",NA
"R_Complement_cascade","IGHV3-48",NA
"R_Complement_cascade","IGHV3-53",NA
"R_Complement_cascade","IGHV3-7",NA
"R_Complement_cascade","IGHV4-34",NA
"R_Complement_cascade","IGHV4-39",NA
"R_Complement_cascade","IGHV4-59",NA
"R_Complement_cascade","IGKV1-12",NA
"R_Complement_cascade","IGKV1-16",NA
"R_Complement_cascade","IGKV1-17",NA
"R_Complement_cascade","IGKV1-33",NA
"R_Complement_cascade","IGKV1-39",NA
"R_Complement_cascade","IGKV1-5",NA
"R_Complement_cascade","IGKV1D-12",NA
"R_Complement_cascade","IGKV1D-16",NA
"R_Complement_cascade","IGKV1D-33",NA
"R_Complement_cascade","IGKV1D-39",NA
"R_Complement_cascade","IGKV2-28",NA
"R_Complement_cascade","IGKV2-30",NA
"R_Complement_cascade","IGKV2D-28",NA
"R_Complement_cascade","IGKV2D-30",NA
"R_Complement_cascade","IGKV2D-40",NA
"R_Complement_cascade","IGKV3-11",NA
"R_Complement_cascade","IGKV3-15",NA
"R_Complement_cascade","IGKV3-20",NA
"R_Complement_cascade","IGKV3D-20",NA
"R_Complement_cascade","IGKV4-1",NA
"R_Complement_cascade","IGKV5-2",NA
"R_Complement_cascade","IGLC2",NA
"R_Complement_cascade","IGLC3",NA
"R_Complement_cascade","IGLV1-40",NA
"R_Complement_cascade","IGLV1-44",NA
"R_Complement_cascade","IGLV1-47",NA
"R_Complement_cascade","IGLV1-51",NA
"R_Complement_cascade","IGLV2-11",NA
"R_Complement_cascade","IGLV2-14",NA
"R_Complement_cascade","IGLV2-23",NA
"R_Complement_cascade","IGLV2-8",NA
"R_Complement_cascade","IGLV3-1",NA
"R_Complement_cascade","IGLV3-19",NA
"R_Complement_cascade","IGLV3-21",NA
"R_Complement_cascade","IGLV3-25",NA
"R_Complement_cascade","IGLV3-27",NA
"R_Complement_cascade","IGLV6-57",NA
"R_Complement_cascade","IGLV7-43",NA
"R_Complement_cascade","MASP1",NA
"R_Complement_cascade","MASP2",NA
"R_Complement_cascade","MBL2",NA
"R_Complement_cascade","PROS1",NA
"R_Complement_cascade","SERPING1",NA
"R_Complement_cascade","VTN",NA
"R_Cytokine_signaling","AAAS","Immune_Regulation_Pathways"
"R_Cytokine_signaling","ABCE1","Immune_Regulation_Pathways"
"R_Cytokine_signaling","ABL2","Immune_Regulation_Pathways"
"R_Cytokine_signaling","ADAM17","Immune_Regulation_Pathways"
"R_Cytokine_signaling","ADAR","Immune_Regulation_Pathways"
"R_Cytokine_signaling","AGER","Immune_Regulation_Pathways"
"R_Cytokine_signaling","AIP","Immune_Regulation_Pathways"
"R_Cytokine_signaling","AKT1","Immune_Regulation_Pathways"
"R_Cytokine_signaling","AKT2","Immune_Regulation_Pathways"
"R_Cytokine_signaling","AKT3","Immune_Regulation_Pathways"
"R_Cytokine_signaling","ALOX15","Immune_Regulation_Pathways"
"R_Cytokine_signaling","ALOX5","Immune_Regulation_Pathways"
"R_Cytokine_signaling","ANXA1","Immune_Regulation_Pathways"
"R_Cytokine_signaling","ANXA2","Immune_Regulation_Pathways"
"R_Cytokine_signaling","APP","Immune_Regulation_Pathways"
"R_Cytokine_signaling","ARF1","Immune_Regulation_Pathways"
"R_Cytokine_signaling","ARIH1","Immune_Regulation_Pathways"
"R_Cytokine_signaling","ATF1","Immune_Regulation_Pathways"
"R_Cytokine_signaling","ATF2","Immune_Regulation_Pathways"
"R_Cytokine_signaling","B2M","Immune_Regulation_Pathways"
"R_Cytokine_signaling","BATF","Immune_Regulation_Pathways"
"R_Cytokine_signaling","BCL2","Immune_Regulation_Pathways"
"R_Cytokine_signaling","BCL2L1","Immune_Regulation_Pathways"
"R_Cytokine_signaling","BCL2L11","Immune_Regulation_Pathways"
"R_Cytokine_signaling","BCL6","Immune_Regulation_Pathways"
"R_Cytokine_signaling","BIRC2","Immune_Regulation_Pathways"
"R_Cytokine_signaling","BIRC3","Immune_Regulation_Pathways"
"R_Cytokine_signaling","BIRC5","Immune_Regulation_Pathways"
"R_Cytokine_signaling","BLNK","Immune_Regulation_Pathways"
"R_Cytokine_signaling","BOLA2","Immune_Regulation_Pathways"
"R_Cytokine_signaling","BOLA2B","Immune_Regulation_Pathways"
"R_Cytokine_signaling","BRWD1","Immune_Regulation_Pathways"
"R_Cytokine_signaling","BST2","Immune_Regulation_Pathways"
"R_Cytokine_signaling","BTRC","Immune_Regulation_Pathways"
"R_Cytokine_signaling","CA1","Immune_Regulation_Pathways"
"R_Cytokine_signaling","CAMK2A","Immune_Regulation_Pathways"
"R_Cytokine_signaling","CAMK2B","Immune_Regulation_Pathways"
"R_Cytokine_signaling","CAMK2D","Immune_Regulation_Pathways"
"R_Cytokine_signaling","CAMK2G","Immune_Regulation_Pathways"
"R_Cytokine_signaling","CANX","Immune_Regulation_Pathways"
"R_Cytokine_signaling","CAPZA1","Immune_Regulation_Pathways"
"R_Cytokine_signaling","CASP1","Immune_Regulation_Pathways"
"R_Cytokine_signaling","CASP3","Immune_Regulation_Pathways"
"R_Cytokine_signaling","CBL","Immune_Regulation_Pathways"
"R_Cytokine_signaling","CCL11","Immune_Regulation_Pathways"
"R_Cytokine_signaling","CCL19","Immune_Regulation_Pathways"
"R_Cytokine_signaling","CCL2","Immune_Regulation_Pathways"
"R_Cytokine_signaling","CCL20","Immune_Regulation_Pathways"
"R_Cytokine_signaling","CCL22","Immune_Regulation_Pathways"
"R_Cytokine_signaling","CCL3","Immune_Regulation_Pathways"
"R_Cytokine_signaling","CCL3L1","Immune_Regulation_Pathways"
"R_Cytokine_signaling","CCL3L3","Immune_Regulation_Pathways"
"R_Cytokine_signaling","CCL4","Immune_Regulation_Pathways"
"R_Cytokine_signaling","CCL5","Immune_Regulation_Pathways"
"R_Cytokine_signaling","CCND1","Immune_Regulation_Pathways"
"R_Cytokine_signaling","CCR1","Immune_Regulation_Pathways"
"R_Cytokine_signaling","CCR2","Immune_Regulation_Pathways"
"R_Cytokine_signaling","CCR5","Immune_Regulation_Pathways"
"R_Cytokine_signaling","CD27","Immune_Regulation_Pathways"
"R_Cytokine_signaling","CD36","Immune_Regulation_Pathways"
"R_Cytokine_signaling","CD4","Immune_Regulation_Pathways"
"R_Cytokine_signaling","CD40","Immune_Regulation_Pathways"
"R_Cytokine_signaling","CD40LG","Immune_Regulation_Pathways"
"R_Cytokine_signaling","CD44","Immune_Regulation_Pathways"
"R_Cytokine_signaling","CD70","Immune_Regulation_Pathways"
"R_Cytokine_signaling","CD80","Immune_Regulation_Pathways"
"R_Cytokine_signaling","CD86","Immune_Regulation_Pathways"
"R_Cytokine_signaling","CDC42","Immune_Regulation_Pathways"
"R_Cytokine_signaling","CDKN1A","Immune_Regulation_Pathways"
"R_Cytokine_signaling","CDKN1B","Immune_Regulation_Pathways"
"R_Cytokine_signaling","CEBPD","Immune_Regulation_Pathways"
"R_Cytokine_signaling","CFL1","Immune_Regulation_Pathways"
"R_Cytokine_signaling","CHUK","Immune_Regulation_Pathways"
"R_Cytokine_signaling","CIITA","Immune_Regulation_Pathways"
"R_Cytokine_signaling","CISH","Immune_Regulation_Pathways"
"R_Cytokine_signaling","CLCF1","Immune_Regulation_Pathways"
"R_Cytokine_signaling","CNN2","Immune_Regulation_Pathways"
"R_Cytokine_signaling","CNTF","Immune_Regulation_Pathways"
"R_Cytokine_signaling","CNTFR","Immune_Regulation_Pathways"
"R_Cytokine_signaling","COL1A2","Immune_Regulation_Pathways"
"R_Cytokine_signaling","CREB1","Immune_Regulation_Pathways"
"R_Cytokine_signaling","CRK","Immune_Regulation_Pathways"
"R_Cytokine_signaling","CRKL","Immune_Regulation_Pathways"
"R_Cytokine_signaling","CRLF1","Immune_Regulation_Pathways"
"R_Cytokine_signaling","CRLF2","Immune_Regulation_Pathways"
"R_Cytokine_signaling","CSF1","Immune_Regulation_Pathways"
"R_Cytokine_signaling","CSF1R","Immune_Regulation_Pathways"
"R_Cytokine_signaling","CSF2","Immune_Regulation_Pathways"
"R_Cytokine_signaling","CSF2RA","Immune_Regulation_Pathways"
"R_Cytokine_signaling","CSF2RB","Immune_Regulation_Pathways"
"R_Cytokine_signaling","CSF3","Immune_Regulation_Pathways"
"R_Cytokine_signaling","CSF3R","Immune_Regulation_Pathways"
"R_Cytokine_signaling","CSH1","Immune_Regulation_Pathways"
"R_Cytokine_signaling","CSK","Immune_Regulation_Pathways"
"R_Cytokine_signaling","CTF1","Immune_Regulation_Pathways"
"R_Cytokine_signaling","CTSG","Immune_Regulation_Pathways"
"R_Cytokine_signaling","CUL1","Immune_Regulation_Pathways"
"R_Cytokine_signaling","CUL5","Immune_Regulation_Pathways"
"R_Cytokine_signaling","CXCL1","Immune_Regulation_Pathways"
"R_Cytokine_signaling","CXCL10","Immune_Regulation_Pathways"
"R_Cytokine_signaling","CXCL2","Immune_Regulation_Pathways"
"R_Cytokine_signaling","CXCL8","Immune_Regulation_Pathways"
"R_Cytokine_signaling","DDX58","Immune_Regulation_Pathways"
"R_Cytokine_signaling","DUSP3","Immune_Regulation_Pathways"
"R_Cytokine_signaling","DUSP4","Immune_Regulation_Pathways"
"R_Cytokine_signaling","DUSP6","Immune_Regulation_Pathways"
"R_Cytokine_signaling","DUSP7","Immune_Regulation_Pathways"
"R_Cytokine_signaling","EBI3","Immune_Regulation_Pathways"
"R_Cytokine_signaling","EDA","Immune_Regulation_Pathways"
"R_Cytokine_signaling","EDA2R","Immune_Regulation_Pathways"
"R_Cytokine_signaling","EDAR","Immune_Regulation_Pathways"
"R_Cytokine_signaling","EDARADD","Immune_Regulation_Pathways"
"R_Cytokine_signaling","EGR1","Immune_Regulation_Pathways"
"R_Cytokine_signaling","EIF2AK2","Immune_Regulation_Pathways"
"R_Cytokine_signaling","EIF4A1","Immune_Regulation_Pathways"
"R_Cytokine_signaling","EIF4A2","Immune_Regulation_Pathways"
"R_Cytokine_signaling","EIF4A3","Immune_Regulation_Pathways"
"R_Cytokine_signaling","EIF4E","Immune_Regulation_Pathways"
"R_Cytokine_signaling","EIF4E2","Immune_Regulation_Pathways"
"R_Cytokine_signaling","EIF4E3","Immune_Regulation_Pathways"
"R_Cytokine_signaling","EIF4G1","Immune_Regulation_Pathways"
"R_Cytokine_signaling","EIF4G2","Immune_Regulation_Pathways"
"R_Cytokine_signaling","EIF4G3","Immune_Regulation_Pathways"
"R_Cytokine_signaling","ELK1","Immune_Regulation_Pathways"
"R_Cytokine_signaling","ELOB","Immune_Regulation_Pathways"
"R_Cytokine_signaling","ELOC","Immune_Regulation_Pathways"
"R_Cytokine_signaling","F13A1","Immune_Regulation_Pathways"
"R_Cytokine_signaling","FASLG","Immune_Regulation_Pathways"
"R_Cytokine_signaling","FBXW11","Immune_Regulation_Pathways"
"R_Cytokine_signaling","FCER2","Immune_Regulation_Pathways"
"R_Cytokine_signaling","FCGR1A","Immune_Regulation_Pathways"
"R_Cytokine_signaling","FCGR1B","Immune_Regulation_Pathways"
"R_Cytokine_signaling","FGF2","Immune_Regulation_Pathways"
"R_Cytokine_signaling","FLNA","Immune_Regulation_Pathways"
"R_Cytokine_signaling","FLNB","Immune_Regulation_Pathways"
"R_Cytokine_signaling","FLT3","Immune_Regulation_Pathways"
"R_Cytokine_signaling","FLT3LG","Immune_Regulation_Pathways"
"R_Cytokine_signaling","FN1","Immune_Regulation_Pathways"
"R_Cytokine_signaling","FOS","Immune_Regulation_Pathways"
"R_Cytokine_signaling","FOXO1","Immune_Regulation_Pathways"
"R_Cytokine_signaling","FOXO3","Immune_Regulation_Pathways"
"R_Cytokine_signaling","FPR1","Immune_Regulation_Pathways"
"R_Cytokine_signaling","FSCN1","Immune_Regulation_Pathways"
"R_Cytokine_signaling","FYN","Immune_Regulation_Pathways"
"R_Cytokine_signaling","GAB2","Immune_Regulation_Pathways"
"R_Cytokine_signaling","GATA3","Immune_Regulation_Pathways"
"R_Cytokine_signaling","GBP1","Immune_Regulation_Pathways"
"R_Cytokine_signaling","GBP2","Immune_Regulation_Pathways"
"R_Cytokine_signaling","GBP3","Immune_Regulation_Pathways"
"R_Cytokine_signaling","GBP4","Immune_Regulation_Pathways"
"R_Cytokine_signaling","GBP5","Immune_Regulation_Pathways"
"R_Cytokine_signaling","GBP6","Immune_Regulation_Pathways"
"R_Cytokine_signaling","GBP7","Immune_Regulation_Pathways"
"R_Cytokine_signaling","GH1","Immune_Regulation_Pathways"
"R_Cytokine_signaling","GH2","Immune_Regulation_Pathways"
"R_Cytokine_signaling","GHR","Immune_Regulation_Pathways"
"R_Cytokine_signaling","GRAP2","Immune_Regulation_Pathways"
"R_Cytokine_signaling","GRB10","Immune_Regulation_Pathways"
"R_Cytokine_signaling","GRB2","Immune_Regulation_Pathways"
"R_Cytokine_signaling","GSDMD","Immune_Regulation_Pathways"
"R_Cytokine_signaling","GSTA2","Immune_Regulation_Pathways"
"R_Cytokine_signaling","GSTO1","Immune_Regulation_Pathways"
"R_Cytokine_signaling","H3C1","Immune_Regulation_Pathways"
"R_Cytokine_signaling","H3C10","Immune_Regulation_Pathways"
"R_Cytokine_signaling","H3C11","Immune_Regulation_Pathways"
"R_Cytokine_signaling","H3C12","Immune_Regulation_Pathways"
"R_Cytokine_signaling","H3C13","Immune_Regulation_Pathways"
"R_Cytokine_signaling","H3C14","Immune_Regulation_Pathways"
"R_Cytokine_signaling","H3C15","Immune_Regulation_Pathways"
"R_Cytokine_signaling","H3C2","Immune_Regulation_Pathways"
"R_Cytokine_signaling","H3C3","Immune_Regulation_Pathways"
"R_Cytokine_signaling","H3C4","Immune_Regulation_Pathways"
"R_Cytokine_signaling","H3C6","Immune_Regulation_Pathways"
"R_Cytokine_signaling","H3C7","Immune_Regulation_Pathways"
"R_Cytokine_signaling","H3C8","Immune_Regulation_Pathways"
"R_Cytokine_signaling","HAVCR2","Immune_Regulation_Pathways"
"R_Cytokine_signaling","HCK","Immune_Regulation_Pathways"
"R_Cytokine_signaling","HERC5","Immune_Regulation_Pathways"
"R_Cytokine_signaling","HGF","Immune_Regulation_Pathways"
"R_Cytokine_signaling","HIF1A","Immune_Regulation_Pathways"
"R_Cytokine_signaling","HLA-A","Immune_Regulation_Pathways"
"R_Cytokine_signaling","HLA-B","Immune_Regulation_Pathways"
"R_Cytokine_signaling","HLA-C","Immune_Regulation_Pathways"
"R_Cytokine_signaling","HLA-DPA1","Immune_Regulation_Pathways"
"R_Cytokine_signaling","HLA-DPB1","Immune_Regulation_Pathways"
"R_Cytokine_signaling","HLA-DQA1","Immune_Regulation_Pathways"
"R_Cytokine_signaling","HLA-DQA2","Immune_Regulation_Pathways"
"R_Cytokine_signaling","HLA-DQB1","Immune_Regulation_Pathways"
"R_Cytokine_signaling","HLA-DQB2","Immune_Regulation_Pathways"
"R_Cytokine_signaling","HLA-DRA","Immune_Regulation_Pathways"
"R_Cytokine_signaling","HLA-DRB1","Immune_Regulation_Pathways"
"R_Cytokine_signaling","HLA-DRB3","Immune_Regulation_Pathways"
"R_Cytokine_signaling","HLA-DRB4","Immune_Regulation_Pathways"
"R_Cytokine_signaling","HLA-DRB5","Immune_Regulation_Pathways"
"R_Cytokine_signaling","HLA-E","Immune_Regulation_Pathways"
"R_Cytokine_signaling","HLA-F","Immune_Regulation_Pathways"
"R_Cytokine_signaling","HLA-G","Immune_Regulation_Pathways"
"R_Cytokine_signaling","HLA-H","Immune_Regulation_Pathways"
"R_Cytokine_signaling","HMGB1","Immune_Regulation_Pathways"
"R_Cytokine_signaling","HMOX1","Immune_Regulation_Pathways"
"R_Cytokine_signaling","HNRNPA2B1","Immune_Regulation_Pathways"
"R_Cytokine_signaling","HNRNPDL","Immune_Regulation_Pathways"
"R_Cytokine_signaling","HNRNPF","Immune_Regulation_Pathways"
"R_Cytokine_signaling","HRAS","Immune_Regulation_Pathways"
"R_Cytokine_signaling","HSP90AA1","Immune_Regulation_Pathways"
"R_Cytokine_signaling","HSP90B1","Immune_Regulation_Pathways"
"R_Cytokine_signaling","HSPA8","Immune_Regulation_Pathways"
"R_Cytokine_signaling","HSPA9","Immune_Regulation_Pathways"
"R_Cytokine_signaling","ICAM1","Immune_Regulation_Pathways"
"R_Cytokine_signaling","IFI27","Immune_Regulation_Pathways"
"R_Cytokine_signaling","IFI30","Immune_Regulation_Pathways"
"R_Cytokine_signaling","IFI35","Immune_Regulation_Pathways"
"R_Cytokine_signaling","IFI6","Immune_Regulation_Pathways"
"R_Cytokine_signaling","IFIT1","Immune_Regulation_Pathways"
"R_Cytokine_signaling","IFIT2","Immune_Regulation_Pathways"
"R_Cytokine_signaling","IFIT3","Immune_Regulation_Pathways"
"R_Cytokine_signaling","IFIT5","Immune_Regulation_Pathways"
"R_Cytokine_signaling","IFITM1","Immune_Regulation_Pathways"
"R_Cytokine_signaling","IFITM2","Immune_Regulation_Pathways"
"R_Cytokine_signaling","IFITM3","Immune_Regulation_Pathways"
"R_Cytokine_signaling","IFNA1","Immune_Regulation_Pathways"
"R_Cytokine_signaling","IFNA10","Immune_Regulation_Pathways"
"R_Cytokine_signaling","IFNA13","Immune_Regulation_Pathways"
"R_Cytokine_signaling","IFNA14","Immune_Regulation_Pathways"
"R_Cytokine_signaling","IFNA16","Immune_Regulation_Pathways"
"R_Cytokine_signaling","IFNA17","Immune_Regulation_Pathways"
"R_Cytokine_signaling","IFNA2","Immune_Regulation_Pathways"
"R_Cytokine_signaling","IFNA21","Immune_Regulation_Pathways"
"R_Cytokine_signaling","IFNA4","Immune_Regulation_Pathways"
"R_Cytokine_signaling","IFNA5","Immune_Regulation_Pathways"
"R_Cytokine_signaling","IFNA6","Immune_Regulation_Pathways"
"R_Cytokine_signaling","IFNA7","Immune_Regulation_Pathways"
"R_Cytokine_signaling","IFNA8","Immune_Regulation_Pathways"
"R_Cytokine_signaling","IFNAR1","Immune_Regulation_Pathways"
"R_Cytokine_signaling","IFNAR2","Immune_Regulation_Pathways"
"R_Cytokine_signaling","IFNB1","Immune_Regulation_Pathways"
"R_Cytokine_signaling","IFNG","Immune_Regulation_Pathways"
"R_Cytokine_signaling","IFNGR1","Immune_Regulation_Pathways"
"R_Cytokine_signaling","IFNGR2","Immune_Regulation_Pathways"
"R_Cytokine_signaling","IFNL1","Immune_Regulation_Pathways"
"R_Cytokine_signaling","IFNL2","Immune_Regulation_Pathways"
"R_Cytokine_signaling","IFNL3","Immune_Regulation_Pathways"
"R_Cytokine_signaling","IFNLR1","Immune_Regulation_Pathways"
"R_Cytokine_signaling","IGHE","Immune_Regulation_Pathways"
"R_Cytokine_signaling","IGHG1","Immune_Regulation_Pathways"
"R_Cytokine_signaling","IGHG4","Immune_Regulation_Pathways"
"R_Cytokine_signaling","IKBKB","Immune_Regulation_Pathways"
"R_Cytokine_signaling","IKBKG","Immune_Regulation_Pathways"
"R_Cytokine_signaling","IL10","Immune_Regulation_Pathways"
"R_Cytokine_signaling","IL10RA","Immune_Regulation_Pathways"
"R_Cytokine_signaling","IL10RB","Immune_Regulation_Pathways"
"R_Cytokine_signaling","IL11","Immune_Regulation_Pathways"
"R_Cytokine_signaling","IL11RA","Immune_Regulation_Pathways"
"R_Cytokine_signaling","IL12A","Immune_Regulation_Pathways"
"R_Cytokine_signaling","IL12B","Immune_Regulation_Pathways"
"R_Cytokine_signaling","IL12RB1","Immune_Regulation_Pathways"
"R_Cytokine_signaling","IL12RB2","Immune_Regulation_Pathways"
"R_Cytokine_signaling","IL13","Immune_Regulation_Pathways"
"R_Cytokine_signaling","IL13RA1","Immune_Regulation_Pathways"
"R_Cytokine_signaling","IL13RA2","Immune_Regulation_Pathways"
"R_Cytokine_signaling","IL15","Immune_Regulation_Pathways"
"R_Cytokine_signaling","IL15RA","Immune_Regulation_Pathways"
"R_Cytokine_signaling","IL16","Immune_Regulation_Pathways"
"R_Cytokine_signaling","IL17A","Immune_Regulation_Pathways"
"R_Cytokine_signaling","IL17C","Immune_Regulation_Pathways"
"R_Cytokine_signaling","IL17F","Immune_Regulation_Pathways"
"R_Cytokine_signaling","IL17RA","Immune_Regulation_Pathways"
"R_Cytokine_signaling","IL17RB","Immune_Regulation_Pathways"
"R_Cytokine_signaling","IL17RC","Immune_Regulation_Pathways"
"R_Cytokine_signaling","IL17RE","Immune_Regulation_Pathways"
"R_Cytokine_signaling","IL18","Immune_Regulation_Pathways"
"R_Cytokine_signaling","IL18BP","Immune_Regulation_Pathways"
"R_Cytokine_signaling","IL18R1","Immune_Regulation_Pathways"
"R_Cytokine_signaling","IL18RAP","Immune_Regulation_Pathways"
"R_Cytokine_signaling","IL19","Immune_Regulation_Pathways"
"R_Cytokine_signaling","IL1A","Immune_Regulation_Pathways"
"R_Cytokine_signaling","IL1B","Immune_Regulation_Pathways"
"R_Cytokine_signaling","IL1F10","Immune_Regulation_Pathways"
"R_Cytokine_signaling","IL1R1","Immune_Regulation_Pathways"
"R_Cytokine_signaling","IL1R2","Immune_Regulation_Pathways"
"R_Cytokine_signaling","IL1RAP","Immune_Regulation_Pathways"
"R_Cytokine_signaling","IL1RAPL1","Immune_Regulation_Pathways"
"R_Cytokine_signaling","IL1RL1","Immune_Regulation_Pathways"
"R_Cytokine_signaling","IL1RL2","Immune_Regulation_Pathways"
"R_Cytokine_signaling","IL1RN","Immune_Regulation_Pathways"
"R_Cytokine_signaling","IL2","Immune_Regulation_Pathways"
"R_Cytokine_signaling","IL20","Immune_Regulation_Pathways"
"R_Cytokine_signaling","IL20RA","Immune_Regulation_Pathways"
"R_Cytokine_signaling","IL20RB","Immune_Regulation_Pathways"
"R_Cytokine_signaling","IL21","Immune_Regulation_Pathways"
"R_Cytokine_signaling","IL21R","Immune_Regulation_Pathways"
"R_Cytokine_signaling","IL22","Immune_Regulation_Pathways"
"R_Cytokine_signaling","IL22RA1","Immune_Regulation_Pathways"
"R_Cytokine_signaling","IL22RA2","Immune_Regulation_Pathways"
"R_Cytokine_signaling","IL23A","Immune_Regulation_Pathways"
"R_Cytokine_signaling","IL23R","Immune_Regulation_Pathways"
"R_Cytokine_signaling","IL24","Immune_Regulation_Pathways"
"R_Cytokine_signaling","IL25","Immune_Regulation_Pathways"
"R_Cytokine_signaling","IL26","Immune_Regulation_Pathways"
"R_Cytokine_signaling","IL27","Immune_Regulation_Pathways"
"R_Cytokine_signaling","IL27RA","Immune_Regulation_Pathways"
"R_Cytokine_signaling","IL2RA","Immune_Regulation_Pathways"
"R_Cytokine_signaling","IL2RB","Immune_Regulation_Pathways"
"R_Cytokine_signaling","IL2RG","Immune_Regulation_Pathways"
"R_Cytokine_signaling","IL3","Immune_Regulation_Pathways"
"R_Cytokine_signaling","IL31","Immune_Regulation_Pathways"
"R_Cytokine_signaling","IL31RA","Immune_Regulation_Pathways"
"R_Cytokine_signaling","IL32","Immune_Regulation_Pathways"
"R_Cytokine_signaling","IL33","Immune_Regulation_Pathways"
"R_Cytokine_signaling","IL34","Immune_Regulation_Pathways"
"R_Cytokine_signaling","IL36A","Immune_Regulation_Pathways"
"R_Cytokine_signaling","IL36B","Immune_Regulation_Pathways"
"R_Cytokine_signaling","IL36G","Immune_Regulation_Pathways"
"R_Cytokine_signaling","IL36RN","Immune_Regulation_Pathways"
"R_Cytokine_signaling","IL37","Immune_Regulation_Pathways"
"R_Cytokine_signaling","IL3RA","Immune_Regulation_Pathways"
"R_Cytokine_signaling","IL4","Immune_Regulation_Pathways"
"R_Cytokine_signaling","IL4R","Immune_Regulation_Pathways"
"R_Cytokine_signaling","IL5","Immune_Regulation_Pathways"
"R_Cytokine_signaling","IL5RA","Immune_Regulation_Pathways"
"R_Cytokine_signaling","IL6","Immune_Regulation_Pathways"
"R_Cytokine_signaling","IL6R","Immune_Regulation_Pathways"
"R_Cytokine_signaling","IL6ST","Immune_Regulation_Pathways"
"R_Cytokine_signaling","IL7","Immune_Regulation_Pathways"
"R_Cytokine_signaling","IL7R","Immune_Regulation_Pathways"
"R_Cytokine_signaling","IL9","Immune_Regulation_Pathways"
"R_Cytokine_signaling","IL9R","Immune_Regulation_Pathways"
"R_Cytokine_signaling","INPP5D","Immune_Regulation_Pathways"
"R_Cytokine_signaling","INPPL1","Immune_Regulation_Pathways"
"R_Cytokine_signaling","IP6K2","Immune_Regulation_Pathways"
"R_Cytokine_signaling","IRAK1","Immune_Regulation_Pathways"
"R_Cytokine_signaling","IRAK2","Immune_Regulation_Pathways"
"R_Cytokine_signaling","IRAK3","Immune_Regulation_Pathways"
"R_Cytokine_signaling","IRAK4","Immune_Regulation_Pathways"
"R_Cytokine_signaling","IRF1","Immune_Regulation_Pathways"
"R_Cytokine_signaling","IRF2","Immune_Regulation_Pathways"
"R_Cytokine_signaling","IRF3","Immune_Regulation_Pathways"
"R_Cytokine_signaling","IRF4","Immune_Regulation_Pathways"
"R_Cytokine_signaling","IRF5","Immune_Regulation_Pathways"
"R_Cytokine_signaling","IRF6","Immune_Regulation_Pathways"
"R_Cytokine_signaling","IRF7","Immune_Regulation_Pathways"
"R_Cytokine_signaling","IRF8","Immune_Regulation_Pathways"
"R_Cytokine_signaling","IRF9","Immune_Regulation_Pathways"
"R_Cytokine_signaling","IRS1","Immune_Regulation_Pathways"
"R_Cytokine_signaling","IRS2","Immune_Regulation_Pathways"
"R_Cytokine_signaling","ISG15","Immune_Regulation_Pathways"
"R_Cytokine_signaling","ISG20","Immune_Regulation_Pathways"
"R_Cytokine_signaling","ITGAM","Immune_Regulation_Pathways"
"R_Cytokine_signaling","ITGAX","Immune_Regulation_Pathways"
"R_Cytokine_signaling","ITGB1","Immune_Regulation_Pathways"
"R_Cytokine_signaling","ITGB2","Immune_Regulation_Pathways"
"R_Cytokine_signaling","JAK1","Immune_Regulation_Pathways"
"R_Cytokine_signaling","JAK2","Immune_Regulation_Pathways"
"R_Cytokine_signaling","JAK3","Immune_Regulation_Pathways"
"R_Cytokine_signaling","JUN","Immune_Regulation_Pathways"
"R_Cytokine_signaling","JUNB","Immune_Regulation_Pathways"
"R_Cytokine_signaling","KPNA1","Immune_Regulation_Pathways"
"R_Cytokine_signaling","KPNA2","Immune_Regulation_Pathways"
"R_Cytokine_signaling","KPNA3","Immune_Regulation_Pathways"
"R_Cytokine_signaling","KPNA4","Immune_Regulation_Pathways"
"R_Cytokine_signaling","KPNA5","Immune_Regulation_Pathways"
"R_Cytokine_signaling","KPNA7","Immune_Regulation_Pathways"
"R_Cytokine_signaling","KPNB1","Immune_Regulation_Pathways"
"R_Cytokine_signaling","KRAS","Immune_Regulation_Pathways"
"R_Cytokine_signaling","LAMA5","Immune_Regulation_Pathways"
"R_Cytokine_signaling","LBP","Immune_Regulation_Pathways"
"R_Cytokine_signaling","LCK","Immune_Regulation_Pathways"
"R_Cytokine_signaling","LCN2","Immune_Regulation_Pathways"
"R_Cytokine_signaling","LCP1","Immune_Regulation_Pathways"
"R_Cytokine_signaling","LGALS9","Immune_Regulation_Pathways"
"R_Cytokine_signaling","LIF","Immune_Regulation_Pathways"
"R_Cytokine_signaling","LIFR","Immune_Regulation_Pathways"
"R_Cytokine_signaling","LMNB1","Immune_Regulation_Pathways"
"R_Cytokine_signaling","LTA","Immune_Regulation_Pathways"
"R_Cytokine_signaling","LTB","Immune_Regulation_Pathways"
"R_Cytokine_signaling","LTBR","Immune_Regulation_Pathways"
"R_Cytokine_signaling","LYN","Immune_Regulation_Pathways"
"R_Cytokine_signaling","MAOA","Immune_Regulation_Pathways"
"R_Cytokine_signaling","MAP2K1","Immune_Regulation_Pathways"
"R_Cytokine_signaling","MAP2K3","Immune_Regulation_Pathways"
"R_Cytokine_signaling","MAP2K4","Immune_Regulation_Pathways"
"R_Cytokine_signaling","MAP2K6","Immune_Regulation_Pathways"
"R_Cytokine_signaling","MAP2K7","Immune_Regulation_Pathways"
"R_Cytokine_signaling","MAP3K14","Immune_Regulation_Pathways"
"R_Cytokine_signaling","MAP3K3","Immune_Regulation_Pathways"
"R_Cytokine_signaling","MAP3K7","Immune_Regulation_Pathways"
"R_Cytokine_signaling","MAP3K8","Immune_Regulation_Pathways"
"R_Cytokine_signaling","MAPK1","Immune_Regulation_Pathways"
"R_Cytokine_signaling","MAPK10","Immune_Regulation_Pathways"
"R_Cytokine_signaling","MAPK11","Immune_Regulation_Pathways"
"R_Cytokine_signaling","MAPK14","Immune_Regulation_Pathways"
"R_Cytokine_signaling","MAPK3","Immune_Regulation_Pathways"
"R_Cytokine_signaling","MAPK7","Immune_Regulation_Pathways"
"R_Cytokine_signaling","MAPK8","Immune_Regulation_Pathways"
"R_Cytokine_signaling","MAPK9","Immune_Regulation_Pathways"
"R_Cytokine_signaling","MAPKAPK2","Immune_Regulation_Pathways"
"R_Cytokine_signaling","MAPKAPK3","Immune_Regulation_Pathways"
"R_Cytokine_signaling","MCL1","Immune_Regulation_Pathways"
"R_Cytokine_signaling","MEF2A","Immune_Regulation_Pathways"
"R_Cytokine_signaling","MEF2C","Immune_Regulation_Pathways"
"R_Cytokine_signaling","MID1","Immune_Regulation_Pathways"
"R_Cytokine_signaling","MIF","Immune_Regulation_Pathways"
"R_Cytokine_signaling","MMP1","Immune_Regulation_Pathways"
"R_Cytokine_signaling","MMP2","Immune_Regulation_Pathways"
"R_Cytokine_signaling","MMP3","Immune_Regulation_Pathways"
"R_Cytokine_signaling","MMP9","Immune_Regulation_Pathways"
"R_Cytokine_signaling","MSN","Immune_Regulation_Pathways"
"R_Cytokine_signaling","MT2A","Immune_Regulation_Pathways"
"R_Cytokine_signaling","MTAP","Immune_Regulation_Pathways"
"R_Cytokine_signaling","MUC1","Immune_Regulation_Pathways"
"R_Cytokine_signaling","MX1","Immune_Regulation_Pathways"
"R_Cytokine_signaling","MX2","Immune_Regulation_Pathways"
"R_Cytokine_signaling","MYC","Immune_Regulation_Pathways"
"R_Cytokine_signaling","MYD88","Immune_Regulation_Pathways"
"R_Cytokine_signaling","NANOG","Immune_Regulation_Pathways"
"R_Cytokine_signaling","NCAM1","Immune_Regulation_Pathways"
"R_Cytokine_signaling","NDC1","Immune_Regulation_Pathways"
"R_Cytokine_signaling","NDN","Immune_Regulation_Pathways"
"R_Cytokine_signaling","NEDD4","Immune_Regulation_Pathways"
"R_Cytokine_signaling","NFKB1","Immune_Regulation_Pathways"
"R_Cytokine_signaling","NFKB2","Immune_Regulation_Pathways"
"R_Cytokine_signaling","NFKBIA","Immune_Regulation_Pathways"
"R_Cytokine_signaling","NFKBIB","Immune_Regulation_Pathways"
"R_Cytokine_signaling","NKIRAS1","Immune_Regulation_Pathways"
"R_Cytokine_signaling","NKIRAS2","Immune_Regulation_Pathways"
"R_Cytokine_signaling","NOD1","Immune_Regulation_Pathways"
"R_Cytokine_signaling","NOD2","Immune_Regulation_Pathways"
"R_Cytokine_signaling","NOS2","Immune_Regulation_Pathways"
"R_Cytokine_signaling","NRAS","Immune_Regulation_Pathways"
"R_Cytokine_signaling","NUP107","Immune_Regulation_Pathways"
"R_Cytokine_signaling","NUP133","Immune_Regulation_Pathways"
"R_Cytokine_signaling","NUP153","Immune_Regulation_Pathways"
"R_Cytokine_signaling","NUP155","Immune_Regulation_Pathways"
"R_Cytokine_signaling","NUP160","Immune_Regulation_Pathways"
"R_Cytokine_signaling","NUP188","Immune_Regulation_Pathways"
"R_Cytokine_signaling","NUP205","Immune_Regulation_Pathways"
"R_Cytokine_signaling","NUP210","Immune_Regulation_Pathways"
"R_Cytokine_signaling","NUP214","Immune_Regulation_Pathways"
"R_Cytokine_signaling","NUP35","Immune_Regulation_Pathways"
"R_Cytokine_signaling","NUP37","Immune_Regulation_Pathways"
"R_Cytokine_signaling","NUP42","Immune_Regulation_Pathways"
"R_Cytokine_signaling","NUP43","Immune_Regulation_Pathways"
"R_Cytokine_signaling","NUP50","Immune_Regulation_Pathways"
"R_Cytokine_signaling","NUP54","Immune_Regulation_Pathways"
"R_Cytokine_signaling","NUP58","Immune_Regulation_Pathways"
"R_Cytokine_signaling","NUP62","Immune_Regulation_Pathways"
"R_Cytokine_signaling","NUP85","Immune_Regulation_Pathways"
"R_Cytokine_signaling","NUP88","Immune_Regulation_Pathways"
"R_Cytokine_signaling","NUP93","Immune_Regulation_Pathways"
"R_Cytokine_signaling","NUP98","Immune_Regulation_Pathways"
"R_Cytokine_signaling","OAS1","Immune_Regulation_Pathways"
"R_Cytokine_signaling","OAS2","Immune_Regulation_Pathways"
"R_Cytokine_signaling","OAS3","Immune_Regulation_Pathways"
"R_Cytokine_signaling","OASL","Immune_Regulation_Pathways"
"R_Cytokine_signaling","OPRD1","Immune_Regulation_Pathways"
"R_Cytokine_signaling","OPRM1","Immune_Regulation_Pathways"
"R_Cytokine_signaling","OSM","Immune_Regulation_Pathways"
"R_Cytokine_signaling","OSMR","Immune_Regulation_Pathways"
"R_Cytokine_signaling","P4HB","Immune_Regulation_Pathways"
"R_Cytokine_signaling","PAK2","Immune_Regulation_Pathways"
"R_Cytokine_signaling","PDCD4","Immune_Regulation_Pathways"
"R_Cytokine_signaling","PDE12","Immune_Regulation_Pathways"
"R_Cytokine_signaling","PELI1","Immune_Regulation_Pathways"
"R_Cytokine_signaling","PELI2","Immune_Regulation_Pathways"
"R_Cytokine_signaling","PELI3","Immune_Regulation_Pathways"
"R_Cytokine_signaling","PIAS1","Immune_Regulation_Pathways"
"R_Cytokine_signaling","PIK3CA","Immune_Regulation_Pathways"
"R_Cytokine_signaling","PIK3CB","Immune_Regulation_Pathways"
"R_Cytokine_signaling","PIK3CD","Immune_Regulation_Pathways"
"R_Cytokine_signaling","PIK3R1","Immune_Regulation_Pathways"
"R_Cytokine_signaling","PIK3R2","Immune_Regulation_Pathways"
"R_Cytokine_signaling","PIK3R3","Immune_Regulation_Pathways"
"R_Cytokine_signaling","PIM1","Immune_Regulation_Pathways"
"R_Cytokine_signaling","PIN1","Immune_Regulation_Pathways"
"R_Cytokine_signaling","PITPNA","Immune_Regulation_Pathways"
"R_Cytokine_signaling","PLCG1","Immune_Regulation_Pathways"
"R_Cytokine_signaling","PML","Immune_Regulation_Pathways"
"R_Cytokine_signaling","POM121","Immune_Regulation_Pathways"
"R_Cytokine_signaling","POM121C","Immune_Regulation_Pathways"
"R_Cytokine_signaling","POMC","Immune_Regulation_Pathways"
"R_Cytokine_signaling","POU2F1","Immune_Regulation_Pathways"
"R_Cytokine_signaling","PPIA","Immune_Regulation_Pathways"
"R_Cytokine_signaling","PPM1B","Immune_Regulation_Pathways"
"R_Cytokine_signaling","PPP2CA","Immune_Regulation_Pathways"
"R_Cytokine_signaling","PPP2CB","Immune_Regulation_Pathways"
"R_Cytokine_signaling","PPP2R1A","Immune_Regulation_Pathways"
"R_Cytokine_signaling","PPP2R1B","Immune_Regulation_Pathways"
"R_Cytokine_signaling","PPP2R5D","Immune_Regulation_Pathways"
"R_Cytokine_signaling","PRKACA","Immune_Regulation_Pathways"
"R_Cytokine_signaling","PRKCD","Immune_Regulation_Pathways"
"R_Cytokine_signaling","PRL","Immune_Regulation_Pathways"
"R_Cytokine_signaling","PRLR","Immune_Regulation_Pathways"
"R_Cytokine_signaling","PRTN3","Immune_Regulation_Pathways"
"R_Cytokine_signaling","PSMA1","Immune_Regulation_Pathways"
"R_Cytokine_signaling","PSMA2","Immune_Regulation_Pathways"
"R_Cytokine_signaling","PSMA3","Immune_Regulation_Pathways"
"R_Cytokine_signaling","PSMA4","Immune_Regulation_Pathways"
"R_Cytokine_signaling","PSMA5","Immune_Regulation_Pathways"
"R_Cytokine_signaling","PSMA6","Immune_Regulation_Pathways"
"R_Cytokine_signaling","PSMA7","Immune_Regulation_Pathways"
"R_Cytokine_signaling","PSMA8","Immune_Regulation_Pathways"
"R_Cytokine_signaling","PSMB1","Immune_Regulation_Pathways"
"R_Cytokine_signaling","PSMB10","Immune_Regulation_Pathways"
"R_Cytokine_signaling","PSMB11","Immune_Regulation_Pathways"
"R_Cytokine_signaling","PSMB2","Immune_Regulation_Pathways"
"R_Cytokine_signaling","PSMB3","Immune_Regulation_Pathways"
"R_Cytokine_signaling","PSMB4","Immune_Regulation_Pathways"
"R_Cytokine_signaling","PSMB5","Immune_Regulation_Pathways"
"R_Cytokine_signaling","PSMB6","Immune_Regulation_Pathways"
"R_Cytokine_signaling","PSMB7","Immune_Regulation_Pathways"
"R_Cytokine_signaling","PSMB8","Immune_Regulation_Pathways"
"R_Cytokine_signaling","PSMB9","Immune_Regulation_Pathways"
"R_Cytokine_signaling","PSMC1","Immune_Regulation_Pathways"
"R_Cytokine_signaling","PSMC2","Immune_Regulation_Pathways"
"R_Cytokine_signaling","PSMC3","Immune_Regulation_Pathways"
"R_Cytokine_signaling","PSMC4","Immune_Regulation_Pathways"
"R_Cytokine_signaling","PSMC5","Immune_Regulation_Pathways"
"R_Cytokine_signaling","PSMC6","Immune_Regulation_Pathways"
"R_Cytokine_signaling","PSMD1","Immune_Regulation_Pathways"
"R_Cytokine_signaling","PSMD10","Immune_Regulation_Pathways"
"R_Cytokine_signaling","PSMD11","Immune_Regulation_Pathways"
"R_Cytokine_signaling","PSMD12","Immune_Regulation_Pathways"
"R_Cytokine_signaling","PSMD13","Immune_Regulation_Pathways"
"R_Cytokine_signaling","PSMD14","Immune_Regulation_Pathways"
"R_Cytokine_signaling","PSMD2","Immune_Regulation_Pathways"
"R_Cytokine_signaling","PSMD3","Immune_Regulation_Pathways"
"R_Cytokine_signaling","PSMD4","Immune_Regulation_Pathways"
"R_Cytokine_signaling","PSMD5","Immune_Regulation_Pathways"
"R_Cytokine_signaling","PSMD6","Immune_Regulation_Pathways"
"R_Cytokine_signaling","PSMD7","Immune_Regulation_Pathways"
"R_Cytokine_signaling","PSMD8","Immune_Regulation_Pathways"
"R_Cytokine_signaling","PSMD9","Immune_Regulation_Pathways"
"R_Cytokine_signaling","PSME1","Immune_Regulation_Pathways"
"R_Cytokine_signaling","PSME2","Immune_Regulation_Pathways"
"R_Cytokine_signaling","PSME3","Immune_Regulation_Pathways"
"R_Cytokine_signaling","PSME4","Immune_Regulation_Pathways"
"R_Cytokine_signaling","PSMF1","Immune_Regulation_Pathways"
"R_Cytokine_signaling","PTAFR","Immune_Regulation_Pathways"
"R_Cytokine_signaling","PTGS2","Immune_Regulation_Pathways"
"R_Cytokine_signaling","PTK2B","Immune_Regulation_Pathways"
"R_Cytokine_signaling","PTPN1","Immune_Regulation_Pathways"
"R_Cytokine_signaling","PTPN11","Immune_Regulation_Pathways"
"R_Cytokine_signaling","PTPN12","Immune_Regulation_Pathways"
"R_Cytokine_signaling","PTPN13","Immune_Regulation_Pathways"
"R_Cytokine_signaling","PTPN14","Immune_Regulation_Pathways"
"R_Cytokine_signaling","PTPN18","Immune_Regulation_Pathways"
"R_Cytokine_signaling","PTPN2","Immune_Regulation_Pathways"
"R_Cytokine_signaling","PTPN20","Immune_Regulation_Pathways"
"R_Cytokine_signaling","PTPN23","Immune_Regulation_Pathways"
"R_Cytokine_signaling","PTPN4","Immune_Regulation_Pathways"
"R_Cytokine_signaling","PTPN5","Immune_Regulation_Pathways"
"R_Cytokine_signaling","PTPN6","Immune_Regulation_Pathways"
"R_Cytokine_signaling","PTPN7","Immune_Regulation_Pathways"
"R_Cytokine_signaling","PTPN9","Immune_Regulation_Pathways"
"R_Cytokine_signaling","PTPRJ","Immune_Regulation_Pathways"
"R_Cytokine_signaling","PTPRZ1","Immune_Regulation_Pathways"
"R_Cytokine_signaling","RAE1","Immune_Regulation_Pathways"
"R_Cytokine_signaling","RAG1","Immune_Regulation_Pathways"
"R_Cytokine_signaling","RAG2","Immune_Regulation_Pathways"
"R_Cytokine_signaling","RALA","Immune_Regulation_Pathways"
"R_Cytokine_signaling","RANBP2","Immune_Regulation_Pathways"
"R_Cytokine_signaling","RAP1B","Immune_Regulation_Pathways"
"R_Cytokine_signaling","RAPGEF1","Immune_Regulation_Pathways"
"R_Cytokine_signaling","RBX1","Immune_Regulation_Pathways"
"R_Cytokine_signaling","RELA","Immune_Regulation_Pathways"
"R_Cytokine_signaling","RELB","Immune_Regulation_Pathways"
"R_Cytokine_signaling","RHOU","Immune_Regulation_Pathways"
"R_Cytokine_signaling","RIPK2","Immune_Regulation_Pathways"
"R_Cytokine_signaling","RNASEL","Immune_Regulation_Pathways"
"R_Cytokine_signaling","RNF7","Immune_Regulation_Pathways"
"R_Cytokine_signaling","RORA","Immune_Regulation_Pathways"
"R_Cytokine_signaling","RORC","Immune_Regulation_Pathways"
"R_Cytokine_signaling","RPLP0","Immune_Regulation_Pathways"
"R_Cytokine_signaling","RPS27A","Immune_Regulation_Pathways"
"R_Cytokine_signaling","RPS6KA1","Immune_Regulation_Pathways"
"R_Cytokine_signaling","RPS6KA2","Immune_Regulation_Pathways"
"R_Cytokine_signaling","RPS6KA3","Immune_Regulation_Pathways"
"R_Cytokine_signaling","RPS6KA5","Immune_Regulation_Pathways"
"R_Cytokine_signaling","RSAD2","Immune_Regulation_Pathways"
"R_Cytokine_signaling","S100A12","Immune_Regulation_Pathways"
"R_Cytokine_signaling","S100B","Immune_Regulation_Pathways"
"R_Cytokine_signaling","S1PR1","Immune_Regulation_Pathways"
"R_Cytokine_signaling","SAA1","Immune_Regulation_Pathways"
"R_Cytokine_signaling","SAMHD1","Immune_Regulation_Pathways"
"R_Cytokine_signaling","SDC1","Immune_Regulation_Pathways"
"R_Cytokine_signaling","SEC13","Immune_Regulation_Pathways"
"R_Cytokine_signaling","SEH1L","Immune_Regulation_Pathways"
"R_Cytokine_signaling","SEM1","Immune_Regulation_Pathways"
"R_Cytokine_signaling","SERPINB2","Immune_Regulation_Pathways"
"R_Cytokine_signaling","SH2B1","Immune_Regulation_Pathways"
"R_Cytokine_signaling","SH2B3","Immune_Regulation_Pathways"
"R_Cytokine_signaling","SHC1","Immune_Regulation_Pathways"
"R_Cytokine_signaling","SIGIRR","Immune_Regulation_Pathways"
"R_Cytokine_signaling","SKP1","Immune_Regulation_Pathways"
"R_Cytokine_signaling","SLA","Immune_Regulation_Pathways"
"R_Cytokine_signaling","SLA2","Immune_Regulation_Pathways"
"R_Cytokine_signaling","SMAD3","Immune_Regulation_Pathways"
"R_Cytokine_signaling","SMARCA4","Immune_Regulation_Pathways"
"R_Cytokine_signaling","SNAP25","Immune_Regulation_Pathways"
"R_Cytokine_signaling","SNRPA1","Immune_Regulation_Pathways"
"R_Cytokine_signaling","SOCS1","Immune_Regulation_Pathways"
"R_Cytokine_signaling","SOCS2","Immune_Regulation_Pathways"
"R_Cytokine_signaling","SOCS3","Immune_Regulation_Pathways"
"R_Cytokine_signaling","SOCS5","Immune_Regulation_Pathways"
"R_Cytokine_signaling","SOCS6","Immune_Regulation_Pathways"
"R_Cytokine_signaling","SOD1","Immune_Regulation_Pathways"
"R_Cytokine_signaling","SOD2","Immune_Regulation_Pathways"
"R_Cytokine_signaling","SOS1","Immune_Regulation_Pathways"
"R_Cytokine_signaling","SOS2","Immune_Regulation_Pathways"
"R_Cytokine_signaling","SOX2","Immune_Regulation_Pathways"
"R_Cytokine_signaling","SP100","Immune_Regulation_Pathways"
"R_Cytokine_signaling","SQSTM1","Immune_Regulation_Pathways"
"R_Cytokine_signaling","STAT1","Immune_Regulation_Pathways"
"R_Cytokine_signaling","STAT2","Immune_Regulation_Pathways"
"R_Cytokine_signaling","STAT3","Immune_Regulation_Pathways"
"R_Cytokine_signaling","STAT4","Immune_Regulation_Pathways"
"R_Cytokine_signaling","STAT5A","Immune_Regulation_Pathways"
"R_Cytokine_signaling","STAT5B","Immune_Regulation_Pathways"
"R_Cytokine_signaling","STAT6","Immune_Regulation_Pathways"
"R_Cytokine_signaling","STX1A","Immune_Regulation_Pathways"
"R_Cytokine_signaling","STX3","Immune_Regulation_Pathways"
"R_Cytokine_signaling","STX4","Immune_Regulation_Pathways"
"R_Cytokine_signaling","STXBP2","Immune_Regulation_Pathways"
"R_Cytokine_signaling","SUMO1","Immune_Regulation_Pathways"
"R_Cytokine_signaling","SYK","Immune_Regulation_Pathways"
"R_Cytokine_signaling","TAB1","Immune_Regulation_Pathways"
"R_Cytokine_signaling","TAB2","Immune_Regulation_Pathways"
"R_Cytokine_signaling","TAB3","Immune_Regulation_Pathways"
"R_Cytokine_signaling","TALDO1","Immune_Regulation_Pathways"
"R_Cytokine_signaling","TBK1","Immune_Regulation_Pathways"
"R_Cytokine_signaling","TCP1","Immune_Regulation_Pathways"
"R_Cytokine_signaling","TEC","Immune_Regulation_Pathways"
"R_Cytokine_signaling","TGFB1","Immune_Regulation_Pathways"
"R_Cytokine_signaling","TIMP1","Immune_Regulation_Pathways"
"R_Cytokine_signaling","TNF","Immune_Regulation_Pathways"
"R_Cytokine_signaling","TNFRSF11A","Immune_Regulation_Pathways"
"R_Cytokine_signaling","TNFRSF11B","Immune_Regulation_Pathways"
"R_Cytokine_signaling","TNFRSF12A","Immune_Regulation_Pathways"
"R_Cytokine_signaling","TNFRSF13B","Immune_Regulation_Pathways"
"R_Cytokine_signaling","TNFRSF13C","Immune_Regulation_Pathways"
"R_Cytokine_signaling","TNFRSF14","Immune_Regulation_Pathways"
"R_Cytokine_signaling","TNFRSF17","Immune_Regulation_Pathways"
"R_Cytokine_signaling","TNFRSF18","Immune_Regulation_Pathways"
"R_Cytokine_signaling","TNFRSF1A","Immune_Regulation_Pathways"
"R_Cytokine_signaling","TNFRSF1B","Immune_Regulation_Pathways"
"R_Cytokine_signaling","TNFRSF25","Immune_Regulation_Pathways"
"R_Cytokine_signaling","TNFRSF4","Immune_Regulation_Pathways"
"R_Cytokine_signaling","TNFRSF6B","Immune_Regulation_Pathways"
"R_Cytokine_signaling","TNFRSF8","Immune_Regulation_Pathways"
"R_Cytokine_signaling","TNFRSF9","Immune_Regulation_Pathways"
"R_Cytokine_signaling","TNFSF11","Immune_Regulation_Pathways"
"R_Cytokine_signaling","TNFSF12","Immune_Regulation_Pathways"
"R_Cytokine_signaling","TNFSF13","Immune_Regulation_Pathways"
"R_Cytokine_signaling","TNFSF13B","Immune_Regulation_Pathways"
"R_Cytokine_signaling","TNFSF14","Immune_Regulation_Pathways"
"R_Cytokine_signaling","TNFSF15","Immune_Regulation_Pathways"
"R_Cytokine_signaling","TNFSF18","Immune_Regulation_Pathways"
"R_Cytokine_signaling","TNFSF4","Immune_Regulation_Pathways"
"R_Cytokine_signaling","TNFSF8","Immune_Regulation_Pathways"
"R_Cytokine_signaling","TNFSF9","Immune_Regulation_Pathways"
"R_Cytokine_signaling","TNIP2","Immune_Regulation_Pathways"
"R_Cytokine_signaling","TOLLIP","Immune_Regulation_Pathways"
"R_Cytokine_signaling","TP53","Immune_Regulation_Pathways"
"R_Cytokine_signaling","TPR","Immune_Regulation_Pathways"
"R_Cytokine_signaling","TRAF2","Immune_Regulation_Pathways"
"R_Cytokine_signaling","TRAF3","Immune_Regulation_Pathways"
"R_Cytokine_signaling","TRAF6","Immune_Regulation_Pathways"
"R_Cytokine_signaling","TRIM10","Immune_Regulation_Pathways"
"R_Cytokine_signaling","TRIM14","Immune_Regulation_Pathways"
"R_Cytokine_signaling","TRIM17","Immune_Regulation_Pathways"
"R_Cytokine_signaling","TRIM2","Immune_Regulation_Pathways"
"R_Cytokine_signaling","TRIM21","Immune_Regulation_Pathways"
"R_Cytokine_signaling","TRIM22","Immune_Regulation_Pathways"
"R_Cytokine_signaling","TRIM25","Immune_Regulation_Pathways"
"R_Cytokine_signaling","TRIM26","Immune_Regulation_Pathways"
"R_Cytokine_signaling","TRIM29","Immune_Regulation_Pathways"
"R_Cytokine_signaling","TRIM3","Immune_Regulation_Pathways"
"R_Cytokine_signaling","TRIM31","Immune_Regulation_Pathways"
"R_Cytokine_signaling","TRIM34","Immune_Regulation_Pathways"
"R_Cytokine_signaling","TRIM35","Immune_Regulation_Pathways"
"R_Cytokine_signaling","TRIM38","Immune_Regulation_Pathways"
"R_Cytokine_signaling","TRIM45","Immune_Regulation_Pathways"
"R_Cytokine_signaling","TRIM46","Immune_Regulation_Pathways"
"R_Cytokine_signaling","TRIM48","Immune_Regulation_Pathways"
"R_Cytokine_signaling","TRIM5","Immune_Regulation_Pathways"
"R_Cytokine_signaling","TRIM6","Immune_Regulation_Pathways"
"R_Cytokine_signaling","TRIM62","Immune_Regulation_Pathways"
"R_Cytokine_signaling","TRIM68","Immune_Regulation_Pathways"
"R_Cytokine_signaling","TRIM8","Immune_Regulation_Pathways"
"R_Cytokine_signaling","TSLP","Immune_Regulation_Pathways"
"R_Cytokine_signaling","TWIST1","Immune_Regulation_Pathways"
"R_Cytokine_signaling","TXLNA","Immune_Regulation_Pathways"
"R_Cytokine_signaling","TYK2","Immune_Regulation_Pathways"
"R_Cytokine_signaling","UBA3","Immune_Regulation_Pathways"
"R_Cytokine_signaling","UBA52","Immune_Regulation_Pathways"
"R_Cytokine_signaling","UBA7","Immune_Regulation_Pathways"
"R_Cytokine_signaling","UBB","Immune_Regulation_Pathways"
"R_Cytokine_signaling","UBC","Immune_Regulation_Pathways"
"R_Cytokine_signaling","UBE2D1","Immune_Regulation_Pathways"
"R_Cytokine_signaling","UBE2D2","Immune_Regulation_Pathways"
"R_Cytokine_signaling","UBE2D3","Immune_Regulation_Pathways"
"R_Cytokine_signaling","UBE2E1","Immune_Regulation_Pathways"
"R_Cytokine_signaling","UBE2L6","Immune_Regulation_Pathways"
"R_Cytokine_signaling","UBE2M","Immune_Regulation_Pathways"
"R_Cytokine_signaling","UBE2N","Immune_Regulation_Pathways"
"R_Cytokine_signaling","UBE2V1","Immune_Regulation_Pathways"
"R_Cytokine_signaling","USP18","Immune_Regulation_Pathways"
"R_Cytokine_signaling","USP41","Immune_Regulation_Pathways"
"R_Cytokine_signaling","VAMP2","Immune_Regulation_Pathways"
"R_Cytokine_signaling","VAMP7","Immune_Regulation_Pathways"
"R_Cytokine_signaling","VAV1","Immune_Regulation_Pathways"
"R_Cytokine_signaling","VCAM1","Immune_Regulation_Pathways"
"R_Cytokine_signaling","VEGFA","Immune_Regulation_Pathways"
"R_Cytokine_signaling","VIM","Immune_Regulation_Pathways"
"R_Cytokine_signaling","VRK3","Immune_Regulation_Pathways"
"R_Cytokine_signaling","XAF1","Immune_Regulation_Pathways"
"R_Cytokine_signaling","YES1","Immune_Regulation_Pathways"
"R_Cytokine_signaling","YWHAZ","Immune_Regulation_Pathways"
"R_Cytokine_signaling","ZEB1","Immune_Regulation_Pathways"
"R_Innate_immune_response","A1BG","Immune_Regulation_Pathways"
"R_Innate_immune_response","AAMP","Immune_Regulation_Pathways"
"R_Innate_immune_response","ABCA13","Immune_Regulation_Pathways"
"R_Innate_immune_response","ABI1","Immune_Regulation_Pathways"
"R_Innate_immune_response","ABI2","Immune_Regulation_Pathways"
"R_Innate_immune_response","ABL1","Immune_Regulation_Pathways"
"R_Innate_immune_response","ACAA1","Immune_Regulation_Pathways"
"R_Innate_immune_response","ACLY","Immune_Regulation_Pathways"
"R_Innate_immune_response","ACP3","Immune_Regulation_Pathways"
"R_Innate_immune_response","ACTB","Immune_Regulation_Pathways"
"R_Innate_immune_response","ACTG1","Immune_Regulation_Pathways"
"R_Innate_immune_response","ACTR10","Immune_Regulation_Pathways"
"R_Innate_immune_response","ACTR1B","Immune_Regulation_Pathways"
"R_Innate_immune_response","ACTR2","Immune_Regulation_Pathways"
"R_Innate_immune_response","ACTR3","Immune_Regulation_Pathways"
"R_Innate_immune_response","ADA2","Immune_Regulation_Pathways"
"R_Innate_immune_response","ADAM10","Immune_Regulation_Pathways"
"R_Innate_immune_response","ADAM8","Immune_Regulation_Pathways"
"R_Innate_immune_response","ADGRE3","Immune_Regulation_Pathways"
"R_Innate_immune_response","ADGRE5","Immune_Regulation_Pathways"
"R_Innate_immune_response","ADGRG3","Immune_Regulation_Pathways"
"R_Innate_immune_response","AGA","Immune_Regulation_Pathways"
"R_Innate_immune_response","AGER","Immune_Regulation_Pathways"
"R_Innate_immune_response","AGL","Immune_Regulation_Pathways"
"R_Innate_immune_response","AGPAT2","Immune_Regulation_Pathways"
"R_Innate_immune_response","AHCYL1","Immune_Regulation_Pathways"
"R_Innate_immune_response","AHSG","Immune_Regulation_Pathways"
"R_Innate_immune_response","AIM2","Immune_Regulation_Pathways"
"R_Innate_immune_response","ALAD","Immune_Regulation_Pathways"
"R_Innate_immune_response","ALDH3B1","Immune_Regulation_Pathways"
"R_Innate_immune_response","ALDOA","Immune_Regulation_Pathways"
"R_Innate_immune_response","ALDOC","Immune_Regulation_Pathways"
"R_Innate_immune_response","ALOX5","Immune_Regulation_Pathways"
"R_Innate_immune_response","ALPK1","Immune_Regulation_Pathways"
"R_Innate_immune_response","AMPD3","Immune_Regulation_Pathways"
"R_Innate_immune_response","ANO6","Immune_Regulation_Pathways"
"R_Innate_immune_response","ANPEP","Immune_Regulation_Pathways"
"R_Innate_immune_response","ANXA2","Immune_Regulation_Pathways"
"R_Innate_immune_response","AOC1","Immune_Regulation_Pathways"
"R_Innate_immune_response","AP1M1","Immune_Regulation_Pathways"
"R_Innate_immune_response","AP2A2","Immune_Regulation_Pathways"
"R_Innate_immune_response","APAF1","Immune_Regulation_Pathways"
"R_Innate_immune_response","APEH","Immune_Regulation_Pathways"
"R_Innate_immune_response","APOB","Immune_Regulation_Pathways"
"R_Innate_immune_response","APP","Immune_Regulation_Pathways"
"R_Innate_immune_response","APRT","Immune_Regulation_Pathways"
"R_Innate_immune_response","ARG1","Immune_Regulation_Pathways"
"R_Innate_immune_response","ARHGAP45","Immune_Regulation_Pathways"
"R_Innate_immune_response","ARHGAP9","Immune_Regulation_Pathways"
"R_Innate_immune_response","ARL8A","Immune_Regulation_Pathways"
"R_Innate_immune_response","ARMC8","Immune_Regulation_Pathways"
"R_Innate_immune_response","ARPC1A","Immune_Regulation_Pathways"
"R_Innate_immune_response","ARPC1B","Immune_Regulation_Pathways"
"R_Innate_immune_response","ARPC2","Immune_Regulation_Pathways"
"R_Innate_immune_response","ARPC3","Immune_Regulation_Pathways"
"R_Innate_immune_response","ARPC4","Immune_Regulation_Pathways"
"R_Innate_immune_response","ARPC5","Immune_Regulation_Pathways"
"R_Innate_immune_response","ARSA","Immune_Regulation_Pathways"
"R_Innate_immune_response","ARSB","Immune_Regulation_Pathways"
"R_Innate_immune_response","ART1","Immune_Regulation_Pathways"
"R_Innate_immune_response","ASAH1","Immune_Regulation_Pathways"
"R_Innate_immune_response","ATAD3B","Immune_Regulation_Pathways"
"R_Innate_immune_response","ATF1","Immune_Regulation_Pathways"
"R_Innate_immune_response","ATF2","Immune_Regulation_Pathways"
"R_Innate_immune_response","ATG12","Immune_Regulation_Pathways"
"R_Innate_immune_response","ATG5","Immune_Regulation_Pathways"
"R_Innate_immune_response","ATG7","Immune_Regulation_Pathways"
"R_Innate_immune_response","ATOX1","Immune_Regulation_Pathways"
"R_Innate_immune_response","ATP11A","Immune_Regulation_Pathways"
"R_Innate_immune_response","ATP11B","Immune_Regulation_Pathways"
"R_Innate_immune_response","ATP6AP2","Immune_Regulation_Pathways"
"R_Innate_immune_response","ATP6V0A1","Immune_Regulation_Pathways"
"R_Innate_immune_response","ATP6V0A2","Immune_Regulation_Pathways"
"R_Innate_immune_response","ATP6V0A4","Immune_Regulation_Pathways"
"R_Innate_immune_response","ATP6V0B","Immune_Regulation_Pathways"
"R_Innate_immune_response","ATP6V0C","Immune_Regulation_Pathways"
"R_Innate_immune_response","ATP6V0D1","Immune_Regulation_Pathways"
"R_Innate_immune_response","ATP6V0D2","Immune_Regulation_Pathways"
"R_Innate_immune_response","ATP6V0E1","Immune_Regulation_Pathways"
"R_Innate_immune_response","ATP6V0E2","Immune_Regulation_Pathways"
"R_Innate_immune_response","ATP6V1A","Immune_Regulation_Pathways"
"R_Innate_immune_response","ATP6V1B1","Immune_Regulation_Pathways"
"R_Innate_immune_response","ATP6V1B2","Immune_Regulation_Pathways"
"R_Innate_immune_response","ATP6V1C1","Immune_Regulation_Pathways"
"R_Innate_immune_response","ATP6V1C2","Immune_Regulation_Pathways"
"R_Innate_immune_response","ATP6V1D","Immune_Regulation_Pathways"
"R_Innate_immune_response","ATP6V1E1","Immune_Regulation_Pathways"
"R_Innate_immune_response","ATP6V1E2","Immune_Regulation_Pathways"
"R_Innate_immune_response","ATP6V1F","Immune_Regulation_Pathways"
"R_Innate_immune_response","ATP6V1G1","Immune_Regulation_Pathways"
"R_Innate_immune_response","ATP6V1G2","Immune_Regulation_Pathways"
"R_Innate_immune_response","ATP6V1G3","Immune_Regulation_Pathways"
"R_Innate_immune_response","ATP6V1H","Immune_Regulation_Pathways"
"R_Innate_immune_response","ATP7A","Immune_Regulation_Pathways"
"R_Innate_immune_response","ATP8A1","Immune_Regulation_Pathways"
"R_Innate_immune_response","ATP8B4","Immune_Regulation_Pathways"
"R_Innate_immune_response","AZU1","Immune_Regulation_Pathways"
"R_Innate_immune_response","B2M","Immune_Regulation_Pathways"
"R_Innate_immune_response","B4GALT1","Immune_Regulation_Pathways"
"R_Innate_immune_response","BAIAP2","Immune_Regulation_Pathways"
"R_Innate_immune_response","BCL10","Immune_Regulation_Pathways"
"R_Innate_immune_response","BCL2","Immune_Regulation_Pathways"
"R_Innate_immune_response","BCL2L1","Immune_Regulation_Pathways"
"R_Innate_immune_response","BIN2","Immune_Regulation_Pathways"
"R_Innate_immune_response","BIRC2","Immune_Regulation_Pathways"
"R_Innate_immune_response","BIRC3","Immune_Regulation_Pathways"
"R_Innate_immune_response","BPI","Immune_Regulation_Pathways"
"R_Innate_immune_response","BPIFA1","Immune_Regulation_Pathways"
"R_Innate_immune_response","BPIFA2","Immune_Regulation_Pathways"
"R_Innate_immune_response","BPIFB1","Immune_Regulation_Pathways"
"R_Innate_immune_response","BPIFB2","Immune_Regulation_Pathways"
"R_Innate_immune_response","BPIFB4","Immune_Regulation_Pathways"
"R_Innate_immune_response","BPIFB6","Immune_Regulation_Pathways"
"R_Innate_immune_response","BRI3","Immune_Regulation_Pathways"
"R_Innate_immune_response","BRK1","Immune_Regulation_Pathways"
"R_Innate_immune_response","BST1","Immune_Regulation_Pathways"
"R_Innate_immune_response","BST2","Immune_Regulation_Pathways"
"R_Innate_immune_response","BTK","Immune_Regulation_Pathways"
"R_Innate_immune_response","BTRC","Immune_Regulation_Pathways"
"R_Innate_immune_response","C1QA","Immune_Regulation_Pathways"
"R_Innate_immune_response","C1QB","Immune_Regulation_Pathways"
"R_Innate_immune_response","C1QC","Immune_Regulation_Pathways"
"R_Innate_immune_response","C1R","Immune_Regulation_Pathways"
"R_Innate_immune_response","C1S","Immune_Regulation_Pathways"
"R_Innate_immune_response","C1orf35","Immune_Regulation_Pathways"
"R_Innate_immune_response","C2","Immune_Regulation_Pathways"
"R_Innate_immune_response","C3","Immune_Regulation_Pathways"
"R_Innate_immune_response","C3AR1","Immune_Regulation_Pathways"
"R_Innate_immune_response","C4A","Immune_Regulation_Pathways"
"R_Innate_immune_response","C4B","Immune_Regulation_Pathways"
"R_Innate_immune_response","C4BPA","Immune_Regulation_Pathways"
"R_Innate_immune_response","C4BPB","Immune_Regulation_Pathways"
"R_Innate_immune_response","C4B_2","Immune_Regulation_Pathways"
"R_Innate_immune_response","C5","Immune_Regulation_Pathways"
"R_Innate_immune_response","C5AR1","Immune_Regulation_Pathways"
"R_Innate_immune_response","C5AR2","Immune_Regulation_Pathways"
"R_Innate_immune_response","C6","Immune_Regulation_Pathways"
"R_Innate_immune_response","C6orf120","Immune_Regulation_Pathways"
"R_Innate_immune_response","C7","Immune_Regulation_Pathways"
"R_Innate_immune_response","C8A","Immune_Regulation_Pathways"
"R_Innate_immune_response","C8B","Immune_Regulation_Pathways"
"R_Innate_immune_response","C8G","Immune_Regulation_Pathways"
"R_Innate_immune_response","C9","Immune_Regulation_Pathways"
"R_Innate_immune_response","CAB39","Immune_Regulation_Pathways"
"R_Innate_immune_response","CALM1","Immune_Regulation_Pathways"
"R_Innate_immune_response","CALML5","Immune_Regulation_Pathways"
"R_Innate_immune_response","CAMP","Immune_Regulation_Pathways"
"R_Innate_immune_response","CAND1","Immune_Regulation_Pathways"
"R_Innate_immune_response","CANT1","Immune_Regulation_Pathways"
"R_Innate_immune_response","CAP1","Immune_Regulation_Pathways"
"R_Innate_immune_response","CAPN1","Immune_Regulation_Pathways"
"R_Innate_immune_response","CAPZA1","Immune_Regulation_Pathways"
"R_Innate_immune_response","CAPZA2","Immune_Regulation_Pathways"
"R_Innate_immune_response","CARD11","Immune_Regulation_Pathways"
"R_Innate_immune_response","CARD9","Immune_Regulation_Pathways"
"R_Innate_immune_response","CASP1","Immune_Regulation_Pathways"
"R_Innate_immune_response","CASP10","Immune_Regulation_Pathways"
"R_Innate_immune_response","CASP2","Immune_Regulation_Pathways"
"R_Innate_immune_response","CASP4","Immune_Regulation_Pathways"
"R_Innate_immune_response","CASP8","Immune_Regulation_Pathways"
"R_Innate_immune_response","CASP9","Immune_Regulation_Pathways"
"R_Innate_immune_response","CAT","Immune_Regulation_Pathways"
"R_Innate_immune_response","CCL17","Immune_Regulation_Pathways"
"R_Innate_immune_response","CCL22","Immune_Regulation_Pathways"
"R_Innate_immune_response","CCR2","Immune_Regulation_Pathways"
"R_Innate_immune_response","CCR6","Immune_Regulation_Pathways"
"R_Innate_immune_response","CCT2","Immune_Regulation_Pathways"
"R_Innate_immune_response","CCT8","Immune_Regulation_Pathways"
"R_Innate_immune_response","CD14","Immune_Regulation_Pathways"
"R_Innate_immune_response","CD177","Immune_Regulation_Pathways"
"R_Innate_immune_response","CD180","Immune_Regulation_Pathways"
"R_Innate_immune_response","CD19","Immune_Regulation_Pathways"
"R_Innate_immune_response","CD209","Immune_Regulation_Pathways"
"R_Innate_immune_response","CD247","Immune_Regulation_Pathways"
"R_Innate_immune_response","CD300A","Immune_Regulation_Pathways"
"R_Innate_immune_response","CD300E","Immune_Regulation_Pathways"
"R_Innate_immune_response","CD300LB","Immune_Regulation_Pathways"
"R_Innate_immune_response","CD33","Immune_Regulation_Pathways"
"R_Innate_immune_response","CD36","Immune_Regulation_Pathways"
"R_Innate_immune_response","CD3G","Immune_Regulation_Pathways"
"R_Innate_immune_response","CD4","Immune_Regulation_Pathways"
"R_Innate_immune_response","CD44","Immune_Regulation_Pathways"
"R_Innate_immune_response","CD46","Immune_Regulation_Pathways"
"R_Innate_immune_response","CD47","Immune_Regulation_Pathways"
"R_Innate_immune_response","CD53","Immune_Regulation_Pathways"
"R_Innate_immune_response","CD55","Immune_Regulation_Pathways"
"R_Innate_immune_response","CD58","Immune_Regulation_Pathways"
"R_Innate_immune_response","CD59","Immune_Regulation_Pathways"
"R_Innate_immune_response","CD63","Immune_Regulation_Pathways"
"R_Innate_immune_response","CD68","Immune_Regulation_Pathways"
"R_Innate_immune_response","CD81","Immune_Regulation_Pathways"
"R_Innate_immune_response","CD93","Immune_Regulation_Pathways"
"R_Innate_immune_response","CDA","Immune_Regulation_Pathways"
"R_Innate_immune_response","CDC34","Immune_Regulation_Pathways"
"R_Innate_immune_response","CDC42","Immune_Regulation_Pathways"
"R_Innate_immune_response","CDK13","Immune_Regulation_Pathways"
"R_Innate_immune_response","CEACAM1","Immune_Regulation_Pathways"
"R_Innate_immune_response","CEACAM3","Immune_Regulation_Pathways"
"R_Innate_immune_response","CEACAM6","Immune_Regulation_Pathways"
"R_Innate_immune_response","CEACAM8","Immune_Regulation_Pathways"
"R_Innate_immune_response","CEP290","Immune_Regulation_Pathways"
"R_Innate_immune_response","CFB","Immune_Regulation_Pathways"
"R_Innate_immune_response","CFD","Immune_Regulation_Pathways"
"R_Innate_immune_response","CFH","Immune_Regulation_Pathways"
"R_Innate_immune_response","CFHR1","Immune_Regulation_Pathways"
"R_Innate_immune_response","CFHR2","Immune_Regulation_Pathways"
"R_Innate_immune_response","CFHR3","Immune_Regulation_Pathways"
"R_Innate_immune_response","CFHR4","Immune_Regulation_Pathways"
"R_Innate_immune_response","CFHR5","Immune_Regulation_Pathways"
"R_Innate_immune_response","CFI","Immune_Regulation_Pathways"
"R_Innate_immune_response","CFL1","Immune_Regulation_Pathways"
"R_Innate_immune_response","CFP","Immune_Regulation_Pathways"
"R_Innate_immune_response","CGAS","Immune_Regulation_Pathways"
"R_Innate_immune_response","CHGA","Immune_Regulation_Pathways"
"R_Innate_immune_response","CHI3L1","Immune_Regulation_Pathways"
"R_Innate_immune_response","CHIT1","Immune_Regulation_Pathways"
"R_Innate_immune_response","CHRNB4","Immune_Regulation_Pathways"
"R_Innate_immune_response","CHUK","Immune_Regulation_Pathways"
"R_Innate_immune_response","CKAP4","Immune_Regulation_Pathways"
"R_Innate_immune_response","CLEC10A","Immune_Regulation_Pathways"
"R_Innate_immune_response","CLEC12A","Immune_Regulation_Pathways"
"R_Innate_immune_response","CLEC4A","Immune_Regulation_Pathways"
"R_Innate_immune_response","CLEC4C","Immune_Regulation_Pathways"
"R_Innate_immune_response","CLEC4D","Immune_Regulation_Pathways"
"R_Innate_immune_response","CLEC4E","Immune_Regulation_Pathways"
"R_Innate_immune_response","CLEC5A","Immune_Regulation_Pathways"
"R_Innate_immune_response","CLEC6A","Immune_Regulation_Pathways"
"R_Innate_immune_response","CLEC7A","Immune_Regulation_Pathways"
"R_Innate_immune_response","CLU","Immune_Regulation_Pathways"
"R_Innate_immune_response","CMTM6","Immune_Regulation_Pathways"
"R_Innate_immune_response","CNN2","Immune_Regulation_Pathways"
"R_Innate_immune_response","CNPY3","Immune_Regulation_Pathways"
"R_Innate_immune_response","COLEC10","Immune_Regulation_Pathways"
"R_Innate_immune_response","COLEC11","Immune_Regulation_Pathways"
"R_Innate_immune_response","COMMD3","Immune_Regulation_Pathways"
"R_Innate_immune_response","COMMD9","Immune_Regulation_Pathways"
"R_Innate_immune_response","COPB1","Immune_Regulation_Pathways"
"R_Innate_immune_response","COTL1","Immune_Regulation_Pathways"
"R_Innate_immune_response","CPB2","Immune_Regulation_Pathways"
"R_Innate_immune_response","CPN1","Immune_Regulation_Pathways"
"R_Innate_immune_response","CPN2","Immune_Regulation_Pathways"
"R_Innate_immune_response","CPNE1","Immune_Regulation_Pathways"
"R_Innate_immune_response","CPNE3","Immune_Regulation_Pathways"
"R_Innate_immune_response","CPPED1","Immune_Regulation_Pathways"
"R_Innate_immune_response","CR1","Immune_Regulation_Pathways"
"R_Innate_immune_response","CR2","Immune_Regulation_Pathways"
"R_Innate_immune_response","CRACR2A","Immune_Regulation_Pathways"
"R_Innate_immune_response","CRCP","Immune_Regulation_Pathways"
"R_Innate_immune_response","CREB1","Immune_Regulation_Pathways"
"R_Innate_immune_response","CREBBP","Immune_Regulation_Pathways"
"R_Innate_immune_response","CREG1","Immune_Regulation_Pathways"
"R_Innate_immune_response","CRISP3","Immune_Regulation_Pathways"
"R_Innate_immune_response","CRISPLD2","Immune_Regulation_Pathways"
"R_Innate_immune_response","CRK","Immune_Regulation_Pathways"
"R_Innate_immune_response","CRP","Immune_Regulation_Pathways"
"R_Innate_immune_response","CSNK2B","Immune_Regulation_Pathways"
"R_Innate_immune_response","CST3","Immune_Regulation_Pathways"
"R_Innate_immune_response","CSTB","Immune_Regulation_Pathways"
"R_Innate_immune_response","CTNNB1","Immune_Regulation_Pathways"
"R_Innate_immune_response","CTSA","Immune_Regulation_Pathways"
"R_Innate_immune_response","CTSB","Immune_Regulation_Pathways"
"R_Innate_immune_response","CTSC","Immune_Regulation_Pathways"
"R_Innate_immune_response","CTSD","Immune_Regulation_Pathways"
"R_Innate_immune_response","CTSG","Immune_Regulation_Pathways"
"R_Innate_immune_response","CTSH","Immune_Regulation_Pathways"
"R_Innate_immune_response","CTSK","Immune_Regulation_Pathways"
"R_Innate_immune_response","CTSL","Immune_Regulation_Pathways"
"R_Innate_immune_response","CTSS","Immune_Regulation_Pathways"
"R_Innate_immune_response","CTSV","Immune_Regulation_Pathways"
"R_Innate_immune_response","CTSZ","Immune_Regulation_Pathways"
"R_Innate_immune_response","CUL1","Immune_Regulation_Pathways"
"R_Innate_immune_response","CXCL1","Immune_Regulation_Pathways"
"R_Innate_immune_response","CXCR1","Immune_Regulation_Pathways"
"R_Innate_immune_response","CXCR2","Immune_Regulation_Pathways"
"R_Innate_immune_response","CYB5R3","Immune_Regulation_Pathways"
"R_Innate_immune_response","CYBA","Immune_Regulation_Pathways"
"R_Innate_immune_response","CYBB","Immune_Regulation_Pathways"
"R_Innate_immune_response","CYFIP1","Immune_Regulation_Pathways"
"R_Innate_immune_response","CYFIP2","Immune_Regulation_Pathways"
"R_Innate_immune_response","CYLD","Immune_Regulation_Pathways"
"R_Innate_immune_response","CYSTM1","Immune_Regulation_Pathways"
"R_Innate_immune_response","DBNL","Immune_Regulation_Pathways"
"R_Innate_immune_response","DCD","Immune_Regulation_Pathways"
"R_Innate_immune_response","DDOST","Immune_Regulation_Pathways"
"R_Innate_immune_response","DDX3X","Immune_Regulation_Pathways"
"R_Innate_immune_response","DDX41","Immune_Regulation_Pathways"
"R_Innate_immune_response","DDX58","Immune_Regulation_Pathways"
"R_Innate_immune_response","DEFA1","Immune_Regulation_Pathways"
"R_Innate_immune_response","DEFA1B","Immune_Regulation_Pathways"
"R_Innate_immune_response","DEFA3","Immune_Regulation_Pathways"
"R_Innate_immune_response","DEFA4","Immune_Regulation_Pathways"
"R_Innate_immune_response","DEFA5","Immune_Regulation_Pathways"
"R_Innate_immune_response","DEFA6","Immune_Regulation_Pathways"
"R_Innate_immune_response","DEFB1","Immune_Regulation_Pathways"
"R_Innate_immune_response","DEFB103A","Immune_Regulation_Pathways"
"R_Innate_immune_response","DEFB103B","Immune_Regulation_Pathways"
"R_Innate_immune_response","DEFB104A","Immune_Regulation_Pathways"
"R_Innate_immune_response","DEFB104B","Immune_Regulation_Pathways"
"R_Innate_immune_response","DEFB105A","Immune_Regulation_Pathways"
"R_Innate_immune_response","DEFB105B","Immune_Regulation_Pathways"
"R_Innate_immune_response","DEFB106A","Immune_Regulation_Pathways"
"R_Innate_immune_response","DEFB106B","Immune_Regulation_Pathways"
"R_Innate_immune_response","DEFB107A","Immune_Regulation_Pathways"
"R_Innate_immune_response","DEFB107B","Immune_Regulation_Pathways"
"R_Innate_immune_response","DEFB108B","Immune_Regulation_Pathways"
"R_Innate_immune_response","DEFB110","Immune_Regulation_Pathways"
"R_Innate_immune_response","DEFB112","Immune_Regulation_Pathways"
"R_Innate_immune_response","DEFB113","Immune_Regulation_Pathways"
"R_Innate_immune_response","DEFB114","Immune_Regulation_Pathways"
"R_Innate_immune_response","DEFB115","Immune_Regulation_Pathways"
"R_Innate_immune_response","DEFB116","Immune_Regulation_Pathways"
"R_Innate_immune_response","DEFB118","Immune_Regulation_Pathways"
"R_Innate_immune_response","DEFB119","Immune_Regulation_Pathways"
"R_Innate_immune_response","DEFB121","Immune_Regulation_Pathways"
"R_Innate_immune_response","DEFB123","Immune_Regulation_Pathways"
"R_Innate_immune_response","DEFB124","Immune_Regulation_Pathways"
"R_Innate_immune_response","DEFB125","Immune_Regulation_Pathways"
"R_Innate_immune_response","DEFB126","Immune_Regulation_Pathways"
"R_Innate_immune_response","DEFB127","Immune_Regulation_Pathways"
"R_Innate_immune_response","DEFB128","Immune_Regulation_Pathways"
"R_Innate_immune_response","DEFB129","Immune_Regulation_Pathways"
"R_Innate_immune_response","DEFB130A","Immune_Regulation_Pathways"
"R_Innate_immune_response","DEFB130B","Immune_Regulation_Pathways"
"R_Innate_immune_response","DEFB131A","Immune_Regulation_Pathways"
"R_Innate_immune_response","DEFB132","Immune_Regulation_Pathways"
"R_Innate_immune_response","DEFB133","Immune_Regulation_Pathways"
"R_Innate_immune_response","DEFB134","Immune_Regulation_Pathways"
"R_Innate_immune_response","DEFB135","Immune_Regulation_Pathways"
"R_Innate_immune_response","DEFB136","Immune_Regulation_Pathways"
"R_Innate_immune_response","DEFB4A","Immune_Regulation_Pathways"
"R_Innate_immune_response","DEFB4B","Immune_Regulation_Pathways"
"R_Innate_immune_response","DEGS1","Immune_Regulation_Pathways"
"R_Innate_immune_response","DERA","Immune_Regulation_Pathways"
"R_Innate_immune_response","DGAT1","Immune_Regulation_Pathways"
"R_Innate_immune_response","DHX36","Immune_Regulation_Pathways"
"R_Innate_immune_response","DHX58","Immune_Regulation_Pathways"
"R_Innate_immune_response","DHX9","Immune_Regulation_Pathways"
"R_Innate_immune_response","DIAPH1","Immune_Regulation_Pathways"
"R_Innate_immune_response","DNAJC13","Immune_Regulation_Pathways"
"R_Innate_immune_response","DNAJC3","Immune_Regulation_Pathways"
"R_Innate_immune_response","DNAJC5","Immune_Regulation_Pathways"
"R_Innate_immune_response","DNASE1L1","Immune_Regulation_Pathways"
"R_Innate_immune_response","DNM1","Immune_Regulation_Pathways"
"R_Innate_immune_response","DNM2","Immune_Regulation_Pathways"
"R_Innate_immune_response","DNM3","Immune_Regulation_Pathways"
"R_Innate_immune_response","DOCK1","Immune_Regulation_Pathways"
"R_Innate_immune_response","DOCK2","Immune_Regulation_Pathways"
"R_Innate_immune_response","DOK3","Immune_Regulation_Pathways"
"R_Innate_immune_response","DPP7","Immune_Regulation_Pathways"
"R_Innate_immune_response","DSC1","Immune_Regulation_Pathways"
"R_Innate_immune_response","DSG1","Immune_Regulation_Pathways"
"R_Innate_immune_response","DSN1","Immune_Regulation_Pathways"
"R_Innate_immune_response","DSP","Immune_Regulation_Pathways"
"R_Innate_immune_response","DTX4","Immune_Regulation_Pathways"
"R_Innate_immune_response","DUSP3","Immune_Regulation_Pathways"
"R_Innate_immune_response","DUSP4","Immune_Regulation_Pathways"
"R_Innate_immune_response","DUSP6","Immune_Regulation_Pathways"
"R_Innate_immune_response","DUSP7","Immune_Regulation_Pathways"
"R_Innate_immune_response","DYNC1H1","Immune_Regulation_Pathways"
"R_Innate_immune_response","DYNC1LI1","Immune_Regulation_Pathways"
"R_Innate_immune_response","DYNLL1","Immune_Regulation_Pathways"
"R_Innate_immune_response","DYNLT1","Immune_Regulation_Pathways"
"R_Innate_immune_response","ECSIT","Immune_Regulation_Pathways"
"R_Innate_immune_response","EEA1","Immune_Regulation_Pathways"
"R_Innate_immune_response","EEF1A1","Immune_Regulation_Pathways"
"R_Innate_immune_response","EEF2","Immune_Regulation_Pathways"
"R_Innate_immune_response","ELANE","Immune_Regulation_Pathways"
"R_Innate_immune_response","ELK1","Immune_Regulation_Pathways"
"R_Innate_immune_response","ELMO1","Immune_Regulation_Pathways"
"R_Innate_immune_response","ELMO2","Immune_Regulation_Pathways"
"R_Innate_immune_response","ENPP4","Immune_Regulation_Pathways"
"R_Innate_immune_response","EP300","Immune_Regulation_Pathways"
"R_Innate_immune_response","EPPIN","Immune_Regulation_Pathways"
"R_Innate_immune_response","EPPIN-WFDC6","Immune_Regulation_Pathways"
"R_Innate_immune_response","EPX","Immune_Regulation_Pathways"
"R_Innate_immune_response","ERP44","Immune_Regulation_Pathways"
"R_Innate_immune_response","F2","Immune_Regulation_Pathways"
"R_Innate_immune_response","FABP5","Immune_Regulation_Pathways"
"R_Innate_immune_response","FADD","Immune_Regulation_Pathways"
"R_Innate_immune_response","FAF2","Immune_Regulation_Pathways"
"R_Innate_immune_response","FBXW11","Immune_Regulation_Pathways"
"R_Innate_immune_response","FCAR","Immune_Regulation_Pathways"
"R_Innate_immune_response","FCER1A","Immune_Regulation_Pathways"
"R_Innate_immune_response","FCER1G","Immune_Regulation_Pathways"
"R_Innate_immune_response","FCGR1A","Immune_Regulation_Pathways"
"R_Innate_immune_response","FCGR2A","Immune_Regulation_Pathways"
"R_Innate_immune_response","FCGR3A","Immune_Regulation_Pathways"
"R_Innate_immune_response","FCGR3B","Immune_Regulation_Pathways"
"R_Innate_immune_response","FCN1","Immune_Regulation_Pathways"
"R_Innate_immune_response","FCN2","Immune_Regulation_Pathways"
"R_Innate_immune_response","FCN3","Immune_Regulation_Pathways"
"R_Innate_immune_response","FGA","Immune_Regulation_Pathways"
"R_Innate_immune_response","FGB","Immune_Regulation_Pathways"
"R_Innate_immune_response","FGG","Immune_Regulation_Pathways"
"R_Innate_immune_response","FGL2","Immune_Regulation_Pathways"
"R_Innate_immune_response","FGR","Immune_Regulation_Pathways"
"R_Innate_immune_response","FLG2","Immune_Regulation_Pathways"
"R_Innate_immune_response","FOLR3","Immune_Regulation_Pathways"
"R_Innate_immune_response","FOS","Immune_Regulation_Pathways"
"R_Innate_immune_response","FPR1","Immune_Regulation_Pathways"
"R_Innate_immune_response","FPR2","Immune_Regulation_Pathways"
"R_Innate_immune_response","FRK","Immune_Regulation_Pathways"
"R_Innate_immune_response","FRMPD3","Immune_Regulation_Pathways"
"R_Innate_immune_response","FTH1","Immune_Regulation_Pathways"
"R_Innate_immune_response","FTL","Immune_Regulation_Pathways"
"R_Innate_immune_response","FUCA1","Immune_Regulation_Pathways"
"R_Innate_immune_response","FUCA2","Immune_Regulation_Pathways"
"R_Innate_immune_response","FYN","Immune_Regulation_Pathways"
"R_Innate_immune_response","GAA","Immune_Regulation_Pathways"
"R_Innate_immune_response","GAB2","Immune_Regulation_Pathways"
"R_Innate_immune_response","GALNS","Immune_Regulation_Pathways"
"R_Innate_immune_response","GCA","Immune_Regulation_Pathways"
"R_Innate_immune_response","GDI2","Immune_Regulation_Pathways"
"R_Innate_immune_response","GGH","Immune_Regulation_Pathways"
"R_Innate_immune_response","GHDC","Immune_Regulation_Pathways"
"R_Innate_immune_response","GLA","Immune_Regulation_Pathways"
"R_Innate_immune_response","GLB1","Immune_Regulation_Pathways"
"R_Innate_immune_response","GLIPR1","Immune_Regulation_Pathways"
"R_Innate_immune_response","GM2A","Immune_Regulation_Pathways"
"R_Innate_immune_response","GMFG","Immune_Regulation_Pathways"
"R_Innate_immune_response","GNLY","Immune_Regulation_Pathways"
"R_Innate_immune_response","GNS","Immune_Regulation_Pathways"
"R_Innate_immune_response","GOLGA7","Immune_Regulation_Pathways"
"R_Innate_immune_response","GPI","Immune_Regulation_Pathways"
"R_Innate_immune_response","GPR84","Immune_Regulation_Pathways"
"R_Innate_immune_response","GRAP2","Immune_Regulation_Pathways"
"R_Innate_immune_response","GRB2","Immune_Regulation_Pathways"
"R_Innate_immune_response","GRN","Immune_Regulation_Pathways"
"R_Innate_immune_response","GSDMD","Immune_Regulation_Pathways"
"R_Innate_immune_response","GSDME","Immune_Regulation_Pathways"
"R_Innate_immune_response","GSN","Immune_Regulation_Pathways"
"R_Innate_immune_response","GSTP1","Immune_Regulation_Pathways"
"R_Innate_immune_response","GUSB","Immune_Regulation_Pathways"
"R_Innate_immune_response","GYG1","Immune_Regulation_Pathways"
"R_Innate_immune_response","GZMM","Immune_Regulation_Pathways"
"R_Innate_immune_response","HBB","Immune_Regulation_Pathways"
"R_Innate_immune_response","HCK","Immune_Regulation_Pathways"
"R_Innate_immune_response","HEBP2","Immune_Regulation_Pathways"
"R_Innate_immune_response","HERC5","Immune_Regulation_Pathways"
"R_Innate_immune_response","HEXB","Immune_Regulation_Pathways"
"R_Innate_immune_response","HGSNAT","Immune_Regulation_Pathways"
"R_Innate_immune_response","HK3","Immune_Regulation_Pathways"
"R_Innate_immune_response","HLA-A","Immune_Regulation_Pathways"
"R_Innate_immune_response","HLA-B","Immune_Regulation_Pathways"
"R_Innate_immune_response","HLA-C","Immune_Regulation_Pathways"
"R_Innate_immune_response","HLA-E","Immune_Regulation_Pathways"
"R_Innate_immune_response","HMGB1","Immune_Regulation_Pathways"
"R_Innate_immune_response","HMOX1","Immune_Regulation_Pathways"
"R_Innate_immune_response","HMOX2","Immune_Regulation_Pathways"
"R_Innate_immune_response","HP","Immune_Regulation_Pathways"
"R_Innate_immune_response","HPSE","Immune_Regulation_Pathways"
"R_Innate_immune_response","HRAS","Immune_Regulation_Pathways"
"R_Innate_immune_response","HRNR","Immune_Regulation_Pathways"
"R_Innate_immune_response","HSP90AA1","Immune_Regulation_Pathways"
"R_Innate_immune_response","HSP90AB1","Immune_Regulation_Pathways"
"R_Innate_immune_response","HSP90B1","Immune_Regulation_Pathways"
"R_Innate_immune_response","HSPA1A","Immune_Regulation_Pathways"
"R_Innate_immune_response","HSPA1B","Immune_Regulation_Pathways"
"R_Innate_immune_response","HSPA6","Immune_Regulation_Pathways"
"R_Innate_immune_response","HSPA8","Immune_Regulation_Pathways"
"R_Innate_immune_response","HTN1","Immune_Regulation_Pathways"
"R_Innate_immune_response","HTN3","Immune_Regulation_Pathways"
"R_Innate_immune_response","HUWE1","Immune_Regulation_Pathways"
"R_Innate_immune_response","HVCN1","Immune_Regulation_Pathways"
"R_Innate_immune_response","ICAM2","Immune_Regulation_Pathways"
"R_Innate_immune_response","ICAM3","Immune_Regulation_Pathways"
"R_Innate_immune_response","IDH1","Immune_Regulation_Pathways"
"R_Innate_immune_response","IFI16","Immune_Regulation_Pathways"
"R_Innate_immune_response","IFIH1","Immune_Regulation_Pathways"
"R_Innate_immune_response","IFNA1","Immune_Regulation_Pathways"
"R_Innate_immune_response","IFNA10","Immune_Regulation_Pathways"
"R_Innate_immune_response","IFNA13","Immune_Regulation_Pathways"
"R_Innate_immune_response","IFNA14","Immune_Regulation_Pathways"
"R_Innate_immune_response","IFNA16","Immune_Regulation_Pathways"
"R_Innate_immune_response","IFNA17","Immune_Regulation_Pathways"
"R_Innate_immune_response","IFNA2","Immune_Regulation_Pathways"
"R_Innate_immune_response","IFNA21","Immune_Regulation_Pathways"
"R_Innate_immune_response","IFNA4","Immune_Regulation_Pathways"
"R_Innate_immune_response","IFNA5","Immune_Regulation_Pathways"
"R_Innate_immune_response","IFNA6","Immune_Regulation_Pathways"
"R_Innate_immune_response","IFNA7","Immune_Regulation_Pathways"
"R_Innate_immune_response","IFNA8","Immune_Regulation_Pathways"
"R_Innate_immune_response","IFNB1","Immune_Regulation_Pathways"
"R_Innate_immune_response","IGF2R","Immune_Regulation_Pathways"
"R_Innate_immune_response","IGHE","Immune_Regulation_Pathways"
"R_Innate_immune_response","IGHG1","Immune_Regulation_Pathways"
"R_Innate_immune_response","IGHG2","Immune_Regulation_Pathways"
"R_Innate_immune_response","IGHG4","Immune_Regulation_Pathways"
"R_Innate_immune_response","IGHV1-2","Immune_Regulation_Pathways"
"R_Innate_immune_response","IGHV1-46","Immune_Regulation_Pathways"
"R_Innate_immune_response","IGHV1-69","Immune_Regulation_Pathways"
"R_Innate_immune_response","IGHV2-5","Immune_Regulation_Pathways"
"R_Innate_immune_response","IGHV2-70","Immune_Regulation_Pathways"
"R_Innate_immune_response","IGHV3-11","Immune_Regulation_Pathways"
"R_Innate_immune_response","IGHV3-13","Immune_Regulation_Pathways"
"R_Innate_immune_response","IGHV3-23","Immune_Regulation_Pathways"
"R_Innate_immune_response","IGHV3-30","Immune_Regulation_Pathways"
"R_Innate_immune_response","IGHV3-33","Immune_Regulation_Pathways"
"R_Innate_immune_response","IGHV3-48","Immune_Regulation_Pathways"
"R_Innate_immune_response","IGHV3-53","Immune_Regulation_Pathways"
"R_Innate_immune_response","IGHV3-7","Immune_Regulation_Pathways"
"R_Innate_immune_response","IGHV4-34","Immune_Regulation_Pathways"
"R_Innate_immune_response","IGHV4-39","Immune_Regulation_Pathways"
"R_Innate_immune_response","IGHV4-59","Immune_Regulation_Pathways"
"R_Innate_immune_response","IGKV1-12","Immune_Regulation_Pathways"
"R_Innate_immune_response","IGKV1-16","Immune_Regulation_Pathways"
"R_Innate_immune_response","IGKV1-17","Immune_Regulation_Pathways"
"R_Innate_immune_response","IGKV1-33","Immune_Regulation_Pathways"
"R_Innate_immune_response","IGKV1-39","Immune_Regulation_Pathways"
"R_Innate_immune_response","IGKV1-5","Immune_Regulation_Pathways"
"R_Innate_immune_response","IGKV1D-12","Immune_Regulation_Pathways"
"R_Innate_immune_response","IGKV1D-16","Immune_Regulation_Pathways"
"R_Innate_immune_response","IGKV1D-33","Immune_Regulation_Pathways"
"R_Innate_immune_response","IGKV1D-39","Immune_Regulation_Pathways"
"R_Innate_immune_response","IGKV2-28","Immune_Regulation_Pathways"
"R_Innate_immune_response","IGKV2-30","Immune_Regulation_Pathways"
"R_Innate_immune_response","IGKV2D-28","Immune_Regulation_Pathways"
"R_Innate_immune_response","IGKV2D-30","Immune_Regulation_Pathways"
"R_Innate_immune_response","IGKV2D-40","Immune_Regulation_Pathways"
"R_Innate_immune_response","IGKV3-11","Immune_Regulation_Pathways"
"R_Innate_immune_response","IGKV3-15","Immune_Regulation_Pathways"
"R_Innate_immune_response","IGKV3-20","Immune_Regulation_Pathways"
"R_Innate_immune_response","IGKV3D-20","Immune_Regulation_Pathways"
"R_Innate_immune_response","IGKV4-1","Immune_Regulation_Pathways"
"R_Innate_immune_response","IGKV5-2","Immune_Regulation_Pathways"
"R_Innate_immune_response","IGLC2","Immune_Regulation_Pathways"
"R_Innate_immune_response","IGLC3","Immune_Regulation_Pathways"
"R_Innate_immune_response","IGLV1-40","Immune_Regulation_Pathways"
"R_Innate_immune_response","IGLV1-44","Immune_Regulation_Pathways"
"R_Innate_immune_response","IGLV1-47","Immune_Regulation_Pathways"
"R_Innate_immune_response","IGLV1-51","Immune_Regulation_Pathways"
"R_Innate_immune_response","IGLV2-11","Immune_Regulation_Pathways"
"R_Innate_immune_response","IGLV2-14","Immune_Regulation_Pathways"
"R_Innate_immune_response","IGLV2-23","Immune_Regulation_Pathways"
"R_Innate_immune_response","IGLV2-8","Immune_Regulation_Pathways"
"R_Innate_immune_response","IGLV3-1","Immune_Regulation_Pathways"
"R_Innate_immune_response","IGLV3-19","Immune_Regulation_Pathways"
"R_Innate_immune_response","IGLV3-21","Immune_Regulation_Pathways"
"R_Innate_immune_response","IGLV3-25","Immune_Regulation_Pathways"
"R_Innate_immune_response","IGLV3-27","Immune_Regulation_Pathways"
"R_Innate_immune_response","IGLV6-57","Immune_Regulation_Pathways"
"R_Innate_immune_response","IGLV7-43","Immune_Regulation_Pathways"
"R_Innate_immune_response","IKBKB","Immune_Regulation_Pathways"
"R_Innate_immune_response","IKBKE","Immune_Regulation_Pathways"
"R_Innate_immune_response","IKBKG","Immune_Regulation_Pathways"
"R_Innate_immune_response","IL1B","Immune_Regulation_Pathways"
"R_Innate_immune_response","ILF2","Immune_Regulation_Pathways"
"R_Innate_immune_response","IMPDH1","Immune_Regulation_Pathways"
"R_Innate_immune_response","IMPDH2","Immune_Regulation_Pathways"
"R_Innate_immune_response","IQGAP1","Immune_Regulation_Pathways"
"R_Innate_immune_response","IQGAP2","Immune_Regulation_Pathways"
"R_Innate_immune_response","IRAG2","Immune_Regulation_Pathways"
"R_Innate_immune_response","IRAK1","Immune_Regulation_Pathways"
"R_Innate_immune_response","IRAK2","Immune_Regulation_Pathways"
"R_Innate_immune_response","IRAK3","Immune_Regulation_Pathways"
"R_Innate_immune_response","IRAK4","Immune_Regulation_Pathways"
"R_Innate_immune_response","IRF3","Immune_Regulation_Pathways"
"R_Innate_immune_response","IRF7","Immune_Regulation_Pathways"
"R_Innate_immune_response","ISG15","Immune_Regulation_Pathways"
"R_Innate_immune_response","IST1","Immune_Regulation_Pathways"
"R_Innate_immune_response","ITCH","Immune_Regulation_Pathways"
"R_Innate_immune_response","ITGAL","Immune_Regulation_Pathways"
"R_Innate_immune_response","ITGAM","Immune_Regulation_Pathways"
"R_Innate_immune_response","ITGAV","Immune_Regulation_Pathways"
"R_Innate_immune_response","ITGAX","Immune_Regulation_Pathways"
"R_Innate_immune_response","ITGB2","Immune_Regulation_Pathways"
"R_Innate_immune_response","ITK","Immune_Regulation_Pathways"
"R_Innate_immune_response","ITLN1","Immune_Regulation_Pathways"
"R_Innate_immune_response","ITPR1","Immune_Regulation_Pathways"
"R_Innate_immune_response","ITPR2","Immune_Regulation_Pathways"
"R_Innate_immune_response","ITPR3","Immune_Regulation_Pathways"
"R_Innate_immune_response","JUN","Immune_Regulation_Pathways"
"R_Innate_immune_response","JUP","Immune_Regulation_Pathways"
"R_Innate_immune_response","KCMF1","Immune_Regulation_Pathways"
"R_Innate_immune_response","KCNAB2","Immune_Regulation_Pathways"
"R_Innate_immune_response","KIR2DS1","Immune_Regulation_Pathways"
"R_Innate_immune_response","KIR2DS2","Immune_Regulation_Pathways"
"R_Innate_immune_response","KIR2DS4","Immune_Regulation_Pathways"
"R_Innate_immune_response","KIR2DS5","Immune_Regulation_Pathways"
"R_Innate_immune_response","KIR3DS1","Immune_Regulation_Pathways"
"R_Innate_immune_response","KLRC2","Immune_Regulation_Pathways"
"R_Innate_immune_response","KLRD1","Immune_Regulation_Pathways"
"R_Innate_immune_response","KLRK1","Immune_Regulation_Pathways"
"R_Innate_immune_response","KPNB1","Immune_Regulation_Pathways"
"R_Innate_immune_response","KRAS","Immune_Regulation_Pathways"
"R_Innate_immune_response","KRT1","Immune_Regulation_Pathways"
"R_Innate_immune_response","LAIR1","Immune_Regulation_Pathways"
"R_Innate_immune_response","LAMP1","Immune_Regulation_Pathways"
"R_Innate_immune_response","LAMP2","Immune_Regulation_Pathways"
"R_Innate_immune_response","LAMTOR1","Immune_Regulation_Pathways"
"R_Innate_immune_response","LAMTOR2","Immune_Regulation_Pathways"
"R_Innate_immune_response","LAMTOR3","Immune_Regulation_Pathways"
"R_Innate_immune_response","LAT","Immune_Regulation_Pathways"
"R_Innate_immune_response","LAT2","Immune_Regulation_Pathways"
"R_Innate_immune_response","LBP","Immune_Regulation_Pathways"
"R_Innate_immune_response","LCK","Immune_Regulation_Pathways"
"R_Innate_immune_response","LCN2","Immune_Regulation_Pathways"
"R_Innate_immune_response","LCP2","Immune_Regulation_Pathways"
"R_Innate_immune_response","LEAP2","Immune_Regulation_Pathways"
"R_Innate_immune_response","LGALS3","Immune_Regulation_Pathways"
"R_Innate_immune_response","LGMN","Immune_Regulation_Pathways"
"R_Innate_immune_response","LILRA3","Immune_Regulation_Pathways"
"R_Innate_immune_response","LILRB2","Immune_Regulation_Pathways"
"R_Innate_immune_response","LILRB3","Immune_Regulation_Pathways"
"R_Innate_immune_response","LIMK1","Immune_Regulation_Pathways"
"R_Innate_immune_response","LPCAT1","Immune_Regulation_Pathways"
"R_Innate_immune_response","LPO","Immune_Regulation_Pathways"
"R_Innate_immune_response","LRG1","Immune_Regulation_Pathways"
"R_Innate_immune_response","LRRC7","Immune_Regulation_Pathways"
"R_Innate_immune_response","LRRFIP1","Immune_Regulation_Pathways"
"R_Innate_immune_response","LTA4H","Immune_Regulation_Pathways"
"R_Innate_immune_response","LTF","Immune_Regulation_Pathways"
"R_Innate_immune_response","LY86","Immune_Regulation_Pathways"
"R_Innate_immune_response","LY96","Immune_Regulation_Pathways"
"R_Innate_immune_response","LYN","Immune_Regulation_Pathways"
"R_Innate_immune_response","LYZ","Immune_Regulation_Pathways"
"R_Innate_immune_response","MAGT1","Immune_Regulation_Pathways"
"R_Innate_immune_response","MALT1","Immune_Regulation_Pathways"
"R_Innate_immune_response","MAN2B1","Immune_Regulation_Pathways"
"R_Innate_immune_response","MANBA","Immune_Regulation_Pathways"
"R_Innate_immune_response","MAP2K1","Immune_Regulation_Pathways"
"R_Innate_immune_response","MAP2K3","Immune_Regulation_Pathways"
"R_Innate_immune_response","MAP2K4","Immune_Regulation_Pathways"
"R_Innate_immune_response","MAP2K6","Immune_Regulation_Pathways"
"R_Innate_immune_response","MAP2K7","Immune_Regulation_Pathways"
"R_Innate_immune_response","MAP3K1","Immune_Regulation_Pathways"
"R_Innate_immune_response","MAP3K14","Immune_Regulation_Pathways"
"R_Innate_immune_response","MAP3K7","Immune_Regulation_Pathways"
"R_Innate_immune_response","MAP3K8","Immune_Regulation_Pathways"
"R_Innate_immune_response","MAPK1","Immune_Regulation_Pathways"
"R_Innate_immune_response","MAPK10","Immune_Regulation_Pathways"
"R_Innate_immune_response","MAPK11","Immune_Regulation_Pathways"
"R_Innate_immune_response","MAPK12","Immune_Regulation_Pathways"
"R_Innate_immune_response","MAPK13","Immune_Regulation_Pathways"
"R_Innate_immune_response","MAPK14","Immune_Regulation_Pathways"
"R_Innate_immune_response","MAPK3","Immune_Regulation_Pathways"
"R_Innate_immune_response","MAPK7","Immune_Regulation_Pathways"
"R_Innate_immune_response","MAPK8","Immune_Regulation_Pathways"
"R_Innate_immune_response","MAPK9","Immune_Regulation_Pathways"
"R_Innate_immune_response","MAPKAPK2","Immune_Regulation_Pathways"
"R_Innate_immune_response","MAPKAPK3","Immune_Regulation_Pathways"
"R_Innate_immune_response","MASP1","Immune_Regulation_Pathways"
"R_Innate_immune_response","MASP2","Immune_Regulation_Pathways"
"R_Innate_immune_response","MAVS","Immune_Regulation_Pathways"
"R_Innate_immune_response","MBL2","Immune_Regulation_Pathways"
"R_Innate_immune_response","MCEMP1","Immune_Regulation_Pathways"
"R_Innate_immune_response","MEF2A","Immune_Regulation_Pathways"
"R_Innate_immune_response","MEF2C","Immune_Regulation_Pathways"
"R_Innate_immune_response","MEFV","Immune_Regulation_Pathways"
"R_Innate_immune_response","METTL7A","Immune_Regulation_Pathways"
"R_Innate_immune_response","MGAM","Immune_Regulation_Pathways"
"R_Innate_immune_response","MGST1","Immune_Regulation_Pathways"
"R_Innate_immune_response","MIF","Immune_Regulation_Pathways"
"R_Innate_immune_response","MLEC","Immune_Regulation_Pathways"
"R_Innate_immune_response","MME","Immune_Regulation_Pathways"
"R_Innate_immune_response","MMP25","Immune_Regulation_Pathways"
"R_Innate_immune_response","MMP8","Immune_Regulation_Pathways"
"R_Innate_immune_response","MMP9","Immune_Regulation_Pathways"
"R_Innate_immune_response","MNDA","Immune_Regulation_Pathways"
"R_Innate_immune_response","MOSPD2","Immune_Regulation_Pathways"
"R_Innate_immune_response","MPO","Immune_Regulation_Pathways"
"R_Innate_immune_response","MRE11","Immune_Regulation_Pathways"
"R_Innate_immune_response","MS4A2","Immune_Regulation_Pathways"
"R_Innate_immune_response","MS4A3","Immune_Regulation_Pathways"
"R_Innate_immune_response","MUC1","Immune_Regulation_Pathways"
"R_Innate_immune_response","MUC12","Immune_Regulation_Pathways"
"R_Innate_immune_response","MUC13","Immune_Regulation_Pathways"
"R_Innate_immune_response","MUC15","Immune_Regulation_Pathways"
"R_Innate_immune_response","MUC16","Immune_Regulation_Pathways"
"R_Innate_immune_response","MUC17","Immune_Regulation_Pathways"
"R_Innate_immune_response","MUC20","Immune_Regulation_Pathways"
"R_Innate_immune_response","MUC21","Immune_Regulation_Pathways"
"R_Innate_immune_response","MUC3A","Immune_Regulation_Pathways"
"R_Innate_immune_response","MUC4","Immune_Regulation_Pathways"
"R_Innate_immune_response","MUC5AC","Immune_Regulation_Pathways"
"R_Innate_immune_response","MUC5B","Immune_Regulation_Pathways"
"R_Innate_immune_response","MUC6","Immune_Regulation_Pathways"
"R_Innate_immune_response","MUC7","Immune_Regulation_Pathways"
"R_Innate_immune_response","MUCL1","Immune_Regulation_Pathways"
"R_Innate_immune_response","MVP","Immune_Regulation_Pathways"
"R_Innate_immune_response","MYD88","Immune_Regulation_Pathways"
"R_Innate_immune_response","MYH2","Immune_Regulation_Pathways"
"R_Innate_immune_response","MYH9","Immune_Regulation_Pathways"
"R_Innate_immune_response","MYO10","Immune_Regulation_Pathways"
"R_Innate_immune_response","MYO1C","Immune_Regulation_Pathways"
"R_Innate_immune_response","MYO5A","Immune_Regulation_Pathways"
"R_Innate_immune_response","MYO9B","Immune_Regulation_Pathways"
"R_Innate_immune_response","NAPRT","Immune_Regulation_Pathways"
"R_Innate_immune_response","NBEAL2","Immune_Regulation_Pathways"
"R_Innate_immune_response","NCF1","Immune_Regulation_Pathways"
"R_Innate_immune_response","NCF2","Immune_Regulation_Pathways"
"R_Innate_immune_response","NCF4","Immune_Regulation_Pathways"
"R_Innate_immune_response","NCK1","Immune_Regulation_Pathways"
"R_Innate_immune_response","NCKAP1","Immune_Regulation_Pathways"
"R_Innate_immune_response","NCKAP1L","Immune_Regulation_Pathways"
"R_Innate_immune_response","NCKIPSD","Immune_Regulation_Pathways"
"R_Innate_immune_response","NCR2","Immune_Regulation_Pathways"
"R_Innate_immune_response","NCSTN","Immune_Regulation_Pathways"
"R_Innate_immune_response","NDUFC2","Immune_Regulation_Pathways"
"R_Innate_immune_response","NEU1","Immune_Regulation_Pathways"
"R_Innate_immune_response","NF2","Immune_Regulation_Pathways"
"R_Innate_immune_response","NFAM1","Immune_Regulation_Pathways"
"R_Innate_immune_response","NFASC","Immune_Regulation_Pathways"
"R_Innate_immune_response","NFATC1","Immune_Regulation_Pathways"
"R_Innate_immune_response","NFATC2","Immune_Regulation_Pathways"
"R_Innate_immune_response","NFATC3","Immune_Regulation_Pathways"
"R_Innate_immune_response","NFKB1","Immune_Regulation_Pathways"
"R_Innate_immune_response","NFKB2","Immune_Regulation_Pathways"
"R_Innate_immune_response","NFKBIA","Immune_Regulation_Pathways"
"R_Innate_immune_response","NFKBIB","Immune_Regulation_Pathways"
"R_Innate_immune_response","NHLRC3","Immune_Regulation_Pathways"
"R_Innate_immune_response","NIT2","Immune_Regulation_Pathways"
"R_Innate_immune_response","NKIRAS1","Immune_Regulation_Pathways"
"R_Innate_immune_response","NKIRAS2","Immune_Regulation_Pathways"
"R_Innate_immune_response","NLRC3","Immune_Regulation_Pathways"
"R_Innate_immune_response","NLRC4","Immune_Regulation_Pathways"
"R_Innate_immune_response","NLRC5","Immune_Regulation_Pathways"
"R_Innate_immune_response","NLRP1","Immune_Regulation_Pathways"
"R_Innate_immune_response","NLRP3","Immune_Regulation_Pathways"
"R_Innate_immune_response","NLRP4","Immune_Regulation_Pathways"
"R_Innate_immune_response","NLRX1","Immune_Regulation_Pathways"
"R_Innate_immune_response","NME2","Immune_Regulation_Pathways"
"R_Innate_immune_response","NOD1","Immune_Regulation_Pathways"
"R_Innate_immune_response","NOD2","Immune_Regulation_Pathways"
"R_Innate_immune_response","NOS1","Immune_Regulation_Pathways"
"R_Innate_immune_response","NOS2","Immune_Regulation_Pathways"
"R_Innate_immune_response","NOS3","Immune_Regulation_Pathways"
"R_Innate_immune_response","NPC2","Immune_Regulation_Pathways"
"R_Innate_immune_response","NRAS","Immune_Regulation_Pathways"
"R_Innate_immune_response","OLFM4","Immune_Regulation_Pathways"
"R_Innate_immune_response","OLR1","Immune_Regulation_Pathways"
"R_Innate_immune_response","ORM1","Immune_Regulation_Pathways"
"R_Innate_immune_response","ORM2","Immune_Regulation_Pathways"
"R_Innate_immune_response","ORMDL3","Immune_Regulation_Pathways"
"R_Innate_immune_response","OSCAR","Immune_Regulation_Pathways"
"R_Innate_immune_response","OSTF1","Immune_Regulation_Pathways"
"R_Innate_immune_response","OTUD5","Immune_Regulation_Pathways"
"R_Innate_immune_response","P2RX1","Immune_Regulation_Pathways"
"R_Innate_immune_response","P2RX7","Immune_Regulation_Pathways"
"R_Innate_immune_response","PA2G4","Immune_Regulation_Pathways"
"R_Innate_immune_response","PADI2","Immune_Regulation_Pathways"
"R_Innate_immune_response","PAFAH1B2","Immune_Regulation_Pathways"
"R_Innate_immune_response","PAK1","Immune_Regulation_Pathways"
"R_Innate_immune_response","PAK2","Immune_Regulation_Pathways"
"R_Innate_immune_response","PAK3","Immune_Regulation_Pathways"
"R_Innate_immune_response","PANX1","Immune_Regulation_Pathways"
"R_Innate_immune_response","PCBP2","Immune_Regulation_Pathways"
"R_Innate_immune_response","PDAP1","Immune_Regulation_Pathways"
"R_Innate_immune_response","PDPK1","Immune_Regulation_Pathways"
"R_Innate_immune_response","PDXK","Immune_Regulation_Pathways"
"R_Innate_immune_response","PDZD11","Immune_Regulation_Pathways"
"R_Innate_immune_response","PECAM1","Immune_Regulation_Pathways"
"R_Innate_immune_response","PELI1","Immune_Regulation_Pathways"
"R_Innate_immune_response","PELI2","Immune_Regulation_Pathways"
"R_Innate_immune_response","PELI3","Immune_Regulation_Pathways"
"R_Innate_immune_response","PFKL","Immune_Regulation_Pathways"
"R_Innate_immune_response","PGAM1","Immune_Regulation_Pathways"
"R_Innate_immune_response","PGLYRP1","Immune_Regulation_Pathways"
"R_Innate_immune_response","PGLYRP2","Immune_Regulation_Pathways"
"R_Innate_immune_response","PGLYRP3","Immune_Regulation_Pathways"
"R_Innate_immune_response","PGLYRP4","Immune_Regulation_Pathways"
"R_Innate_immune_response","PGM1","Immune_Regulation_Pathways"
"R_Innate_immune_response","PGM2","Immune_Regulation_Pathways"
"R_Innate_immune_response","PGRMC1","Immune_Regulation_Pathways"
"R_Innate_immune_response","PI3","Immune_Regulation_Pathways"
"R_Innate_immune_response","PIGR","Immune_Regulation_Pathways"
"R_Innate_immune_response","PIK3C3","Immune_Regulation_Pathways"
"R_Innate_immune_response","PIK3CA","Immune_Regulation_Pathways"
"R_Innate_immune_response","PIK3CB","Immune_Regulation_Pathways"
"R_Innate_immune_response","PIK3R1","Immune_Regulation_Pathways"
"R_Innate_immune_response","PIK3R2","Immune_Regulation_Pathways"
"R_Innate_immune_response","PIK3R4","Immune_Regulation_Pathways"
"R_Innate_immune_response","PIN1","Immune_Regulation_Pathways"
"R_Innate_immune_response","PKM","Immune_Regulation_Pathways"
"R_Innate_immune_response","PKP1","Immune_Regulation_Pathways"
"R_Innate_immune_response","PLA2G2A","Immune_Regulation_Pathways"
"R_Innate_immune_response","PLA2G6","Immune_Regulation_Pathways"
"R_Innate_immune_response","PLAC8","Immune_Regulation_Pathways"
"R_Innate_immune_response","PLAU","Immune_Regulation_Pathways"
"R_Innate_immune_response","PLAUR","Immune_Regulation_Pathways"
"R_Innate_immune_response","PLCG1","Immune_Regulation_Pathways"
"R_Innate_immune_response","PLCG2","Immune_Regulation_Pathways"
"R_Innate_immune_response","PLD1","Immune_Regulation_Pathways"
"R_Innate_immune_response","PLD2","Immune_Regulation_Pathways"
"R_Innate_immune_response","PLD3","Immune_Regulation_Pathways"
"R_Innate_immune_response","PLD4","Immune_Regulation_Pathways"
"R_Innate_immune_response","PLEKHO2","Immune_Regulation_Pathways"
"R_Innate_immune_response","PLPP4","Immune_Regulation_Pathways"
"R_Innate_immune_response","PLPP5","Immune_Regulation_Pathways"
"R_Innate_immune_response","PNP","Immune_Regulation_Pathways"
"R_Innate_immune_response","POLR1C","Immune_Regulation_Pathways"
"R_Innate_immune_response","POLR1D","Immune_Regulation_Pathways"
"R_Innate_immune_response","POLR2E","Immune_Regulation_Pathways"
"R_Innate_immune_response","POLR2F","Immune_Regulation_Pathways"
"R_Innate_immune_response","POLR2H","Immune_Regulation_Pathways"
"R_Innate_immune_response","POLR2K","Immune_Regulation_Pathways"
"R_Innate_immune_response","POLR2L","Immune_Regulation_Pathways"
"R_Innate_immune_response","POLR3A","Immune_Regulation_Pathways"
"R_Innate_immune_response","POLR3B","Immune_Regulation_Pathways"
"R_Innate_immune_response","POLR3C","Immune_Regulation_Pathways"
"R_Innate_immune_response","POLR3D","Immune_Regulation_Pathways"
"R_Innate_immune_response","POLR3E","Immune_Regulation_Pathways"
"R_Innate_immune_response","POLR3F","Immune_Regulation_Pathways"
"R_Innate_immune_response","POLR3G","Immune_Regulation_Pathways"
"R_Innate_immune_response","POLR3GL","Immune_Regulation_Pathways"
"R_Innate_immune_response","POLR3H","Immune_Regulation_Pathways"
"R_Innate_immune_response","POLR3K","Immune_Regulation_Pathways"
"R_Innate_immune_response","PPBP","Immune_Regulation_Pathways"
"R_Innate_immune_response","PPIA","Immune_Regulation_Pathways"
"R_Innate_immune_response","PPIE","Immune_Regulation_Pathways"
"R_Innate_immune_response","PPP2CA","Immune_Regulation_Pathways"
"R_Innate_immune_response","PPP2CB","Immune_Regulation_Pathways"
"R_Innate_immune_response","PPP2R1A","Immune_Regulation_Pathways"
"R_Innate_immune_response","PPP2R1B","Immune_Regulation_Pathways"
"R_Innate_immune_response","PPP2R5D","Immune_Regulation_Pathways"
"R_Innate_immune_response","PPP3CA","Immune_Regulation_Pathways"
"R_Innate_immune_response","PPP3CB","Immune_Regulation_Pathways"
"R_Innate_immune_response","PPP3R1","Immune_Regulation_Pathways"
"R_Innate_immune_response","PRCP","Immune_Regulation_Pathways"
"R_Innate_immune_response","PRDX4","Immune_Regulation_Pathways"
"R_Innate_immune_response","PRDX6","Immune_Regulation_Pathways"
"R_Innate_immune_response","PRG2","Immune_Regulation_Pathways"
"R_Innate_immune_response","PRG3","Immune_Regulation_Pathways"
"R_Innate_immune_response","PRKACA","Immune_Regulation_Pathways"
"R_Innate_immune_response","PRKACB","Immune_Regulation_Pathways"
"R_Innate_immune_response","PRKACG","Immune_Regulation_Pathways"
"R_Innate_immune_response","PRKCD","Immune_Regulation_Pathways"
"R_Innate_immune_response","PRKCE","Immune_Regulation_Pathways"
"R_Innate_immune_response","PRKCQ","Immune_Regulation_Pathways"
"R_Innate_immune_response","PRKCSH","Immune_Regulation_Pathways"
"R_Innate_immune_response","PRKDC","Immune_Regulation_Pathways"
"R_Innate_immune_response","PROS1","Immune_Regulation_Pathways"
"R_Innate_immune_response","PRSS2","Immune_Regulation_Pathways"
"R_Innate_immune_response","PRSS3","Immune_Regulation_Pathways"
"R_Innate_immune_response","PRTN3","Immune_Regulation_Pathways"
"R_Innate_immune_response","PSAP","Immune_Regulation_Pathways"
"R_Innate_immune_response","PSEN1","Immune_Regulation_Pathways"
"R_Innate_immune_response","PSMA1","Immune_Regulation_Pathways"
"R_Innate_immune_response","PSMA2","Immune_Regulation_Pathways"
"R_Innate_immune_response","PSMA3","Immune_Regulation_Pathways"
"R_Innate_immune_response","PSMA4","Immune_Regulation_Pathways"
"R_Innate_immune_response","PSMA5","Immune_Regulation_Pathways"
"R_Innate_immune_response","PSMA6","Immune_Regulation_Pathways"
"R_Innate_immune_response","PSMA7","Immune_Regulation_Pathways"
"R_Innate_immune_response","PSMA8","Immune_Regulation_Pathways"
"R_Innate_immune_response","PSMB1","Immune_Regulation_Pathways"
"R_Innate_immune_response","PSMB10","Immune_Regulation_Pathways"
"R_Innate_immune_response","PSMB11","Immune_Regulation_Pathways"
"R_Innate_immune_response","PSMB2","Immune_Regulation_Pathways"
"R_Innate_immune_response","PSMB3","Immune_Regulation_Pathways"
"R_Innate_immune_response","PSMB4","Immune_Regulation_Pathways"
"R_Innate_immune_response","PSMB5","Immune_Regulation_Pathways"
"R_Innate_immune_response","PSMB6","Immune_Regulation_Pathways"
"R_Innate_immune_response","PSMB7","Immune_Regulation_Pathways"
"R_Innate_immune_response","PSMB8","Immune_Regulation_Pathways"
"R_Innate_immune_response","PSMB9","Immune_Regulation_Pathways"
"R_Innate_immune_response","PSMC1","Immune_Regulation_Pathways"
"R_Innate_immune_response","PSMC2","Immune_Regulation_Pathways"
"R_Innate_immune_response","PSMC3","Immune_Regulation_Pathways"
"R_Innate_immune_response","PSMC4","Immune_Regulation_Pathways"
"R_Innate_immune_response","PSMC5","Immune_Regulation_Pathways"
"R_Innate_immune_response","PSMC6","Immune_Regulation_Pathways"
"R_Innate_immune_response","PSMD1","Immune_Regulation_Pathways"
"R_Innate_immune_response","PSMD10","Immune_Regulation_Pathways"
"R_Innate_immune_response","PSMD11","Immune_Regulation_Pathways"
"R_Innate_immune_response","PSMD12","Immune_Regulation_Pathways"
"R_Innate_immune_response","PSMD13","Immune_Regulation_Pathways"
"R_Innate_immune_response","PSMD14","Immune_Regulation_Pathways"
"R_Innate_immune_response","PSMD2","Immune_Regulation_Pathways"
"R_Innate_immune_response","PSMD3","Immune_Regulation_Pathways"
"R_Innate_immune_response","PSMD4","Immune_Regulation_Pathways"
"R_Innate_immune_response","PSMD5","Immune_Regulation_Pathways"
"R_Innate_immune_response","PSMD6","Immune_Regulation_Pathways"
"R_Innate_immune_response","PSMD7","Immune_Regulation_Pathways"
"R_Innate_immune_response","PSMD8","Immune_Regulation_Pathways"
"R_Innate_immune_response","PSMD9","Immune_Regulation_Pathways"
"R_Innate_immune_response","PSME1","Immune_Regulation_Pathways"
"R_Innate_immune_response","PSME2","Immune_Regulation_Pathways"
"R_Innate_immune_response","PSME3","Immune_Regulation_Pathways"
"R_Innate_immune_response","PSME4","Immune_Regulation_Pathways"
"R_Innate_immune_response","PSMF1","Immune_Regulation_Pathways"
"R_Innate_immune_response","PSTPIP1","Immune_Regulation_Pathways"
"R_Innate_immune_response","PTAFR","Immune_Regulation_Pathways"
"R_Innate_immune_response","PTGES2","Immune_Regulation_Pathways"
"R_Innate_immune_response","PTK2","Immune_Regulation_Pathways"
"R_Innate_immune_response","PTPN11","Immune_Regulation_Pathways"
"R_Innate_immune_response","PTPN4","Immune_Regulation_Pathways"
"R_Innate_immune_response","PTPN6","Immune_Regulation_Pathways"
"R_Innate_immune_response","PTPRB","Immune_Regulation_Pathways"
"R_Innate_immune_response","PTPRC","Immune_Regulation_Pathways"
"R_Innate_immune_response","PTPRJ","Immune_Regulation_Pathways"
"R_Innate_immune_response","PTPRN2","Immune_Regulation_Pathways"
"R_Innate_immune_response","PTX3","Immune_Regulation_Pathways"
"R_Innate_immune_response","PYCARD","Immune_Regulation_Pathways"
"R_Innate_immune_response","PYGB","Immune_Regulation_Pathways"
"R_Innate_immune_response","PYGL","Immune_Regulation_Pathways"
"R_Innate_immune_response","QPCT","Immune_Regulation_Pathways"
"R_Innate_immune_response","QSOX1","Immune_Regulation_Pathways"
"R_Innate_immune_response","RAB10","Immune_Regulation_Pathways"
"R_Innate_immune_response","RAB14","Immune_Regulation_Pathways"
"R_Innate_immune_response","RAB18","Immune_Regulation_Pathways"
"R_Innate_immune_response","RAB24","Immune_Regulation_Pathways"
"R_Innate_immune_response","RAB27A","Immune_Regulation_Pathways"
"R_Innate_immune_response","RAB31","Immune_Regulation_Pathways"
"R_Innate_immune_response","RAB37","Immune_Regulation_Pathways"
"R_Innate_immune_response","RAB3A","Immune_Regulation_Pathways"
"R_Innate_immune_response","RAB3D","Immune_Regulation_Pathways"
"R_Innate_immune_response","RAB44","Immune_Regulation_Pathways"
"R_Innate_immune_response","RAB4B","Immune_Regulation_Pathways"
"R_Innate_immune_response","RAB5B","Immune_Regulation_Pathways"
"R_Innate_immune_response","RAB5C","Immune_Regulation_Pathways"
"R_Innate_immune_response","RAB6A","Immune_Regulation_Pathways"
"R_Innate_immune_response","RAB7A","Immune_Regulation_Pathways"
"R_Innate_immune_response","RAB9B","Immune_Regulation_Pathways"
"R_Innate_immune_response","RAC1","Immune_Regulation_Pathways"
"R_Innate_immune_response","RAC2","Immune_Regulation_Pathways"
"R_Innate_immune_response","RAF1","Immune_Regulation_Pathways"
"R_Innate_immune_response","RAP1A","Immune_Regulation_Pathways"
"R_Innate_immune_response","RAP1B","Immune_Regulation_Pathways"
"R_Innate_immune_response","RAP2B","Immune_Regulation_Pathways"
"R_Innate_immune_response","RAP2C","Immune_Regulation_Pathways"
"R_Innate_immune_response","RASGRP1","Immune_Regulation_Pathways"
"R_Innate_immune_response","RASGRP2","Immune_Regulation_Pathways"
"R_Innate_immune_response","RASGRP4","Immune_Regulation_Pathways"
"R_Innate_immune_response","RBSN","Immune_Regulation_Pathways"
"R_Innate_immune_response","REG3A","Immune_Regulation_Pathways"
"R_Innate_immune_response","REG3G","Immune_Regulation_Pathways"
"R_Innate_immune_response","RELA","Immune_Regulation_Pathways"
"R_Innate_immune_response","RELB","Immune_Regulation_Pathways"
"R_Innate_immune_response","RETN","Immune_Regulation_Pathways"
"R_Innate_immune_response","RHOA","Immune_Regulation_Pathways"
"R_Innate_immune_response","RHOF","Immune_Regulation_Pathways"
"R_Innate_immune_response","RHOG","Immune_Regulation_Pathways"
"R_Innate_immune_response","RIPK1","Immune_Regulation_Pathways"
"R_Innate_immune_response","RIPK2","Immune_Regulation_Pathways"
"R_Innate_immune_response","RIPK3","Immune_Regulation_Pathways"
"R_Innate_immune_response","RNASE2","Immune_Regulation_Pathways"
"R_Innate_immune_response","RNASE3","Immune_Regulation_Pathways"
"R_Innate_immune_response","RNASE6","Immune_Regulation_Pathways"
"R_Innate_immune_response","RNASE7","Immune_Regulation_Pathways"
"R_Innate_immune_response","RNASE8","Immune_Regulation_Pathways"
"R_Innate_immune_response","RNASET2","Immune_Regulation_Pathways"
"R_Innate_immune_response","RNF125","Immune_Regulation_Pathways"
"R_Innate_immune_response","RNF135","Immune_Regulation_Pathways"
"R_Innate_immune_response","RNF216","Immune_Regulation_Pathways"
"R_Innate_immune_response","ROCK1","Immune_Regulation_Pathways"
"R_Innate_immune_response","RPS27A","Immune_Regulation_Pathways"
"R_Innate_immune_response","RPS6KA1","Immune_Regulation_Pathways"
"R_Innate_immune_response","RPS6KA2","Immune_Regulation_Pathways"
"R_Innate_immune_response","RPS6KA3","Immune_Regulation_Pathways"
"R_Innate_immune_response","RPS6KA5","Immune_Regulation_Pathways"
"R_Innate_immune_response","S100A1","Immune_Regulation_Pathways"
"R_Innate_immune_response","S100A11","Immune_Regulation_Pathways"
"R_Innate_immune_response","S100A12","Immune_Regulation_Pathways"
"R_Innate_immune_response","S100A7","Immune_Regulation_Pathways"
"R_Innate_immune_response","S100A7A","Immune_Regulation_Pathways"
"R_Innate_immune_response","S100A8","Immune_Regulation_Pathways"
"R_Innate_immune_response","S100A9","Immune_Regulation_Pathways"
"R_Innate_immune_response","S100B","Immune_Regulation_Pathways"
"R_Innate_immune_response","S100P","Immune_Regulation_Pathways"
"R_Innate_immune_response","SAA1","Immune_Regulation_Pathways"
"R_Innate_immune_response","SARM1","Immune_Regulation_Pathways"
"R_Innate_immune_response","SCAMP1","Immune_Regulation_Pathways"
"R_Innate_immune_response","SDCBP","Immune_Regulation_Pathways"
"R_Innate_immune_response","SELL","Immune_Regulation_Pathways"
"R_Innate_immune_response","SEM1","Immune_Regulation_Pathways"
"R_Innate_immune_response","SEMG1","Immune_Regulation_Pathways"
"R_Innate_immune_response","SERPINA1","Immune_Regulation_Pathways"
"R_Innate_immune_response","SERPINA3","Immune_Regulation_Pathways"
"R_Innate_immune_response","SERPINB1","Immune_Regulation_Pathways"
"R_Innate_immune_response","SERPINB10","Immune_Regulation_Pathways"
"R_Innate_immune_response","SERPINB12","Immune_Regulation_Pathways"
"R_Innate_immune_response","SERPINB3","Immune_Regulation_Pathways"
"R_Innate_immune_response","SERPINB6","Immune_Regulation_Pathways"
"R_Innate_immune_response","SERPING1","Immune_Regulation_Pathways"
"R_Innate_immune_response","SFTPA1","Immune_Regulation_Pathways"
"R_Innate_immune_response","SFTPA2","Immune_Regulation_Pathways"
"R_Innate_immune_response","SFTPD","Immune_Regulation_Pathways"
"R_Innate_immune_response","SHC1","Immune_Regulation_Pathways"
"R_Innate_immune_response","SIGIRR","Immune_Regulation_Pathways"
"R_Innate_immune_response","SIGLEC14","Immune_Regulation_Pathways"
"R_Innate_immune_response","SIGLEC15","Immune_Regulation_Pathways"
"R_Innate_immune_response","SIGLEC5","Immune_Regulation_Pathways"
"R_Innate_immune_response","SIGLEC9","Immune_Regulation_Pathways"
"R_Innate_immune_response","SIKE1","Immune_Regulation_Pathways"
"R_Innate_immune_response","SIRPA","Immune_Regulation_Pathways"
"R_Innate_immune_response","SIRPB1","Immune_Regulation_Pathways"
"R_Innate_immune_response","SKP1","Immune_Regulation_Pathways"
"R_Innate_immune_response","SLC11A1","Immune_Regulation_Pathways"
"R_Innate_immune_response","SLC15A4","Immune_Regulation_Pathways"
"R_Innate_immune_response","SLC27A2","Immune_Regulation_Pathways"
"R_Innate_immune_response","SLC2A3","Immune_Regulation_Pathways"
"R_Innate_immune_response","SLC2A5","Immune_Regulation_Pathways"
"R_Innate_immune_response","SLC44A2","Immune_Regulation_Pathways"
"R_Innate_immune_response","SLCO4C1","Immune_Regulation_Pathways"
"R_Innate_immune_response","SLPI","Immune_Regulation_Pathways"
"R_Innate_immune_response","SNAP23","Immune_Regulation_Pathways"
"R_Innate_immune_response","SNAP25","Immune_Regulation_Pathways"
"R_Innate_immune_response","SNAP29","Immune_Regulation_Pathways"
"R_Innate_immune_response","SOCS1","Immune_Regulation_Pathways"
"R_Innate_immune_response","SOS1","Immune_Regulation_Pathways"
"R_Innate_immune_response","SPTAN1","Immune_Regulation_Pathways"
"R_Innate_immune_response","SRC","Immune_Regulation_Pathways"
"R_Innate_immune_response","SRP14","Immune_Regulation_Pathways"
"R_Innate_immune_response","STAT6","Immune_Regulation_Pathways"
"R_Innate_immune_response","STBD1","Immune_Regulation_Pathways"
"R_Innate_immune_response","STING1","Immune_Regulation_Pathways"
"R_Innate_immune_response","STK10","Immune_Regulation_Pathways"
"R_Innate_immune_response","STK11IP","Immune_Regulation_Pathways"
"R_Innate_immune_response","STOM","Immune_Regulation_Pathways"
"R_Innate_immune_response","SUGT1","Immune_Regulation_Pathways"
"R_Innate_immune_response","SURF4","Immune_Regulation_Pathways"
"R_Innate_immune_response","SVIP","Immune_Regulation_Pathways"
"R_Innate_immune_response","SYK","Immune_Regulation_Pathways"
"R_Innate_immune_response","SYNGR1","Immune_Regulation_Pathways"
"R_Innate_immune_response","TAB1","Immune_Regulation_Pathways"
"R_Innate_immune_response","TAB2","Immune_Regulation_Pathways"
"R_Innate_immune_response","TAB3","Immune_Regulation_Pathways"
"R_Innate_immune_response","TANK","Immune_Regulation_Pathways"
"R_Innate_immune_response","TARM1","Immune_Regulation_Pathways"
"R_Innate_immune_response","TAX1BP1","Immune_Regulation_Pathways"
"R_Innate_immune_response","TBC1D10C","Immune_Regulation_Pathways"
"R_Innate_immune_response","TBK1","Immune_Regulation_Pathways"
"R_Innate_immune_response","TCIRG1","Immune_Regulation_Pathways"
"R_Innate_immune_response","TCN1","Immune_Regulation_Pathways"
"R_Innate_immune_response","TEC","Immune_Regulation_Pathways"
"R_Innate_immune_response","TICAM1","Immune_Regulation_Pathways"
"R_Innate_immune_response","TICAM2","Immune_Regulation_Pathways"
"R_Innate_immune_response","TIFA","Immune_Regulation_Pathways"
"R_Innate_immune_response","TIMP2","Immune_Regulation_Pathways"
"R_Innate_immune_response","TIRAP","Immune_Regulation_Pathways"
"R_Innate_immune_response","TKFC","Immune_Regulation_Pathways"
"R_Innate_immune_response","TLR1","Immune_Regulation_Pathways"
"R_Innate_immune_response","TLR10","Immune_Regulation_Pathways"
"R_Innate_immune_response","TLR2","Immune_Regulation_Pathways"
"R_Innate_immune_response","TLR3","Immune_Regulation_Pathways"
"R_Innate_immune_response","TLR4","Immune_Regulation_Pathways"
"R_Innate_immune_response","TLR5","Immune_Regulation_Pathways"
"R_Innate_immune_response","TLR6","Immune_Regulation_Pathways"
"R_Innate_immune_response","TLR7","Immune_Regulation_Pathways"
"R_Innate_immune_response","TLR8","Immune_Regulation_Pathways"
"R_Innate_immune_response","TLR9","Immune_Regulation_Pathways"
"R_Innate_immune_response","TMBIM1","Immune_Regulation_Pathways"
"R_Innate_immune_response","TMC6","Immune_Regulation_Pathways"
"R_Innate_immune_response","TMEM179B","Immune_Regulation_Pathways"
"R_Innate_immune_response","TMEM30A","Immune_Regulation_Pathways"
"R_Innate_immune_response","TMEM63A","Immune_Regulation_Pathways"
"R_Innate_immune_response","TNFAIP3","Immune_Regulation_Pathways"
"R_Innate_immune_response","TNFAIP6","Immune_Regulation_Pathways"
"R_Innate_immune_response","TNFRSF1B","Immune_Regulation_Pathways"
"R_Innate_immune_response","TNIP2","Immune_Regulation_Pathways"
"R_Innate_immune_response","TOLLIP","Immune_Regulation_Pathways"
"R_Innate_immune_response","TOM1","Immune_Regulation_Pathways"
"R_Innate_immune_response","TOMM70","Immune_Regulation_Pathways"
"R_Innate_immune_response","TRAF2","Immune_Regulation_Pathways"
"R_Innate_immune_response","TRAF3","Immune_Regulation_Pathways"
"R_Innate_immune_response","TRAF6","Immune_Regulation_Pathways"
"R_Innate_immune_response","TRAPPC1","Immune_Regulation_Pathways"
"R_Innate_immune_response","TREM1","Immune_Regulation_Pathways"
"R_Innate_immune_response","TREM2","Immune_Regulation_Pathways"
"R_Innate_immune_response","TREX1","Immune_Regulation_Pathways"
"R_Innate_immune_response","TRIM21","Immune_Regulation_Pathways"
"R_Innate_immune_response","TRIM25","Immune_Regulation_Pathways"
"R_Innate_immune_response","TRIM32","Immune_Regulation_Pathways"
"R_Innate_immune_response","TRIM4","Immune_Regulation_Pathways"
"R_Innate_immune_response","TRIM56","Immune_Regulation_Pathways"
"R_Innate_immune_response","TRPM2","Immune_Regulation_Pathways"
"R_Innate_immune_response","TSPAN14","Immune_Regulation_Pathways"
"R_Innate_immune_response","TTR","Immune_Regulation_Pathways"
"R_Innate_immune_response","TUBB","Immune_Regulation_Pathways"
"R_Innate_immune_response","TUBB4B","Immune_Regulation_Pathways"
"R_Innate_immune_response","TXK","Immune_Regulation_Pathways"
"R_Innate_immune_response","TXN","Immune_Regulation_Pathways"
"R_Innate_immune_response","TXNDC5","Immune_Regulation_Pathways"
"R_Innate_immune_response","TXNIP","Immune_Regulation_Pathways"
"R_Innate_immune_response","TYROBP","Immune_Regulation_Pathways"
"R_Innate_immune_response","UBA3","Immune_Regulation_Pathways"
"R_Innate_immune_response","UBA52","Immune_Regulation_Pathways"
"R_Innate_immune_response","UBA7","Immune_Regulation_Pathways"
"R_Innate_immune_response","UBB","Immune_Regulation_Pathways"
"R_Innate_immune_response","UBC","Immune_Regulation_Pathways"
"R_Innate_immune_response","UBE2D1","Immune_Regulation_Pathways"
"R_Innate_immune_response","UBE2D2","Immune_Regulation_Pathways"
"R_Innate_immune_response","UBE2D3","Immune_Regulation_Pathways"
"R_Innate_immune_response","UBE2K","Immune_Regulation_Pathways"
"R_Innate_immune_response","UBE2L6","Immune_Regulation_Pathways"
"R_Innate_immune_response","UBE2M","Immune_Regulation_Pathways"
"R_Innate_immune_response","UBE2N","Immune_Regulation_Pathways"
"R_Innate_immune_response","UBE2V1","Immune_Regulation_Pathways"
"R_Innate_immune_response","UBR4","Immune_Regulation_Pathways"
"R_Innate_immune_response","UNC13D","Immune_Regulation_Pathways"
"R_Innate_immune_response","UNC93B1","Immune_Regulation_Pathways"
"R_Innate_immune_response","VAMP8","Immune_Regulation_Pathways"
"R_Innate_immune_response","VAPA","Immune_Regulation_Pathways"
"R_Innate_immune_response","VAT1","Immune_Regulation_Pathways"
"R_Innate_immune_response","VAV1","Immune_Regulation_Pathways"
"R_Innate_immune_response","VAV2","Immune_Regulation_Pathways"
"R_Innate_immune_response","VAV3","Immune_Regulation_Pathways"
"R_Innate_immune_response","VCL","Immune_Regulation_Pathways"
"R_Innate_immune_response","VCP","Immune_Regulation_Pathways"
"R_Innate_immune_response","VNN1","Immune_Regulation_Pathways"
"R_Innate_immune_response","VPS35L","Immune_Regulation_Pathways"
"R_Innate_immune_response","VRK3","Immune_Regulation_Pathways"
"R_Innate_immune_response","VTN","Immune_Regulation_Pathways"
"R_Innate_immune_response","WAS","Immune_Regulation_Pathways"
"R_Innate_immune_response","WASF1","Immune_Regulation_Pathways"
"R_Innate_immune_response","WASF2","Immune_Regulation_Pathways"
"R_Innate_immune_response","WASF3","Immune_Regulation_Pathways"
"R_Innate_immune_response","WASL","Immune_Regulation_Pathways"
"R_Innate_immune_response","WIPF1","Immune_Regulation_Pathways"
"R_Innate_immune_response","WIPF2","Immune_Regulation_Pathways"
"R_Innate_immune_response","WIPF3","Immune_Regulation_Pathways"
"R_Innate_immune_response","XRCC5","Immune_Regulation_Pathways"
"R_Innate_immune_response","XRCC6","Immune_Regulation_Pathways"
"R_Innate_immune_response","YES1","Immune_Regulation_Pathways"
"R_Innate_immune_response","YPEL5","Immune_Regulation_Pathways"
"R_Innate_immune_response","ZBP1","Immune_Regulation_Pathways"
"R_Lectin_pathway","COLEC10","Immune_Regulation_Pathways"
"R_Lectin_pathway","COLEC11","Immune_Regulation_Pathways"
"R_Lectin_pathway","FCN1","Immune_Regulation_Pathways"
"R_Lectin_pathway","FCN2","Immune_Regulation_Pathways"
"R_Lectin_pathway","FCN3","Immune_Regulation_Pathways"
"R_Lectin_pathway","MASP1","Immune_Regulation_Pathways"
"R_Lectin_pathway","MASP2","Immune_Regulation_Pathways"
"R_Lectin_pathway","MBL2","Immune_Regulation_Pathways"
"R_Terminal_pathway","C5",NA
"R_Terminal_pathway","C6",NA
"R_Terminal_pathway","C7",NA
"R_Terminal_pathway","C8A",NA
"R_Terminal_pathway","C8B",NA
"R_Terminal_pathway","C8G",NA
"R_Terminal_pathway","C9",NA
"R_Terminal_pathway","CLU",NA
